lon,lat,source,country,substance,area_ha
-47.3543,-22.6146,ANM,BR,DIABÁSIO,48.1
-49.2049,-20.3159,ANM,BR,BASALTO,96.33
-51.9573,-23.4757,ANM,BR,BASALTO,19.8
-50.4904,-22.6036,ANM,BR,BASALTO,26.25
-51.4271,-23.4379,ANM,BR,BASALTO,17.95
-51.5203,-29.1793,ANM,BR,BASALTO,0.3
-48.2202,-18.7295,ANM,BR,BASALTO,180
-51.4274,-23.4411,ANM,BR,BASALTO,12.44
-51.4959,-27.1565,ANM,BR,DIABÁSIO P/ BRITA,49
-50.4778,-21.0523,ANM,BR,BASALTO,49.31
-52.0575,-17.4721,ANM,BR,BASALTO,601.95
-50.9747,-26.7929,ANM,BR,BASALTO,3.6
-51.0973,-26.9227,ANM,BR,BASALTO,20
-48.3239,-18.8754,ANM,BR,BASALTO,12.17
-47.5066,-22.5368,ANM,BR,BASALTO,49.88
-47.5897,-23.2601,ANM,BR,DIABÁSIO,171.74
-50.6391,-23.2232,ANM,BR,BASALTO,11.5
-47.2759,-22.6942,ANM,BR,DIABÁSIO,44.71
-51.0376,-29.8211,ANM,BR,BASALTO,49.29
-48.2692,-20.8771,ANM,BR,BASALTO,20.13
-50.3731,-26.0298,ANM,BR,BASALTO,715
-57.5337,-14.6421,ANM,BR,BASALTO,500
-54.0745,-28.3481,ANM,BR,BASALTO,12.18
-46.9749,-22.6969,ANM,BR,DIABÁSIO,71.91
-47.1755,-22.7666,ANM,BR,BASALTO,23.92
-50.3834,-27.8575,ANM,BR,BASALTO,33.38
-47.7738,-21.2489,ANM,BR,BASALTO,50
-47.3357,-22.8026,ANM,BR,DIABÁSIO,50
-51.2607,-28.853,ANM,BR,BASALTO,49.98
-50.051,-26.438,ANM,BR,DIABÁSIO,49
-52.1635,-25.6949,ANM,BR,BASALTO,14.04
-50.512,-24.786,ANM,BR,DIABÁSIO,50
-48.6191,-22.2618,ANM,BR,BASALTO,58
-53.1086,-26.063,ANM,BR,BASALTO,7.4
-54.6693,-20.3954,ANM,BR,BASALTO,43.21
-47.5896,-22.4852,ANM,BR,DIABÁSIO P/ BRITA,14.65
-47.4285,-22.2017,ANM,BR,BASALTO,17.09
-52.0658,-17.475,ANM,BR,BASALTO,250.82
-54.5927,-25.481,ANM,BR,BASALTO,49.7
-54.7831,-20.454,ANM,BR,BASALTO,575.92
-47.7289,-21.0674,ANM,BR,BASALTO,22.5
-52.0705,-27.1985,ANM,BR,BASALTO,12.18
-49.598,-22.884,ANM,BR,BASALTO,9.7
-47.8227,-20.5271,ANM,BR,BASALTO,45
-51.9668,-23.4868,ANM,BR,BASALTO,43.6
-52.1884,-23.5044,ANM,BR,BASALTO,42
-49.2049,-20.3139,ANM,BR,BASALTO,50.38
-50.4458,-27.9228,ANM,BR,BASALTO,100
-42.9165,-5.4878,ANM,BR,DIABÁSIO P/ BRITA,480
-51.3075,-20.6777,ANM,BR,BASALTO,50
-49.3399,-25.1721,ANM,BR,DIABÁSIO,12.69
-46.5875,-21.3246,ANM,BR,DIABÁSIO P/ BRITA,18.06
-55.1809,-21.6678,ANM,BR,BASALTO P/ BRITA,56
-47.5896,-22.4864,ANM,BR,DIABÁSIO P/ BRITA,14.24
-47.7911,-21.2617,ANM,BR,BASALTO,43.76
-50.1906,-20.4822,ANM,BR,BASALTO,337.92
-51.138,-23.4293,ANM,BR,BASALTO,572.5
-49.5535,-23.0892,ANM,BR,BASALTO,31.88
-51.7054,-24.1405,ANM,BR,BASALTO,20.25
-50.1673,-23.2721,ANM,BR,BASALTO,3.34
-50.9165,-26.76,ANM,BR,BASALTO,0.8
-52.4907,-29.6778,ANM,BR,BASALTO,500
-47.4711,-22.7242,ANM,BR,BASALTO,31.76
-47.4243,-22.2027,ANM,BR,BASALTO,15.59
-51.7492,-27.4173,ANM,BR,BASALTO,3.03
-56.8641,-29.5873,ANM,BR,BASALTO,5
-52.8317,-28.3504,ANM,BR,BASALTO,49.98
-51.4396,-29.1879,ANM,BR,BASALTO,50
-51.1316,-29.6324,ANM,BR,BASALTO P/ BRITA,15
-48.7468,-22.9549,ANM,BR,BASALTO,16.81
-47.0099,-20.9304,ANM,BR,DIABÁSIO P/ BRITA,21.79
-47.9276,-19.7022,ANM,BR,BASALTO,20.01
-48.6865,-22.6146,ANM,BR,BASALTO,50
-51.405,-27.1108,ANM,BR,BASALTO,36
-51.5016,-27.1995,ANM,BR,BASALTO,7.5
-50.8502,-29.6041,ANM,BR,BASALTO,14.49
-48.3269,-18.8777,ANM,BR,BASALTO,49.71
-51.0381,-23.2574,ANM,BR,BASALTO,34.38
-50.5193,-17.953,ANM,BR,BASALTO,50
-50.3928,-27.442,ANM,BR,BASALTO,44.18
-54.8867,-22.1572,ANM,BR,BASALTO P/ BRITA,16.82
-50.7999,-28.2925,ANM,BR,BASALTO,19.64
-51.8118,-27.1923,ANM,BR,BASALTO,2.25
-47.223,-22.5268,ANM,BR,BASALTO,7.8
-51.3672,-24.3539,ANM,BR,DIABÁSIO,49
-50.6759,-21.6066,ANM,BR,BASALTO,58
-51.0124,-17.9698,ANM,BR,BASALTO,49.98
-52.8042,-27.0906,ANM,BR,BASALTO,50
-50.7916,-28.2284,ANM,BR,BASALTO,2
-51.1342,-29.6344,ANM,BR,BASALTO,24.87
-53.6497,-26.6215,ANM,BR,BASALTO,49
-47.4421,-22.5321,ANM,BR,DIABÁSIO,24.51
-52.5201,-23.5966,ANM,BR,BASALTO,36
-53.109,-26.0606,ANM,BR,BASALTO,102.6
-47.3875,-22.6305,ANM,BR,DIABÁSIO,39.94
-47.0266,-22.0592,ANM,BR,BASALTO,49.78
-47.43,-22.2031,ANM,BR,DIABÁSIO,7.48
-47.3919,-21.6602,ANM,BR,BASALTO,2.12
-51.0816,-23.2534,ANM,BR,BASALTO,45.91
-47.9174,-19.6953,ANM,BR,BASALTO,47.99
-51.9909,-28.554,ANM,BR,BASALTO,0.32
-48.1678,-21.8708,ANM,BR,BASALTO,10.14
-52.0233,-25.5452,ANM,BR,BASALTO,40.12
-50.9727,-20.1059,ANM,BR,BASALTO,7.75
-52.4793,-28.8051,ANM,BR,BASALTO,48
-51.0282,-23.2147,ANM,BR,BASALTO P/ BRITA,49
-53.7537,-25.7332,ANM,BR,BASALTO,5.16
-51.633,-27.4378,ANM,BR,BASALTO,49.4
-50.1387,-26.4522,ANM,BR,DIABÁSIO,13.63
-50.9891,-26.7724,ANM,BR,BASALTO,49
-47.4974,-20.5801,ANM,BR,BASALTO,50
-51.4899,-29.6587,ANM,BR,BASALTO,3
-51.1895,-29.5161,ANM,BR,BASALTO,2.14
-49.9614,-27.0845,ANM,BR,GABRO,48
-54.0683,-24.5155,ANM,BR,BASALTO,50
-50.5629,-29.843,ANM,BR,BASALTO,4
-47.7847,-21.2488,ANM,BR,BASALTO,44.25
-51.8675,-22.6189,ANM,BR,BASALTO,50
-42.6512,-5.4419,ANM,BR,DIABÁSIO P/ BRITA,48.75
-50.8128,-28.0059,ANM,BR,BASALTO,4.74
-47.7781,-21.2496,ANM,BR,BASALTO,50
-50.7844,-24.3227,ANM,BR,DIABÁSIO,49
-57.4337,-14.7232,ANM,BR,BASALTO,50
-51.1293,-29.1825,ANM,BR,BASALTO,13.5
-42.644,-5.529,ANM,BR,DIABÁSIO,37.73
-43.0287,-6.8489,ANM,BR,DIABÁSIO,49.6
-49.0762,-21.6045,ANM,BR,BASALTO,20.25
-48.1739,-21.8726,ANM,BR,BASALTO,49.99
-53.213,-24.5912,ANM,BR,BASALTO,50
-52.644,-27.1143,ANM,BR,BASALTO,25
-51.406,-20.6438,ANM,BR,BASALTO,49.52
-49.3337,-25.176,ANM,BR,DIABÁSIO,6.3
-49.5244,-23.7662,ANM,BR,DIABÁSIO,50
-52.0613,-25.4143,ANM,BR,BASALTO,63
-51.2237,-20.0767,ANM,BR,BASALTO,375
-36.1703,-7.3313,ANM,BR,BASALTO,401
-48.2126,-21.8401,ANM,BR,BASALTO,48.94
-48.9061,-20.9,ANM,BR,BASALTO,48.78
-47.6946,-21.3151,ANM,BR,BASALTO,32.42
-47.7816,-21.2435,ANM,BR,BASALTO,50
-47.7538,-21.2682,ANM,BR,BASALTO,50
-53.5865,-25.51,ANM,BR,BASALTO,20
-53.1993,-18.5392,ANM,BR,BASALTO,12.3
-52.8282,-28.3502,ANM,BR,BASALTO,1.5
-52.487,-26.5722,ANM,BR,BASALTO,9.59
-51.4191,-23.5855,ANM,BR,BASALTO,31.85
-48.1768,-18.9915,ANM,BR,BASALTO,50
-51.3694,-25.371,ANM,BR,BASALTO,50
-54.0814,-28.3513,ANM,BR,BASALTO,24
-49.2426,-20.2862,ANM,BR,BASALTO,867
-52.8947,-24.5112,ANM,BR,BASALTO,50
-54.7781,-20.4404,ANM,BR,BASALTO,40.14
-54.8573,-20.4231,ANM,BR,BASALTO,50
-50.3932,-27.442,ANM,BR,BASALTO,4.42
-51.2261,-24.4531,ANM,BR,DIABÁSIO,49
-53.0361,-27.8137,ANM,BR,BASALTO,16.65
-50.5735,-24.0124,ANM,BR,DIABÁSIO,39
-47.019,-22.7621,ANM,BR,DIABÁSIO,49.82
-53.9319,-24.5574,ANM,BR,BASALTO,50
-51.2524,-24.4644,ANM,BR,DIABÁSIO,49
-53.8902,-25.204,ANM,BR,BASALTO,5.48
-47.8266,-20.5172,ANM,BR,BASALTO,23
-51.3799,-20.7451,ANM,BR,BASALTO,68.5
-50.5039,-24.7993,ANM,BR,DIABÁSIO,50
-50.2356,-24.9816,ANM,BR,DIABÁSIO,46.35
-50.668,-25.5535,ANM,BR,DIABÁSIO,4.71
-51.1755,-29.1051,ANM,BR,BASALTO P/ BRITA,376
-46.9336,-22.4896,ANM,BR,DIABÁSIO,49.88
-40.3725,-18.451,ANM,BR,GABRO,329
-50.3865,-27.8593,ANM,BR,BASALTO,47.96
-47.8299,-21.9026,ANM,BR,BASALTO,20.92
-50.7689,-24.4513,ANM,BR,DIABÁSIO,20
-51.5035,-25.4396,ANM,BR,BASALTO,48.79
-52.018,-23.6478,ANM,BR,BASALTO,50
-50.9887,-28.5195,ANM,BR,BASALTO,50
-51.2452,-26.6949,ANM,BR,BASALTO,50
-51.258,-26.9878,ANM,BR,BASALTO,8.09
-50.5798,-26.2453,ANM,BR,DIABÁSIO,50
-47.5825,-23.229,ANM,BR,DIABÁSIO,72
-49.447,-28.852,ANM,BR,BASALTO,3.71
-47.8304,-21.9036,ANM,BR,BASALTO,29.14
-49.4723,-18.9607,ANM,BR,BASALTO,4.04
-50.6795,-25.4404,ANM,BR,DIABÁSIO,50
-48.2893,-18.8263,ANM,BR,BASALTO,49
-55.2114,-23.328,ANM,BR,BASALTO,43.41
-50.6305,-25.5326,ANM,BR,DIABÁSIO,27.22
-51.0984,-26.3075,ANM,BR,DIABÁSIO P/ BRITA,49.98
-51.4877,-27.1459,ANM,BR,BASALTO P/ BRITA,2.7
-50.1273,-23.0655,ANM,BR,BASALTO,50
-51.7973,-28.5812,ANM,BR,BASALTO,4.44
-51.8722,-26.9793,ANM,BR,BASALTO,4.65
-50.7737,-25.4146,ANM,BR,DIABÁSIO,21.44
-52.5536,-26.0093,ANM,BR,BASALTO,50
-50.7801,-29.5365,ANM,BR,BASALTO,1.12
-49.6155,-28.0574,ANM,BR,BASALTO,49
-52.8572,-26.3713,ANM,BR,BASALTO,22.48
-50.5048,-19.0378,ANM,BR,BASALTO,28.4
-51.5377,-28.7518,ANM,BR,BASALTO,1.96
-50.5089,-29.7281,ANM,BR,BASALTO,2
-52.0907,-28.8633,ANM,BR,BASALTO,4
-52.1859,-28.855,ANM,BR,BASALTO,4
-51.7801,-28.133,ANM,BR,BASALTO,2.73
-53.1813,-28.6598,ANM,BR,BASALTO P/ BRITA,5.91
-47.7602,-23.1184,ANM,BR,DIABÁSIO,50
-52.3431,-24.0207,ANM,BR,BASALTO,18
-54.7778,-27.657,ANM,BR,BASALTO,1.6
-53.7709,-24.6923,ANM,BR,BASALTO,6.32
-52.5324,-25.8488,ANM,BR,BASALTO,10.68
-50.0586,-27.073,ANM,BR,DIABÁSIO,940.53
-47.8186,-20.5282,ANM,BR,BASALTO,36
-52.8639,-25.7306,ANM,BR,BASALTO,16.78
-50.9044,-20.3009,ANM,BR,BASALTO,30
-51.2363,-29.6418,ANM,BR,BASALTO,2.99
-50.5115,-29.9283,ANM,BR,BASALTO,1.25
-50.9075,-29.4343,ANM,BR,BASALTO,2
-51.5533,-28.7725,ANM,BR,BASALTO,1.97
-56.9788,-29.7554,ANM,BR,BASALTO,13.51
-51.1576,-29.6293,ANM,BR,BASALTO,18.45
-51.6601,-20.8865,ANM,BR,BASALTO,35
-51.3385,-26.8371,ANM,BR,BASALTO,5
-49.7673,-23.2136,ANM,BR,BASALTO,50
-52.8375,-25.1105,ANM,BR,BASALTO,8
-51.536,-28.774,ANM,BR,BASALTO,4.43
-52.2274,-27.6601,ANM,BR,BASALTO,35.99
-51.6576,-17.9345,ANM,BR,BASALTO,46.09
-53.1975,-18.5392,ANM,BR,BASALTO,35
-51.3385,-26.8371,ANM,BR,BASALTO,5
-49.3925,-28.5087,ANM,BR,DIABÁSIO,5
-47.4874,-20.5865,ANM,BR,BASALTO,15
-47.44,-21.756,ANM,BR,BASALTO,16.25
-53.5264,-24.2709,ANM,BR,BASALTO P/ BRITA,35.75
-51.5411,-28.8057,ANM,BR,BASALTO,1.99
-54.0727,-24.5753,ANM,BR,BASALTO P/ BRITA,4.9
-53.2487,-29.0956,ANM,BR,BASALTO,10.83
-51.5077,-28.7629,ANM,BR,BASALTO,19.26
-52.5208,-23.6574,ANM,BR,BASALTO,28.75
-46.9671,-21.0369,ANM,BR,BASALTO,49
-48.2935,-18.8261,ANM,BR,BASALTO,50
-54.767,-20.4288,ANM,BR,BASALTO,58.8
-50.5696,-27.2808,ANM,BR,BASALTO,19.97
-51.8414,-28.5666,ANM,BR,BASALTO,2
-52.7959,-26.3213,ANM,BR,BASALTO,0.62
-52.5373,-23.6625,ANM,BR,BASALTO,29.25
-42.7498,-6.089,ANM,BR,DIABÁSIO P/ BRITA,50
-50.5525,-24.1197,ANM,BR,DIABÁSIO,49
-53.5334,-26.7133,ANM,BR,BASALTO,50
-50.1233,-27.6197,ANM,BR,BASALTO,5
-50.8201,-27.95,ANM,BR,BASALTO,49.95
-51.8363,-28.606,ANM,BR,BASALTO,26.56
-54.2718,-24.7895,ANM,BR,BASALTO,16.03
-53.4714,-24.9988,ANM,BR,BASALTO P/ BRITA,37.84
-47.3202,-20.5798,ANM,BR,BASALTO,25.94
-54.1439,-24.3533,ANM,BR,BASALTO,13.73
-53.2162,-17.8576,ANM,BR,BASALTO,49.18
-52.6955,-27.623,ANM,BR,BASALTO,2.28
-51.6556,-28.8267,ANM,BR,BASALTO,1.92
-54.5075,-27.8791,ANM,BR,BASALTO,22.06
-51.4265,-23.4377,ANM,BR,BASALTO,19.4
-50.6765,-21.6033,ANM,BR,BASALTO,11.6
-52.8166,-26.3017,ANM,BR,BASALTO,38.98
-48.2172,-21.2106,ANM,BR,BASALTO,49
-52.3492,-27.2486,ANM,BR,BASALTO,5
-54.7926,-22.1141,ANM,BR,BASALTO,50
-50.7497,-28.0454,ANM,BR,BASALTO,11.97
-51.2789,-23.7423,ANM,BR,BASALTO,50
-51.846,-28.5936,ANM,BR,BASALTO,0.21
-51.3292,-29.1821,ANM,BR,BASALTO,7.1
-50.6475,-24.0887,ANM,BR,DIABÁSIO,49
-49.6297,-19.9879,ANM,BR,BASALTO,50
-56.4637,-14.3514,ANM,BR,BASALTO,20
-51.9245,-30.0978,ANM,BR,DIABÁSIO,1290.96
-49.597,-22.8859,ANM,BR,BASALTO,39.76
-52.1338,-26.477,ANM,BR,BASALTO,22.43
-52.9983,-26.8193,ANM,BR,BASALTO,4.15
-50.9133,-27.9902,ANM,BR,BASALTO,3
-46.93,-22.4928,ANM,BR,DIABÁSIO,47.28
-48.5674,-22.2303,ANM,BR,BASALTO,49.43
-48.5731,-22.4545,ANM,BR,BASALTO,29.99
-52.1768,-30.3426,ANM,BR,BASALTO,9.99
-52.8526,-29.5429,ANM,BR,BASALTO,18.9
-50.1888,-23.9161,ANM,BR,DIABÁSIO,49
-52.9371,-17.3692,ANM,BR,BASALTO,50
-50.8837,-26.4686,ANM,BR,BASALTO,2.12
-48.5627,-22.2382,ANM,BR,BASALTO,43.72
-50.9144,-21.4687,ANM,BR,BASALTO,50
-51.3573,-25.9859,ANM,BR,BASALTO,5.41
-51.8588,-28.6192,ANM,BR,BASALTO,1.8
-53.4784,-26.744,ANM,BR,BASALTO,8.98
-43.0222,-6.8564,ANM,BR,DIABÁSIO,46.86
-53.7692,-24.7527,ANM,BR,BASALTO,35.35
-54.2584,-25.1753,ANM,BR,BASALTO,12
-50.703,-24.5753,ANM,BR,DIABÁSIO,48.27
-51.5798,-29.1708,ANM,BR,BASALTO,3.3
-50.1662,-23.2722,ANM,BR,BASALTO,45.15
-48.3007,-18.7995,ANM,BR,BASALTO,49.99
-51.8274,-28.5869,ANM,BR,BASALTO,1.9
-49.2053,-21.829,ANM,BR,BASALTO,50
-53.2173,-26.7598,ANM,BR,BASALTO,24.25
-53.3767,-26.0005,ANM,BR,BASALTO,7.57
-51.5502,-28.7779,ANM,BR,BASALTO,2
-51.3387,-29.6558,ANM,BR,BASALTO,29.26
-50.0472,-26.4403,ANM,BR,DIABÁSIO,29.39
-52.4353,-25.3842,ANM,BR,BASALTO,49.51
-49.8509,-29.3904,ANM,BR,BASALTO,11.87
-48.4294,-22.7903,ANM,BR,BASALTO,30.58
-43.5676,-6.6813,ANM,BR,DIABÁSIO,34
-54.876,-20.4472,ANM,BR,BASALTO,10.88
-54.2593,-24.7858,ANM,BR,BASALTO,37.5
-50.9988,-28.6909,ANM,BR,BASALTO,1.83
-50.4919,-22.6044,ANM,BR,BASALTO,160.69
-47.9246,-19.699,ANM,BR,BASALTO,903.42
-49.2391,-21.8766,ANM,BR,BASALTO,255.25
-50.1779,-20.4637,ANM,BR,BASALTO P/ BRITA,49.6
-50.4083,-17.0837,ANM,BR,BASALTO,8.15
-51.413,-29.2074,ANM,BR,BASALTO,49.95
-51.4528,-29.2721,ANM,BR,BASALTO,18
-53.9845,-25.2564,ANM,BR,BASALTO,49
-51.9579,-23.4759,ANM,BR,BASALTO,30.53
-48.3289,-18.8837,ANM,BR,BASALTO P/ BRITA,206.4
-50.5445,-26.6664,ANM,BR,BASALTO,5
-50.7816,-25.9176,ANM,BR,BASALTO,25
-52.479,-28.3085,ANM,BR,BASALTO,2
-38.7724,-4.4653,ANM,BR,GABRO,11
-52.802,-27.0914,ANM,BR,BASALTO,17.2
-51.8247,-26.9489,ANM,BR,BASALTO,49.92
-51.749,-27.4145,ANM,BR,BASALTO,4.41
-51.0924,-23.044,ANM,BR,BASALTO,49.48
-53.5834,-25.1515,ANM,BR,BASALTO,37.35
-51.8105,-28.5623,ANM,BR,BASALTO,0.33
-51.5208,-28.8985,ANM,BR,BASALTO,1.96
-52.3035,-24.0454,ANM,BR,BASALTO,9
-50.7241,-23.3199,ANM,BR,BASALTO,48.77
-51.042,-23.2626,ANM,BR,BASALTO,5.32
-47.4378,-22.726,ANM,BR,DIABÁSIO,49.99
-51.1339,-29.6342,ANM,BR,BASALTO,8.85
-49.5534,-28.7066,ANM,BR,BASALTO,48.69
-51.4984,-25.4415,ANM,BR,BASALTO,36.18
-52.374,-23.1973,ANM,BR,BASALTO,42.75
-51.4151,-26.9896,ANM,BR,BASALTO,3.17
-54.0803,-28.3566,ANM,BR,BASALTO,24.15
-51.9899,-28.5831,ANM,BR,BASALTO,25
-47.282,-22.6947,ANM,BR,DIABÁSIO P/ BRITA,15.58
-46.9744,-22.6961,ANM,BR,DIABÁSIO,1.96
-51.5034,-25.4465,ANM,BR,BASALTO,48.26
-51.8679,-28.39,ANM,BR,BASALTO,1.95
-54.5181,-27.8679,ANM,BR,BASALTO P/ REVESTIMENTO,14.18
-50.2297,-21.1166,ANM,BR,BASALTO,27.1
-51.3001,-29.1935,ANM,BR,BASALTO,11.09
-50.6379,-25.5308,ANM,BR,DIABÁSIO,50
-48.2093,-21.8379,ANM,BR,BASALTO,27.41
-53.8068,-29.5773,ANM,BR,BASALTO,20
-51.9389,-23.4757,ANM,BR,BASALTO,40.75
-51.91,-23.3468,ANM,BR,BASALTO,200
-46.929,-22.4915,ANM,BR,DIABÁSIO,14.95
-50.7737,-25.4148,ANM,BR,GABRO,3.2
-51.4264,-23.4429,ANM,BR,BASALTO,17.38
-51.5778,-28.7425,ANM,BR,BASALTO,0.96
-48.3718,-23.5254,ANM,BR,DIABÁSIO,600
-51.3833,-23.4434,ANM,BR,BASALTO,49.21
-51.6404,-28.7526,ANM,BR,BASALTO,1.15
-51.2534,-26.3919,ANM,BR,BASALTO,46.65
-47.6423,-22.385,ANM,BR,DIABÁSIO,20.14
-50.4545,-24.0111,ANM,BR,DIABÁSIO,44.21
-51.5032,-28.7474,ANM,BR,BASALTO,1.25
-50.78,-28.0491,ANM,BR,BASALTO,5.81
-51.4573,-22.6022,ANM,BR,BASALTO,48.82
-47.1708,-22.7669,ANM,BR,BASALTO P/ BRITA,21.56
-47.4851,-22.9337,ANM,BR,BASALTO,50
-49.805,-21.2874,ANM,BR,BASALTO,212.25
-52.1039,-29.4121,ANM,BR,BASALTO P/ BRITA,20
-60.7375,2.9524,ANM,BR,BASALTO,48
-51.9628,-23.4699,ANM,BR,BASALTO,49.69
-51.8289,-29.3139,ANM,BR,BASALTO,2
-51.2583,-29.7235,ANM,BR,BASALTO,49.97
-49.9396,-23.1354,ANM,BR,BASALTO,50
-48.7852,-22.3603,ANM,BR,BASALTO,49.85
-50.2757,-28.0343,ANM,BR,BASALTO,2.31
-52.4551,-26.8878,ANM,BR,BASALTO,3
-54.2001,-25.3341,ANM,BR,BASALTO,36.01
-53.4662,-25.0083,ANM,BR,BASALTO,50
-48.7848,-22.3604,ANM,BR,BASALTO,14
-51.9405,-23.4826,ANM,BR,BASALTO,11.55
-51.43,-23.4399,ANM,BR,BASALTO,45.66
-47.6998,-21.0772,ANM,BR,BASALTO,45
-46.9761,-22.6971,ANM,BR,DIABÁSIO,8.89
-49.4755,-18.9592,ANM,BR,BASALTO,49.83
-52.6041,-23.4864,ANM,BR,BASALTO,71.5
-50.1572,-21.2757,ANM,BR,BASALTO,17.76
-53.7475,-29.5871,ANM,BR,BASALTO P/ BRITA,37.75
-53.2143,-26.7606,ANM,BR,BASALTO,6
-54.2677,-24.7853,ANM,BR,BASALTO,44
-51.1588,-28.3552,ANM,BR,BASALTO P/ REVESTIMENTO,7.8
-54.5941,-25.4866,ANM,BR,BASALTO,49.18
-50.735,-24.1672,ANM,BR,DIABÁSIO,48.94
-42.1921,-14.2136,ANM,BR,GABRO,500
-50.351,-27.2359,ANM,BR,BASALTO,3.3
-51.7251,-23.525,ANM,BR,BASALTO,50
-51.9968,-27.9508,ANM,BR,BASALTO,9
-50.9712,-26.7354,ANM,BR,BASALTO,42.33
-50.3908,-27.8645,ANM,BR,BASALTO,49.89
-51.4169,-29.2063,ANM,BR,BASALTO,24.94
-52.4829,-25.4841,ANM,BR,BASALTO,50
-49.6102,-27.3546,ANM,BR,DIABÁSIO,36.95
-54.2222,-25.3428,ANM,BR,BASALTO,13.99
-52.5816,-27.1698,ANM,BR,BASALTO,14.2
-52.0134,-28.5374,ANM,BR,BASALTO,4
-54.7708,-20.4461,ANM,BR,BASALTO,50
-53.2868,-26.3381,ANM,BR,BASALTO,3.48
-52.2509,-27.2268,ANM,BR,BASALTO,3.49
-41.9743,-20.1812,ANM,BR,GABRO,537.5
-51.7617,-24.8021,ANM,BR,BASALTO,23.1
-51.532,-25.2675,ANM,BR,BASALTO,50
-53.9953,-25.2599,ANM,BR,BASALTO,26.56
-56.452,-14.3626,ANM,BR,BASALTO,30.5
-50.7904,-24.3093,ANM,BR,DIABÁSIO,49
-50.237,-21.115,ANM,BR,BASALTO,13.26
-51.2777,-24.4051,ANM,BR,DIABÁSIO,49
-51.4264,-28.7521,ANM,BR,BASALTO,1.77
-51.8299,-28.5998,ANM,BR,BASALTO,1.7
-48.9108,-21.6653,ANM,BR,BASALTO,24
-47.7643,-21.9576,ANM,BR,BASALTO,48
-50.5772,-24.2258,ANM,BR,DIABÁSIO,49
-50.2545,-29.845,ANM,BR,BASALTO P/ BRITA,29
-55.584,-28.6072,ANM,BR,BASALTO,13.98
-51.5214,-28.7322,ANM,BR,BASALTO,4
-54.0838,-27.4163,ANM,BR,BASALTO,4.5
-53.7602,-25.6412,ANM,BR,BASALTO,50
-50.4956,-27.158,ANM,BR,BASALTO,5
-54.8231,-22.1442,ANM,BR,BASALTO,43.33
-51.6661,-25.4279,ANM,BR,BASALTO,39.9
-52.2868,-25.9673,ANM,BR,BASALTO,2.24
-51.9653,-25.1136,ANM,BR,DIABÁSIO,49
-48.2726,-23.1416,ANM,BR,DIABÁSIO,50
-51.9626,-23.4784,ANM,BR,BASALTO,49.38
-51.1666,-24.463,ANM,BR,DIABÁSIO,49
-51.8205,-28.5729,ANM,BR,BASALTO,0.46
-50.2269,-23.9196,ANM,BR,DIABÁSIO,5.81
-49.6634,-17.8975,ANM,BR,BASALTO,28.38
-53.2162,-17.8551,ANM,BR,BASALTO,15
-53.2823,-16.9839,ANM,BR,BASALTO,19.98
-53.1211,-27.8987,ANM,BR,BASALTO,2.84
-49.7448,-17.7676,ANM,BR,BASALTO,3.5
-38.7703,-4.4635,ANM,BR,GABRO,42
-51.8364,-28.6025,ANM,BR,BASALTO,18.68
-53.5867,-25.1487,ANM,BR,BASALTO,8.35
-49.3144,-18.3757,ANM,BR,BASALTO,44
-54.7717,-22.1107,ANM,BR,BASALTO,50
-54.6707,-20.3926,ANM,BR,BASALTO,30.04
-51.1132,-19.8216,ANM,BR,BASALTO,30
-43.9644,-6.587,ANM,BR,BASALTO,48.95
-51.9347,-23.4769,ANM,BR,BASALTO P/ BRITA,48.77
-51.0925,-23.253,ANM,BR,BASALTO,29
-52.3678,-27.8469,ANM,BR,BASALTO,3.42
-51.4264,-28.7506,ANM,BR,BASALTO,1.08
-51.8802,-28.2384,ANM,BR,BASALTO,11
-51.5467,-28.7895,ANM,BR,BASALTO,1.56
-41.9995,-6.1884,ANM,BR,DIABÁSIO,4
-50.5434,-26.6822,ANM,BR,BASALTO,10
-36.2624,-6.8794,ANM,BR,BASALTO,186.13
-50.8872,-29.7181,ANM,BR,BASALTO,1
-48.3327,-18.8771,ANM,BR,BASALTO,45.42
-52.0903,-27.0507,ANM,BR,BASALTO,2
-50.5519,-27.2695,ANM,BR,BASALTO,29.21
-51.833,-23.5697,ANM,BR,BASALTO,50
-52.0093,-26.8875,ANM,BR,BASALTO,9.47
-50.9933,-28.6832,ANM,BR,BASALTO,0.92
-50.9,-20.3003,ANM,BR,BASALTO,29.84
-42.6453,-5.5252,ANM,BR,DIABÁSIO P/ BRITA,10.11
-51.0099,-29.2396,ANM,BR,BASALTO,4.22
-53.9296,-29.6254,ANM,BR,BASALTO,8.33
-53.4919,-29.3937,ANM,BR,BASALTO,0.66
-51.3393,-27.0982,ANM,BR,BASALTO,3.05
-51.6904,-28.7654,ANM,BR,BASALTO,1.92
-50.9574,-26.1828,ANM,BR,BASALTO,21.06
-51.1061,-26.9898,ANM,BR,BASALTO,10
-52.855,-26.6349,ANM,BR,BASALTO,0.6
-51.1156,-18.556,ANM,BR,BASALTO,50
-51.8353,-28.5668,ANM,BR,BASALTO,1.98
-53.2877,-26.3377,ANM,BR,BASALTO,3.47
-48.3987,-20.7587,ANM,BR,BASALTO,50
-51.5274,-28.7232,ANM,BR,BASALTO,1.55
-51.8435,-29.601,ANM,BR,BASALTO,9.37
-52.0154,-29.3297,ANM,BR,BASALTO,1
-51.8217,-28.5706,ANM,BR,BASALTO,1.24
-46.8994,-22.3289,ANM,BR,DIABÁSIO,50
-48.3974,-20.7586,ANM,BR,BASALTO,12.5
-52.8959,-24.5152,ANM,BR,BASALTO,46.06
-50.0094,-28.3918,ANM,BR,BASALTO,5
-48.8944,-22.3048,ANM,BR,BASALTO,30
-52.2626,-29.0121,ANM,BR,BASALTO,1.03
-51.5386,-28.7882,ANM,BR,BASALTO,2
-52.0652,-27.1956,ANM,BR,BASALTO,15.01
-50.1588,-21.2799,ANM,BR,BASALTO,14.39
-51.5886,-28.8638,ANM,BR,BASALTO,1.97
-51.8843,-28.5747,ANM,BR,BASALTO,1.83
-51.8401,-28.5829,ANM,BR,BASALTO,2
-52.1372,-26.4765,ANM,BR,BASALTO,3.91
-53.6679,-24.6699,ANM,BR,BASALTO,3.95
-50.8195,-24.8356,ANM,BR,DIABÁSIO,49
-49.6107,-28.7558,ANM,BR,BASALTO,34.18
-50.503,-29.7358,ANM,BR,BASALTO,0.5
-53.0753,-29.3004,ANM,BR,BASALTO,4.79
-47.6515,-21.9418,ANM,BR,DIABÁSIO,50
-51.641,-28.7766,ANM,BR,BASALTO,2
-54.8516,-20.4194,ANM,BR,BASALTO,22
-53.1006,-26.9981,ANM,BR,BASALTO,2.13
-47.6867,-21.3148,ANM,BR,DIABÁSIO P/ BRITA,36.24
-51.5309,-28.7841,ANM,BR,BASALTO,2
-48.7426,-22.9532,ANM,BR,BASALTO,10.61
-50.5183,-24.5078,ANM,BR,DIABÁSIO,49
-48.6884,-22.6167,ANM,BR,BASALTO,49.94
-52.1187,-28.8738,ANM,BR,BASALTO,4
-52.3464,-27.0788,ANM,BR,BASALTO,3.51
-51.9811,-26.8675,ANM,BR,BASALTO,12.62
-50.5801,-19.771,ANM,BR,BASALTO,14.99
-53.8021,-27.6515,ANM,BR,BASALTO,4.99
-51.9873,-26.8688,ANM,BR,BASALTO,12.77
-50.7002,-24.5788,ANM,BR,DIABÁSIO,9
-50.7917,-28.0562,ANM,BR,BASALTO,5
-51.7877,-28.5837,ANM,BR,BASALTO,1.74
-51.5355,-28.7806,ANM,BR,BASALTO,1.96
-52.2098,-24.264,ANM,BR,BASALTO,30.5
-51.2643,-24.4205,ANM,BR,DIABÁSIO,49
-52.3421,-24.0179,ANM,BR,BASALTO,49.05
-53.4708,-26.7459,ANM,BR,BASALTO,0.5
-51.6058,-28.878,ANM,BR,BASALTO,1.98
-47.4415,-22.7029,ANM,BR,DIABÁSIO,49.35
-54.9339,-28.8652,ANM,BR,BASALTO,9.88
-51.6056,-25.1373,ANM,BR,DIABÁSIO,49
-52.4779,-28.3086,ANM,BR,BASALTO,16.34
-51.1594,-29.6329,ANM,BR,BASALTO,3.5
-51.5416,-28.778,ANM,BR,BASALTO,1.99
-51.2167,-29.1979,ANM,BR,BASALTO,3.25
-55.2168,-22.4097,ANM,BR,BASALTO,13.76
-51.8422,-28.5559,ANM,BR,BASALTO,3.67
-54.7377,-28.4117,ANM,BR,BASALTO,10
-52.7985,-27.0895,ANM,BR,BASALTO,49.99
-50.3462,-27.277,ANM,BR,BASALTO,49.49
-52.3609,-28.2556,ANM,BR,BASALTO,13.94
-53.2698,-26.3272,ANM,BR,BASALTO,11.96
-57.851,-14.7013,ANM,BR,GABRO,49.98
-51.1142,-28.9112,ANM,BR,BASALTO,11.75
-48.2405,-18.7077,ANM,BR,BASALTO,5
-53.0355,-26.9437,ANM,BR,BASALTO,1.57
-54.8145,-20.449,ANM,BR,BASALTO,47.03
-51.6175,-28.8763,ANM,BR,BASALTO,5.8
-52.0062,-28.5396,ANM,BR,BASALTO,0.3
-51.842,-28.5554,ANM,BR,BASALTO,1.08
-53.1879,-26.8998,ANM,BR,BASALTO,0.8
-53.4684,-28.2573,ANM,BR,DIABÁSIO,1.95
-42.1093,-14.2492,ANM,BR,DIABÁSIO,84
-52.1201,-29.0169,ANM,BR,BASALTO,0.95
-51.8396,-28.5875,ANM,BR,BASALTO,1.45
-50.3292,-27.8372,ANM,BR,BASALTO,5.2
-51.5073,-28.6897,ANM,BR,BASALTO,2
-50.1821,-20.4672,ANM,BR,BASALTO,40.45
-48.5633,-22.2324,ANM,BR,BASALTO,49.48
-51.5689,-28.8705,ANM,BR,BASALTO,1.97
-50.1832,-29.7787,ANM,BR,BASALTO,6.2
-52.8351,-25.1104,ANM,BR,BASALTO,5.28
-51.8024,-27.9276,ANM,BR,BASALTO,1
-49.9512,-26.8451,ANM,BR,DIABÁSIO,34.22
-51.5171,-28.8385,ANM,BR,BASALTO,1.95
-51.334,-29.1975,ANM,BR,BASALTO,4.92
-50.1527,-27.5813,ANM,BR,BASALTO,5
-42.793,-5.4077,ANM,BR,DIABÁSIO,24.33
-50.3703,-26.0555,ANM,BR,DIABÁSIO,28.77
-49.8557,-23.6574,ANM,BR,DIABÁSIO,7.5
-55.756,-29.8423,ANM,BR,BASALTO,10
-49.2298,-20.3296,ANM,BR,BASALTO,50
-52.3313,-27.4555,ANM,BR,BASALTO,1.99
-53.9951,-24.5366,ANM,BR,BASALTO,1.8
-49.795,-27.8927,ANM,BR,BASALTO,50
-53.3851,-27.491,ANM,BR,BASALTO,1.95
-53.5116,-26.5665,ANM,BR,BASALTO,50
-50.0816,-27.1255,ANM,BR,DIABÁSIO,381.11
-52.1615,-29.097,ANM,BR,BASALTO,1.9
-51.5596,-28.7326,ANM,BR,BASALTO,1.89
-54.876,-20.4454,ANM,BR,BASALTO,6.17
-50.281,-24.1242,ANM,BR,DIABÁSIO,4.93
-49.9035,-22.9964,ANM,BR,BASALTO P/ BRITA,13.41
-53.6348,-26.2984,ANM,BR,BASALTO,49.89
-47.481,-20.5916,ANM,BR,BASALTO,50
-47.3759,-6.3293,ANM,BR,BASALTO,50
-48.5019,-21.8507,ANM,BR,BASALTO,49.94
-53.3771,-27.3735,ANM,BR,BASALTO,0.97
-51.5444,-28.8189,ANM,BR,BASALTO,2
-53.011,-26.7606,ANM,BR,BASALTO,0.5
-47.5551,-6.6458,ANM,BR,BASALTO,49.99
-50.5173,-17.0252,ANM,BR,BASALTO,49.4
-51.5626,-28.773,ANM,BR,BASALTO,1.76
-51.8131,-28.5707,ANM,BR,BASALTO,1.96
-54.8698,-20.4773,ANM,BR,BASALTO,47.14
-51.5202,-28.7363,ANM,BR,BASALTO,2
-51.7028,-28.7852,ANM,BR,BASALTO,4.1
-51.7677,-28.1978,ANM,BR,BASALTO,1.48
-51.5736,-28.7147,ANM,BR,BASALTO,3.77
-48.5533,-21.4382,ANM,BR,BASALTO,49.96
-42.251,-14.3251,ANM,BR,GABRO,297.89
-53.5774,-25.3683,ANM,BR,BASALTO,26
-53.0309,-19.0679,ANM,BR,BASALTO,22.67
-50.2418,-24.9761,ANM,BR,DIABÁSIO,49.98
-41.5762,-7.0333,ANM,BR,DIABÁSIO,3.95
-55.7527,-29.8419,ANM,BR,BASALTO,12
-50.424,-27.6664,ANM,BR,BASALTO,18.25
-50.9737,-20.1041,ANM,BR,BASALTO,31.61
-53.6047,-27.3466,ANM,BR,BASALTO,1.54
-50.5468,-26.6635,ANM,BR,BASALTO,8.14
-50.1715,-29.7645,ANM,BR,BASALTO,5.17
-47.7022,-21.0796,ANM,BR,BASALTO,45
-52.3663,-29.7557,ANM,BR,BASALTO,10
-53.3767,-27.3671,ANM,BR,BASALTO,7.87
-51.617,-29.1717,ANM,BR,BASALTO,8.38
-49.8461,-29.3919,ANM,BR,BASALTO,1.82
-52.8403,-25.9284,ANM,BR,BASALTO,7.75
-52.7178,-26.7379,ANM,BR,BASALTO,3
-51.5421,-28.7341,ANM,BR,BASALTO,1.97
-51.5571,-28.768,ANM,BR,BASALTO,1.87
-51.5433,-28.8281,ANM,BR,BASALTO,2
-48.0512,-5.6544,ANM,BR,BASALTO,10.04
-51.8231,-28.5662,ANM,BR,BASALTO,1.83
-47.8203,-20.5193,ANM,BR,BASALTO,34
-50.799,-23.6907,ANM,BR,DIABÁSIO,4.97
-41.9686,-14.5933,ANM,BR,GABRO,223.01
-53.435,-26.2722,ANM,BR,BASALTO,1.56
-49.6674,-29.1137,ANM,BR,BASALTO,12.38
-53.6497,-26.6215,ANM,BR,BASALTO,49
-48.2136,-21.834,ANM,BR,BASALTO,50
-50.7742,-24.4507,ANM,BR,DIABÁSIO,48.08
-54.8258,-20.454,ANM,BR,BASALTO,49.94
-52.0193,-29.4232,ANM,BR,BASALTO,1.5
-51.5333,-28.8354,ANM,BR,BASALTO,1.93
-51.8482,-28.5571,ANM,BR,BASALTO,1.93
-51.4837,-27.3062,ANM,BR,BASALTO,50
-48.2859,-22.4114,ANM,BR,BASALTO,33
-51.8408,-28.5729,ANM,BR,BASALTO,1.75
-50.4912,-29.7253,ANM,BR,BASALTO,1.52
-52.0664,-22.8707,ANM,BR,BASALTO P/ BRITA,31.28
-56.4643,-14.3522,ANM,BR,BASALTO,15.1
-54.2529,-24.7967,ANM,BR,BASALTO,3.12
-51.5051,-28.7636,ANM,BR,BASALTO,1.98
-49.4305,-28.4591,ANM,BR,DIABÁSIO,4.97
-50.57,-26.8953,ANM,BR,BASALTO,18.12
-51.6226,-28.9188,ANM,BR,BASALTO,0.96
-51.8318,-28.5994,ANM,BR,BASALTO,0.99
-50.1387,-26.4522,ANM,BR,DIABÁSIO,13.52
-52.017,-28.5433,ANM,BR,BASALTO,1.9
-52.6596,-29.2462,ANM,BR,BASALTO,14.5
-54.2588,-24.9147,ANM,BR,BASALTO,49.95
-47.365,-22.6131,ANM,BR,DIABÁSIO P/ BRITA,24.5
-47.3822,-6.3994,ANM,BR,BASALTO,50
-50.3908,-26.8975,ANM,BR,BASALTO,3
-47.3632,-6.3912,ANM,BR,BASALTO,13.49
-51.1078,-26.9906,ANM,BR,BASALTO,23.93
-53.2878,-26.3368,ANM,BR,BASALTO,3.47
-53.5483,-24.5851,ANM,BR,BASALTO,4.95
-51.9788,-27.2952,ANM,BR,BASALTO,10.61
-50.5021,-29.7366,ANM,BR,BASALTO,2
-51.5204,-28.7426,ANM,BR,BASALTO,2
-50.8664,-25.2051,ANM,BR,DIABÁSIO,48.92
-49.7421,-24.2397,ANM,BR,DIABÁSIO,7.62
-41.8195,-3.9162,ANM,BR,DIABÁSIO,50
-54.7668,-28.1254,ANM,BR,BASALTO,12.55
-53.0727,-26.3991,ANM,BR,BASALTO,1.2
-51.538,-28.814,ANM,BR,BASALTO,2
-51.5401,-29.7621,ANM,BR,BASALTO,48.37
-51.5467,-28.7782,ANM,BR,BASALTO,2
-54.9773,-20.4201,ANM,BR,BASALTO,50
-54.2655,-24.7897,ANM,BR,BASALTO,35.42
-50.5059,-29.7413,ANM,BR,BASALTO,0.8
-53.47,-24.9955,ANM,BR,BASALTO,22.19
-51.7986,-28.5788,ANM,BR,BASALTO,1.02
-50.2353,-24.9821,ANM,BR,DIABÁSIO,3.68
-54.0805,-28.3526,ANM,BR,BASALTO,9.63
-54.8217,-20.4563,ANM,BR,BASALTO,49.94
-52.5786,-19.4632,ANM,BR,BASALTO,49.94
-52.1889,-23.3766,ANM,BR,BASALTO,32
-49.7936,-21.2884,ANM,BR,BASALTO,49.72
-51.8252,-23.5722,ANM,BR,BASALTO,25.8
-54.0443,-28.4221,ANM,BR,BASALTO,1.9
-53.2041,-24.5487,ANM,BR,BASALTO,4.85
-49.5502,-28.5876,ANM,BR,BASALTO,4.93
-52.6713,-27.6927,ANM,BR,BASALTO,1.98
-43.4754,-21.3212,ANM,BR,GABRO,167.22
-47.6427,-22.3866,ANM,BR,DIABÁSIO,3.73
-52.8611,-25.7319,ANM,BR,BASALTO,49.25
-53.4733,-24.9948,ANM,BR,BASALTO,28.62
-47.5419,-22.9813,ANM,BR,DIABÁSIO,4.63
-53.9297,-29.6266,ANM,BR,BASALTO,9.35
-51.8101,-28.5679,ANM,BR,BASALTO,1.49
-53.4394,-29.4611,ANM,BR,BASALTO,0.95
-51.5276,-26.1529,ANM,BR,BASALTO,6.07
-51.6709,-24.3675,ANM,BR,BASALTO,12.45
-53.5834,-25.1484,ANM,BR,BASALTO,33
-52.7263,-26.735,ANM,BR,BASALTO,0.53
-51.8048,-28.5731,ANM,BR,BASALTO,1.44
-53.3752,-27.3055,ANM,BR,BASALTO,19.56
-55.501,-30.8621,ANM,BR,BASALTO,4.47
-53.205,-26.9472,ANM,BR,BASALTO,1.91
-43.0443,-6.8566,ANM,BR,DIABÁSIO,49.99
-53.6064,-27.3461,ANM,BR,BASALTO,2.44
-51.1852,-26.9123,ANM,BR,BASALTO,3
-54.5454,-25.5911,ANM,BR,BASALTO,11.72
-50.9206,-29.454,ANM,BR,BASALTO,19.61
-50.7663,-24.508,ANM,BR,DIABÁSIO,49
-54.1337,-27.5296,ANM,BR,BASALTO,2.01
-51.8362,-28.5968,ANM,BR,BASALTO,2
-51.8738,-28.431,ANM,BR,BASALTO,1.95
-51.6622,-25.4351,ANM,BR,BASALTO,44.92
-51.958,-27.1967,ANM,BR,BASALTO,11.25
-53.549,-25.7801,ANM,BR,BASALTO,4
-54.6547,-28.2901,ANM,BR,BASALTO,1.31
-50.0736,-25.9058,ANM,BR,DIABÁSIO,29
-52.5231,-26.6798,ANM,BR,BASALTO,2
-51.6298,-23.5888,ANM,BR,BASALTO,34.68
-48.2383,-18.7071,ANM,BR,BASALTO,32.08
-53.4356,-29.4439,ANM,BR,BASALTO,1.87
-53.7805,-27.6525,ANM,BR,BASALTO,0.66
-51.0599,-29.1034,ANM,BR,BASALTO,9.41
-54.0894,-28.3601,ANM,BR,BASALTO,11
-48.7472,-22.1446,ANM,BR,BASALTO,3.59
-42.608,-5.4662,ANM,BR,DIABÁSIO,30.48
-53.4805,-26.7419,ANM,BR,BASALTO,39.49
-51.5359,-28.7302,ANM,BR,BASALTO,1.9
-52.561,-26.0142,ANM,BR,BASALTO,24
-53.8566,-27.7938,ANM,BR,BASALTO,0.53
-50.4618,-27.228,ANM,BR,BASALTO,16.92
-52.7769,-26.9569,ANM,BR,BASALTO,50
-54.9594,-22.1287,ANM,BR,BASALTO,50
-53.5151,-24.441,ANM,BR,BASALTO,4.84
-53.0472,-27.3134,ANM,BR,BASALTO,1.47
-49.4469,-28.8507,ANM,BR,BASALTO,14.3
-51.1009,-23.6237,ANM,BR,BASALTO,10.95
-52.3634,-18.9254,ANM,BR,BASALTO,49.95
-50.7586,-24.2723,ANM,BR,DIABÁSIO,48.9
-51.1958,-27.4047,ANM,BR,BASALTO,49.86
-51.0488,-29.6346,ANM,BR,BASALTO,16.53
-51.8425,-28.5584,ANM,BR,BASALTO,1.98
-52.9305,-26.4434,ANM,BR,BASALTO,11.99
-49.7242,-28.3079,ANM,BR,BASALTO,19.99
-52.2324,-29.3291,ANM,BR,BASALTO,0.8
-51.5366,-28.7444,ANM,BR,BASALTO,1.99
-54.1689,-27.4856,ANM,BR,BASALTO,1.87
-46.153,-6.7516,ANM,BR,BASALTO,49.97
-48.8494,-22.3944,ANM,BR,BASALTO,35.25
-50.5361,-19.8149,ANM,BR,BASALTO,41.45
-55.2845,-30.085,ANM,BR,BASALTO,6.09
-51.1563,-26.9717,ANM,BR,BASALTO,10.26
-51.6514,-28.7703,ANM,BR,BASALTO,1.08
-52.7259,-26.7346,ANM,BR,BASALTO,0.53
-54.5395,-28.5938,ANM,BR,BASALTO,1.23
-50.2583,-27.8537,ANM,BR,BASALTO,25.87
-52.4905,-29.6626,ANM,BR,BASALTO,18.3
-53.9425,-27.4911,ANM,BR,BASALTO,1.46
-49.4622,-14.6939,ANM,BR,GABRO,480.38
-52.3593,-28.256,ANM,BR,BASALTO,5.3
-50.825,-28.0967,ANM,BR,BASALTO,28.61
-51.1642,-23.3884,ANM,BR,BASALTO,43.77
-49.8943,-21.0689,ANM,BR,BASALTO,49.04
-51.7207,-28.7544,ANM,BR,BASALTO,2
-53.5964,-25.1443,ANM,BR,BASALTO,36.05
-51.6991,-27.2127,ANM,BR,BASALTO,29.68
-44.0909,-6.0119,ANM,BR,DIABÁSIO,12.35
-47.7106,-22.6429,ANM,BR,DIABÁSIO P/ BRITA,50
-51.9577,-29.3246,ANM,BR,BASALTO,1.97
-52.6605,-26.9583,ANM,BR,BASALTO,39.67
-51.652,-28.7539,ANM,BR,BASALTO,2
-43.4283,-5.2535,ANM,BR,DIABÁSIO,11.02
-51.5242,-28.7801,ANM,BR,BASALTO,1.68
-49.2308,-19.9475,ANM,BR,BASALTO,48.91
-53.3632,-28.5514,ANM,BR,BASALTO,2
-50.7181,-24.2688,ANM,BR,DIABÁSIO,41.44
-53.1829,-28.3668,ANM,BR,BASALTO,2.01
-47.1582,-6.3753,ANM,BR,BASALTO,48.77
-52.204,-29.3226,ANM,BR,BASALTO,0.5
-51.0474,-28.8831,ANM,BR,BASALTO,9
-51.8454,-28.6117,ANM,BR,BASALTO,1.95
-54.0921,-22.9692,ANM,BR,BASALTO,20.38
-56.9987,-29.753,ANM,BR,BASALTO,18
-53.2071,-25.4318,ANM,BR,BASALTO,2.9
-49.4824,-24.1692,ANM,BR,DIABÁSIO,16.54
-54.7564,-20.4548,ANM,BR,BASALTO,50
-54.8771,-20.4468,ANM,BR,BASALTO,88.86
-51.6477,-28.8118,ANM,BR,BASALTO,2
-50.7699,-28.0052,ANM,BR,BASALTO,41.28
-53.5047,-26.4984,ANM,BR,BASALTO,9.99
-53.2984,-28.518,ANM,BR,BASALTO,2
-53.3922,-29.4099,ANM,BR,BASALTO,0.84
-54.1999,-24.6373,ANM,BR,BASALTO,6.47
-54.532,-25.6106,ANM,BR,BASALTO,3.22
-53.2884,-28.212,ANM,BR,BASALTO,2
-51.8056,-28.566,ANM,BR,BASALTO,1.35
-47.4132,-23.1256,ANM,BR,DIABÁSIO,19.99
-42.6447,-5.5298,ANM,BR,DIABÁSIO,30
-48.3438,-18.7041,ANM,BR,BASALTO,18.98
-54.4448,-19.8768,ANM,BR,BASALTO,50
-51.8975,-27.4126,ANM,BR,BASALTO,4.82
-53.2899,-28.1874,ANM,BR,BASALTO,2
-50.7315,-29.6353,ANM,BR,BASALTO,2
-54.8219,-20.8168,ANM,BR,BASALTO,14.68
-52.3414,-29.7653,ANM,BR,BASALTO,1.34
-52.024,-28.4864,ANM,BR,BASALTO,2
-53.0618,-26.5455,ANM,BR,BASALTO,5.03
-53.3107,-24.3111,ANM,BR,BASALTO P/ BRITA,29
-51.4273,-27.0221,ANM,BR,BASALTO,15.72
-53.7728,-24.7517,ANM,BR,BASALTO,4.99
-50.9948,-26.3134,ANM,BR,BASALTO,6.97
-50.4927,-29.7246,ANM,BR,BASALTO,0.89
-52.3657,-29.7064,ANM,BR,BASALTO,5.91
-52.9922,-26.0554,ANM,BR,BASALTO,30.68
-51.5191,-28.7496,ANM,BR,BASALTO,1.98
-52.3003,-24.0457,ANM,BR,BASALTO,49.64
-51.6487,-28.7742,ANM,BR,BASALTO,2
-51.8449,-28.5846,ANM,BR,BASALTO,1.97
-50.5008,-29.7356,ANM,BR,BASALTO,0.81
-52.4556,-26.8865,ANM,BR,BASALTO,5.02
-50.5004,-29.7251,ANM,BR,BASALTO,1.89
-53.9674,-27.5994,ANM,BR,BASALTO,3.7
-52.2711,-29.3317,ANM,BR,BASALTO,0.5
-51.5932,-28.8949,ANM,BR,BASALTO,3.68
-51.8421,-28.5621,ANM,BR,BASALTO,7.81
-49.5401,-19.1835,ANM,BR,BASALTO,19.87
-47.0162,-20.9282,ANM,BR,GABRO,49.85
-53.5909,-26.4247,ANM,BR,BASALTO,2.54
-52.3911,-27.6023,ANM,BR,BASALTO,3.54
-52.5484,-28.7178,ANM,BR,BASALTO,1.42
-51.4398,-29.1793,ANM,BR,BASALTO,1.2
-51.3269,-29.0275,ANM,BR,BASALTO,4.66
-49.2557,-20.2408,ANM,BR,BASALTO,30
-50.4764,-18.4919,ANM,BR,BASALTO,49.47
-51.8414,-29.0317,ANM,BR,BASALTO,6.76
-51.2127,-28.5222,ANM,BR,BASALTO,2
-54.2003,-25.3343,ANM,BR,BASALTO,13.99
-53.64,-26.494,ANM,BR,BASALTO,1.44
-51.1852,-28.8785,ANM,BR,BASALTO,1.84
-52.7694,-26.9582,ANM,BR,BASALTO,4.83
-52.4583,-26.8886,ANM,BR,BASALTO,3
-50.982,-28.8728,ANM,BR,BASALTO,4
-55.209,-23.3298,ANM,BR,BASALTO,36.89
-52.1278,-28.9577,ANM,BR,BASALTO,1.46
-52.9569,-28.8935,ANM,BR,BASALTO,4.14
-51.6533,-28.7874,ANM,BR,BASALTO,2
-42.6512,-5.4459,ANM,BR,BASALTO,13.79
-53.8429,-24.3508,ANM,BR,BASALTO,35.21
-50.801,-28.2911,ANM,BR,BASALTO,1.78
-54.1019,-28.3539,ANM,BR,BASALTO,13.95
-52.5353,-27.3668,ANM,BR,BASALTO,5.12
-51.2451,-27.2263,ANM,BR,BASALTO,49.77
-49.0088,-28.5231,ANM,BR,DIABÁSIO,3.55
-47.5854,-23.1939,ANM,BR,BASALTO,49.93
-52.3093,-28.3659,ANM,BR,BASALTO,12.16
-51.6969,-28.7696,ANM,BR,BASALTO,0.7
-53.0737,-27.587,ANM,BR,BASALTO,0.96
-51.1249,-26.1818,ANM,BR,BASALTO,4.99
-50.4326,-29.7486,ANM,BR,BASALTO,0.9
-51.075,-26.8815,ANM,BR,BASALTO,49.64
-51.1214,-28.2711,ANM,BR,BASALTO,0.75
-47.7802,-22.8334,ANM,BR,DIABÁSIO,19.77
-51.8589,-23.9597,ANM,BR,BASALTO,6.64
-51.8534,-28.608,ANM,BR,BASALTO,4.95
-51.7169,-28.7608,ANM,BR,BASALTO,0.5
-44.1286,-6.0525,ANM,BR,BASALTO,50
-51.0807,-29.3474,ANM,BR,BASALTO,2.52
-50.3273,-18.2713,ANM,BR,BASALTO,44.3
-51.6381,-28.7746,ANM,BR,BASALTO,2
-54.4441,-25.4787,ANM,BR,BASALTO,10.63
-52.6147,-17.441,ANM,BR,BASALTO,47.95
-53.9992,-24.4508,ANM,BR,BASALTO,5
-51.7643,-27.221,ANM,BR,BASALTO,3.87
-54.7391,-20.4207,ANM,BR,BASALTO,17.68
-51.9084,-23.3387,ANM,BR,BASALTO,5
-53.3102,-24.3091,ANM,BR,BASALTO,5
-51.2324,-28.9129,ANM,BR,BASALTO,1.8
-53.3286,-25.7506,ANM,BR,BASALTO,13.43
-51.9228,-29.5037,ANM,BR,BASALTO P/ BRITA,49.95
-53.0453,-27.2535,ANM,BR,BASALTO,1.68
-51.8044,-28.5424,ANM,BR,BASALTO,0.85
-53.0733,-26.571,ANM,BR,BASALTO,3.58
-51.7656,-27.376,ANM,BR,BASALTO,3.77
-50.8345,-28.4181,ANM,BR,BASALTO,1.04
-50.4809,-29.8072,ANM,BR,BASALTO,1.04
-50.494,-29.7337,ANM,BR,BASALTO,1.5
-50.8837,-26.4686,ANM,BR,BASALTO,2.12
-51.5011,-29.6837,ANM,BR,BASALTO,43.87
-51.6582,-20.8961,ANM,BR,BASALTO,17.65
-53.1006,-26.9981,ANM,BR,BASALTO,2.13
-51.6234,-24.5159,ANM,BR,BASALTO,49.17
-51.7423,-29.6203,ANM,BR,DIABÁSIO,1.59
-54.0843,-27.415,ANM,BR,BASALTO P/ BRITA,5
-48.0585,-5.6517,ANM,BR,BASALTO,28.83
-51.2412,-27.665,ANM,BR,BASALTO,7
-52.1142,-25.7664,ANM,BR,BASALTO,5
-51.8434,-28.5619,ANM,BR,BASALTO,1.53
-51.3753,-28.548,ANM,BR,BASALTO,2.01
-52.9715,-28.8961,ANM,BR,BASALTO,1.64
-50.5606,-29.8758,ANM,BR,BASALTO P/ BRITA,9.96
-51.4273,-28.9969,ANM,BR,BASALTO,2
-54.8808,-29.4179,ANM,BR,BASALTO,1.99
-51.7016,-29.677,ANM,BR,BASALTO,4.93
-52.2886,-28.4058,ANM,BR,BASALTO,5
-52.7233,-26.3112,ANM,BR,BASALTO,32.98
-51.0681,-28.9881,ANM,BR,BASALTO,7
-50.5652,-27.6391,ANM,BR,BASALTO,17.82
-53.7535,-25.7333,ANM,BR,BASALTO,43.74
-50.6984,-23.1852,ANM,BR,BASALTO,8.65
-51.5156,-28.7575,ANM,BR,BASALTO,1.7
-53.7726,-24.7536,ANM,BR,BASALTO,2.51
-52.9949,-26.0479,ANM,BR,BASALTO,27.89
-50.5909,-17.9065,ANM,BR,BASALTO,45.68
-50.787,-28.4831,ANM,BR,BASALTO,4.82
-49.2426,-17.7864,ANM,BR,BASALTO,26.11
-49.2356,-17.7889,ANM,BR,BASALTO,48.21
-54.0727,-24.5147,ANM,BR,BASALTO,7.25
-50.2706,-26.6441,ANM,BR,BASALTO,2.6
-53.1259,-26.0736,ANM,BR,BASALTO,5.91
-51.0906,-23.2489,ANM,BR,BASALTO,17.21
-47.4893,-20.5954,ANM,BR,BASALTO,19.41
-49.3096,-23.6583,ANM,BR,DIABÁSIO,14.42
-52.3329,-26.3845,ANM,BR,BASALTO,16.8
-52.1539,-29.0272,ANM,BR,BASALTO,5
-51.5265,-26.152,ANM,BR,BASALTO,4.58
-52.2125,-29.5792,ANM,BR,BASALTO,5
-51.5706,-28.7462,ANM,BR,BASALTO,4.1
-51.2884,-29.6514,ANM,BR,BASALTO,48.15
-53.3409,-28.4652,ANM,BR,BASALTO,2
-51.5874,-29.2293,ANM,BR,BASALTO,4.72
-51.5248,-23.6115,ANM,BR,BASALTO,20.11
-42.7951,-5.4068,ANM,BR,DIABÁSIO,17.12
-52.667,-26.9563,ANM,BR,BASALTO,33.51
-54.0896,-22.97,ANM,BR,BASALTO,15.31
-51.6057,-28.8662,ANM,BR,BASALTO,1.92
-49.2346,-17.7795,ANM,BR,BASALTO,24.82
-51.8351,-28.5926,ANM,BR,BASALTO,1.68
-52.1045,-27.5147,ANM,BR,BASALTO,4.89
-49.3185,-28.4534,ANM,BR,BASALTO,9.47
-54.6743,-13.7214,ANM,BR,BASALTO,49.02
-52.782,-28.3181,ANM,BR,BASALTO,4.6
-54.4413,-19.8784,ANM,BR,BASALTO,49.96
-53.2529,-29.622,ANM,BR,BASALTO,0.54
-51.52,-28.7504,ANM,BR,BASALTO,1.97
-51.8251,-28.5781,ANM,BR,BASALTO,1.36
-48.5696,-21.4368,ANM,BR,BASALTO,47.32
-49.2231,-20.3305,ANM,BR,BASALTO,50
-53.6034,-27.3482,ANM,BR,BASALTO,2.49
-51.8403,-28.5725,ANM,BR,BASALTO,1.69
-49.4443,-28.8506,ANM,BR,BASALTO,24.54
-50.8162,-24.1826,ANM,BR,DIABÁSIO,49
-44.4274,-19.3611,ANM,BR,BASALTO,45.55
-53.4901,-29.6122,ANM,BR,BASALTO,4.93
-52.9285,-28.9242,ANM,BR,BASALTO,1.89
-50.5284,-25.8211,ANM,BR,BASALTO,16.25
-54.3843,-19.4303,ANM,BR,BASALTO,49.5
-50.1884,-29.7731,ANM,BR,BASALTO,0.74
-48.8989,-22.3062,ANM,BR,BASALTO,18.97
-52.0144,-28.5355,ANM,BR,BASALTO,1.89
-50.3854,-27.8679,ANM,BR,BASALTO,50
-51.8451,-28.593,ANM,BR,BASALTO,1.99
-49.4144,-18.9194,ANM,BR,BASALTO,21.79
-47.3931,-21.6608,ANM,BR,BASALTO,1.82
-50.4835,-21.0516,ANM,BR,BASALTO,44.9
-52.6891,-26.9858,ANM,BR,BASALTO,49.95
-50.378,-24.1747,ANM,BR,DIABÁSIO,31.86
-51.8378,-27.8023,ANM,BR,BASALTO,4.97
-51.5519,-28.7464,ANM,BR,BASALTO,1.93
-54.3411,-28.4269,ANM,BR,BASALTO,4.72
-53.0292,-26.8247,ANM,BR,BASALTO,10
-54.7681,-22.1092,ANM,BR,BASALTO,49.46
-47.4398,-22.5322,ANM,BR,BASALTO,2.01
-50.2459,-24.9904,ANM,BR,DIABÁSIO,49.94
-51.5414,-28.7379,ANM,BR,BASALTO,1.21
-51.5134,-23.7158,ANM,BR,BASALTO,48.32
-47.314,-21.7794,ANM,BR,BASALTO,9.19
-51.0868,-23.6558,ANM,BR,BASALTO,13.14
-52.1999,-27.5944,ANM,BR,BASALTO,17.33
-52.9987,-29.3637,ANM,BR,BASALTO,1.95
-47.8319,-21.899,ANM,BR,BASALTO,20.57
-50.3893,-26.9915,ANM,BR,BASALTO,6.05
-49.9504,-27.337,ANM,BR,DIABÁSIO,2.88
-44.7359,-22.4449,ANM,BR,BASALTO,15.02
-54.8326,-20.4259,ANM,BR,BASALTO,50
-54.7604,-20.4552,ANM,BR,BASALTO,50
-42.659,-5.5631,ANM,BR,DIABÁSIO,49.56
-54.0806,-28.3572,ANM,BR,BASALTO,23.78
-54.0909,-28.3629,ANM,BR,BASALTO,9.07
-54.2834,-27.6307,ANM,BR,BASALTO,2.07
-53.6981,-27.1002,ANM,BR,BASALTO,9.53
-51.8508,-28.8187,ANM,BR,BASALTO,1.85
-53.7702,-25.8597,ANM,BR,BASALTO,49.52
-51.5413,-28.8221,ANM,BR,BASALTO,1.98
-51.5178,-28.7661,ANM,BR,BASALTO,1.5
-52.4509,-29.5397,ANM,BR,BASALTO,0.65
-54.1321,-27.5282,ANM,BR,BASALTO,1.85
-51.5305,-28.772,ANM,BR,BASALTO,5
-51.6714,-24.3693,ANM,BR,BASALTO,15.3
-43.3035,-21.3579,ANM,BR,GABRO,36.62
-52.4509,-27.7237,ANM,BR,BASALTO,2
-54.0834,-28.3628,ANM,BR,BASALTO,9.93
-52.2035,-29.3556,ANM,BR,BASALTO,0.5
-51.8487,-28.5562,ANM,BR,BASALTO,1.02
-50.9864,-26.9963,ANM,BR,BASALTO,2.91
-51.1157,-26.7736,ANM,BR,BASALTO,1.57
-52.6194,-26.0479,ANM,BR,BASALTO,35.49
-56.4021,-30.4097,ANM,BR,BASALTO,9.92
-37.103,-6.5866,ANM,BR,GABRO,39.92
-49.4289,-23.215,ANM,BR,BASALTO,50
-50.5787,-21.181,ANM,BR,BASALTO,50
-51.2094,-28.8155,ANM,BR,BASALTO,3.78
-49.0031,-21.6856,ANM,BR,BASALTO,43.51
-50.4873,-29.7237,ANM,BR,BASALTO,3.28
-53.3222,-26.5241,ANM,BR,BASALTO,8.96
-52.2526,-28.8245,ANM,BR,BASALTO,2.93
-54.0932,-28.3826,ANM,BR,BASALTO,2
-52.9169,-29.0117,ANM,BR,BASALTO,0.33
-55.0086,-28.419,ANM,BR,BASALTO,4.99
-51.8451,-28.5864,ANM,BR,BASALTO,1.86
-54.5336,-25.6215,ANM,BR,BASALTO,2.02
-47.0903,-21.6652,ANM,BR,DIABÁSIO,13.3
-50.4881,-27.5866,ANM,BR,BASALTO,6.1
-54.9648,-29.3958,ANM,BR,BASALTO,4.98
-51.2589,-26.9868,ANM,BR,BASALTO,16.56
-51.8211,-29.6004,ANM,BR,BASALTO,1.92
-52.1833,-29.3199,ANM,BR,BASALTO,0.5
-51.0841,-23.6554,ANM,BR,BASALTO,8.26
-53.3867,-28.2513,ANM,BR,BASALTO,1.4
-53.717,-27.3475,ANM,BR,BASALTO,5
-50.4971,-29.7339,ANM,BR,BASALTO,1.94
-54.3308,-27.6816,ANM,BR,BASALTO,1.92
-52.7186,-27.5077,ANM,BR,BASALTO,2.48
-52.1971,-28.8745,ANM,BR,BASALTO,5
-51.0778,-29.6515,ANM,BR,BASALTO,7.32
-52.5461,-29.6732,ANM,BR,BASALTO,2.34
-51.9729,-29.2388,ANM,BR,BASALTO,1.87
-54.1349,-27.5295,ANM,BR,BASALTO,1.87
-51.9555,-23.4728,ANM,BR,BASALTO,38.49
-54.9046,-29.2392,ANM,BR,BASALTO,17.54
-50.9486,-26.1839,ANM,BR,BASALTO,10.6
-51.6475,-29.7004,ANM,BR,BASALTO,12.61
-49.4822,-24.1692,ANM,BR,DIABÁSIO,2.47
-49.3255,-18.1822,ANM,BR,BASALTO,49.69
-47.4285,-22.4344,ANM,BR,BASALTO,9.12
-54.2528,-24.796,ANM,BR,BASALTO,5.09
-52.3753,-29.749,ANM,BR,BASALTO,7.26
-51.6479,-29.7001,ANM,BR,BASALTO P/ BRITA,366.8
-51.1777,-27.3949,ANM,BR,BASALTO,48.44
-50.7239,-28.0807,ANM,BR,BASALTO,39.61
-52.7613,-29.1936,ANM,BR,BASALTO,1.98
-51.5334,-28.782,ANM,BR,BASALTO,5
-53.5046,-28.2157,ANM,BR,BASALTO,0.83
-48.8393,-26.025,ANM,BR,DIABÁSIO,24.01
-52.3222,-23.9304,ANM,BR,BASALTO,21.6
-51.842,-28.5633,ANM,BR,BASALTO,1.79
-49.6975,-23.8601,ANM,BR,DIABÁSIO,0.78
-50.0742,-27.2822,ANM,BR,DIABÁSIO,43.54
-51.5201,-28.7409,ANM,BR,BASALTO,2.63
-51.1543,-29.63,ANM,BR,BASALTO,27.11
-53.2404,-29.095,ANM,BR,BASALTO,1.11
-43.4552,-6.9352,ANM,BR,DIABÁSIO,18.77
-51.5521,-28.7093,ANM,BR,BASALTO,4.64
-53.6037,-25.1448,ANM,BR,BASALTO,38.56
-48.3975,-20.7552,ANM,BR,BASALTO,10.64
-53.1101,-25.7834,ANM,BR,BASALTO,8.58
-54.7067,-28.1595,ANM,BR,BASALTO,4.95
-52.0436,-28.5202,ANM,BR,BASALTO,5
-54.5214,-27.8654,ANM,BR,BASALTO,5
-51.2071,-28.8165,ANM,BR,BASALTO,1.91
-50.8075,-17.7104,ANM,BR,BASALTO,42.33
-52.9154,-27.5432,ANM,BR,BASALTO,5.87
-51.6619,-20.897,ANM,BR,BASALTO,16.87
-52.3076,-28.3678,ANM,BR,BASALTO,10.01
-52.9624,-28.8975,ANM,BR,BASALTO,1.66
-48.2232,-18.8351,ANM,BR,BASALTO,46.95
-53.064,-27.2546,ANM,BR,BASALTO,0.94
-51.8203,-28.5719,ANM,BR,BASALTO,2.5
-53.5589,-26.8342,ANM,BR,BASALTO,50
-42.7852,-5.4268,ANM,BR,DIABÁSIO,48.78
-52.0295,-28.5632,ANM,BR,BASALTO,3.17
-52.2051,-27.3917,ANM,BR,BASALTO,0.5
-54.76,-28.1285,ANM,BR,BASALTO,12.09
-52.998,-29.7474,ANM,BR,BASALTO,2.21
-51.5409,-28.7354,ANM,BR,BASALTO,1.14
-53.2521,-27.9249,ANM,BR,BASALTO,3.52
-52.7173,-26.8177,ANM,BR,BASALTO,7.08
-49.8159,-29.3739,ANM,BR,BASALTO,5
-47.4267,-22.4334,ANM,BR,BASALTO,49.99
-47.5864,-23.253,ANM,BR,DIABÁSIO,108
-54.5446,-25.5903,ANM,BR,BASALTO,4.08
-53.589,-25.1488,ANM,BR,BASALTO,6.63
-52.1164,-28.8742,ANM,BR,BASALTO,3.43
-53.5437,-27.3478,ANM,BR,BASALTO,4.74
-51.0236,-25.254,ANM,BR,DIABÁSIO,3.2
-47.7097,-22.6386,ANM,BR,DIABÁSIO,28.9
-52.1408,-28.852,ANM,BR,BASALTO,4.95
-38.7725,-4.4709,ANM,BR,GABRO,8.75
-51.9499,-29.3002,ANM,BR,BASALTO,1.93
-52.6182,-26.0446,ANM,BR,BASALTO,9.07
-54.7712,-28.1251,ANM,BR,BASALTO,5
-53.3447,-27.3389,ANM,BR,BASALTO,5
-53.4355,-29.4448,ANM,BR,BASALTO,2.97
-52.5518,-26.5192,ANM,BR,BASALTO,10.02
-54.5092,-27.8774,ANM,BR,BASALTO,49.9
-49.331,-25.1719,ANM,BR,DIABÁSIO,59.36
-51.8019,-27.9276,ANM,BR,BASALTO,2.27
-49.3339,-25.1712,ANM,BR,DIABÁSIO,331.12
-49.9702,-26.8621,ANM,BR,DIABÁSIO,863.69
-51.2748,-25.4064,ANM,BR,BASALTO,48.48
-53.9765,-28.8018,ANM,BR,BASALTO,2
-53.4685,-28.2576,ANM,BR,DIABÁSIO,1.36
-52.2635,-29.0117,ANM,BR,BASALTO,1.03
-51.8391,-29.2893,ANM,BR,BASALTO,2.18
-36.2253,-6.8976,ANM,BR,BASALTO,372.6
-52.2485,-29.3954,ANM,BR,BASALTO,1.5
-49.0789,-21.6058,ANM,BR,BASALTO,47.83
-50.4593,-29.73,ANM,BR,BASALTO,2.77
-51.2774,-28.8753,ANM,BR,BASALTO,2
-52.6509,-26.299,ANM,BR,BASALTO,15.52
-52.8494,-27.0681,ANM,BR,BASALTO,4
-52.09,-28.8806,ANM,BR,BASALTO,1.99
-53.2548,-29.141,ANM,BR,BASALTO,1.99
-53.8313,-27.5515,ANM,BR,BASALTO,4.27
-51.5967,-28.6663,ANM,BR,BASALTO,1.96
-52.4893,-23.6209,ANM,BR,BASALTO,2.49
-51.936,-23.4783,ANM,BR,BASALTO P/ BRITA,81.38
-51.6392,-28.7757,ANM,BR,BASALTO,0.55
-53.6988,-27.4947,ANM,BR,BASALTO,1.44
-47.4301,-21.7826,ANM,BR,BASALTO,49.38
-48.429,-22.7927,ANM,BR,BASALTO,25.13
-47.4377,-22.7162,ANM,BR,DIABÁSIO,13
-52.0637,-27.2007,ANM,BR,BASALTO,49.95
-52.093,-22.9211,ANM,BR,BASALTO,23
-54.1257,-27.7342,ANM,BR,BASALTO,1.22
-51.5245,-28.7809,ANM,BR,BASALTO,3.29
-53.2431,-26.7649,ANM,BR,BASALTO,21.31
-50.7282,-29.33,ANM,BR,BASALTO,4.82
-51.056,-29.3415,ANM,BR,BASALTO,5.28
-54.8539,-20.4155,ANM,BR,BASALTO,50
-49.0784,-21.6061,ANM,BR,BASALTO,1.86
-51.8905,-28.57,ANM,BR,BASALTO,4.06
-51.5029,-28.7472,ANM,BR,BASALTO,2.72
-53.3393,-25.0618,ANM,BR,BASALTO,12.4
-51.8194,-27.1105,ANM,BR,BASALTO,4.67
-48.3314,-18.879,ANM,BR,BASALTO,7.3
-50.7701,-24.3854,ANM,BR,DIABÁSIO,13.46
-51.4359,-28.7373,ANM,BR,BASALTO,5
-48.2522,-21.1622,ANM,BR,BASALTO,8.16
-53.5693,-25.7825,ANM,BR,BASALTO,34.97
-55.2863,-30.0865,ANM,BR,BASALTO,3.05
-53.4881,-27.4116,ANM,BR,BASALTO,0.5
-50.4937,-29.7252,ANM,BR,BASALTO,0.99
-51.7097,-27.1557,ANM,BR,BASALTO,4.61
-48.838,-22.5761,ANM,BR,BASALTO,25.69
-53.4929,-26.4366,ANM,BR,BASALTO,1.67
-53.2492,-27.9257,ANM,BR,BASALTO,2.13
-51.7796,-27.3587,ANM,BR,BASALTO,11.06
-51.8266,-23.576,ANM,BR,BASALTO,23.83
-51.2894,-24.4394,ANM,BR,DIABÁSIO,49
-49.1945,-18.6188,ANM,BR,BASALTO,1.91
-50.7386,-26.3492,ANM,BR,DIABÁSIO,5
-52.0812,-27.2273,ANM,BR,BASALTO,9.15
-50.2287,-21.1338,ANM,BR,BASALTO,50
-51.7045,-24.1371,ANM,BR,BASALTO,10
-49.8362,-24.0254,ANM,BR,DIABÁSIO P/ BRITA,17.5
-51.4085,-20.6688,ANM,BR,BASALTO,50
-51.3417,-29.6535,ANM,BR,BASALTO,4.83
-50.8185,-24.4486,ANM,BR,DIABÁSIO,49
-49.9571,-26.8773,ANM,BR,DIABÁSIO,42.69
-50.7066,-29.6246,ANM,BR,BASALTO,1.17
-52.6834,-27.5199,ANM,BR,BASALTO,2.93
-54.4353,-19.8805,ANM,BR,BASALTO,49.17
-51.3415,-29.6519,ANM,BR,BASALTO,4.89
-51.5637,-28.7477,ANM,BR,BASALTO,5
-41.9977,-6.1884,ANM,BR,DIABÁSIO,4
-52.8159,-26.3011,ANM,BR,BASALTO,50
-52.5774,-17.582,ANM,BR,BASALTO,48.97
-53.7988,-29.5814,ANM,BR,BASALTO,49.88
-51.996,-29.3626,ANM,BR,BASALTO,4.14
-49.7448,-17.7676,ANM,BR,BASALTO,3.5
-52.8514,-3.4269,ANM,BR,GABRO,10
-53.0466,-27.33,ANM,BR,BASALTO,4.96
-50.309,-24.3912,ANM,BR,DIABÁSIO,4.66
-52.1816,-28.5225,ANM,BR,BASALTO,5
-52.5087,-28.6968,ANM,BR,BASALTO,4.58
-42.1779,-3.9379,ANM,BR,DIABÁSIO,50
-53.1143,-27.8908,ANM,BR,BASALTO,3.34
-53.0147,-28.8892,ANM,BR,BASALTO,1.17
-51.7696,-27.6451,ANM,BR,BASALTO,4.98
-53.5402,-28.2352,ANM,BR,BASALTO,4.94
-51.8304,-28.5773,ANM,BR,BASALTO,3.16
-51.0458,-29.6366,ANM,BR,BASALTO,4.98
-53.4804,-26.7418,ANM,BR,BASALTO,1.54
-53.0144,-28.8892,ANM,BR,BASALTO,0.55
-54.7083,-28.1584,ANM,BR,BASALTO,3.91
-50.2974,-25.0264,ANM,BR,DIABÁSIO,6.5
-51.9761,-29.2618,ANM,BR,BASALTO,1.93
-51.8463,-28.5934,ANM,BR,BASALTO,2.79
-54.6553,-22.0975,ANM,BR,BASALTO,41.6
-52.7058,-28.4767,ANM,BR,BASALTO,4.91
-49.0758,-21.6079,ANM,BR,BASALTO,9.85
-50.1513,-20.8535,ANM,BR,BASALTO,29.81
-52.0188,-29.3686,ANM,BR,BASALTO,1.91
-53.6764,-28.4973,ANM,BR,BASALTO,2
-53.6704,-28.3544,ANM,BR,BASALTO,0.4
-54.278,-22.2194,ANM,BR,BASALTO,32.55
-50.91,-28.4928,ANM,BR,BASALTO,12.48
-55.377,-28.4563,ANM,BR,BASALTO,10
-50.6389,-29.2195,ANM,BR,BASALTO,0.4
-52.036,-28.2016,ANM,BR,BASALTO,14.85
-51.4937,-25.4517,ANM,BR,BASALTO,47.52
-53.7721,-27.1438,ANM,BR,BASALTO,3.64
-54.2092,-1.9086,ANM,BR,GABRO,17.12
-51.4548,-28.7413,ANM,BR,BASALTO,2
-51.5314,-29.4198,ANM,BR,BASALTO,1.44
-53.2049,-26.7807,ANM,BR,BASALTO,4.1
-48.1434,-18.8526,ANM,BR,BASALTO,4.97
-51.6242,-29.2185,ANM,BR,BASALTO,17.22
-52.1762,-29.4289,ANM,BR,BASALTO,2
-53.3418,-25.0584,ANM,BR,BASALTO,29.82
-53.2189,-27.0776,ANM,BR,BASALTO,7.9
-52.2052,-27.1383,ANM,BR,BASALTO,4.42
-52.4057,-26.8845,ANM,BR,BASALTO,8.33
-51.5252,-29.5575,ANM,BR,BASALTO,0.42
-51.6483,-28.7524,ANM,BR,BASALTO,4.77
-54.29,-27.5846,ANM,BR,BASALTO,0.93
-51.9563,-27.197,ANM,BR,BASALTO,7.5
-51.6386,-28.789,ANM,BR,BASALTO,4.97
-51.9366,-29.616,ANM,BR,BASALTO,5
-52.7652,-26.9504,ANM,BR,BASALTO,21.71
-52.7193,-26.5039,ANM,BR,BASALTO,0.45
-52.5853,-28.5787,ANM,BR,BASALTO,4.89
-50.1533,-20.8613,ANM,BR,BASALTO,4.45
-52.3598,-28.3324,ANM,BR,BASALTO,4.94
-49.3782,-7.1489,ANM,BR,BASALTO P/ REVESTIMENTO,255.01
-51.8688,-28.3891,ANM,BR,BASALTO,1.53
-51.5349,-28.7595,ANM,BR,BASALTO,5
-50.9542,-28.534,ANM,BR,BASALTO,24.42
-50.8495,-29.4128,ANM,BR,BASALTO,4.84
-52.5016,-27.0271,ANM,BR,BASALTO,3.86
-53.1773,-28.6677,ANM,BR,BASALTO,0.81
-53.4059,-24.3916,ANM,BR,BASALTO,45.5
-53.3502,-27.3383,ANM,BR,BASALTO,0.79
-48.0016,-7.4158,ANM,BR,DIABÁSIO,49.03
-51.1285,-29.018,ANM,BR,BASALTO,2.85
-50.7662,-29.1039,ANM,BR,BASALTO,0.12
-55.9165,-21.476,ANM,BR,BASALTO,16.73
-54.1599,-28.4036,ANM,BR,BASALTO,0.42
-53.9376,-27.9483,ANM,BR,BASALTO,2.16
-50.2885,-25.0338,ANM,BR,BASALTO,134
-51.6903,-27.1988,ANM,BR,BASALTO,14.35
-54.8611,-29.2136,ANM,BR,BASALTO,17.55
-54.7354,-20.4211,ANM,BR,BASALTO,5.71
-53.0302,-26.8232,ANM,BR,BASALTO,6.27
-56.5152,-29.1844,ANM,BR,BASALTO,4.06
-52.0456,-28.7941,ANM,BR,BASALTO,2.39
-53.4936,-29.6177,ANM,BR,BASALTO,2.72
-52.188,-29.1862,ANM,BR,BASALTO,4.99
-52.2671,-25.9579,ANM,BR,BASALTO,15.06
-53.0844,-29.7465,ANM,BR,BASALTO,1.39
-53.1789,-28.6598,ANM,BR,BASALTO,2.11
-50.5163,-17.0218,ANM,BR,BASALTO,6.2
-50.7863,-29.0584,ANM,BR,BASALTO,0.4
-50.6192,-29.1812,ANM,BR,BASALTO,0.45
-51.3035,-29.6557,ANM,BR,BASALTO,4.78
-51.987,-29.0035,ANM,BR,BASALTO,2.76
-54.7387,-20.4233,ANM,BR,BASALTO,42.38
-43.4505,-5.2324,ANM,BR,DIABÁSIO,20.06
-51.7233,-28.8613,ANM,BR,BASALTO,1.65
-51.6754,-29.1908,ANM,BR,BASALTO,4.81
-51.0985,-28.7779,ANM,BR,BASALTO,4.98
-51.6466,-28.7519,ANM,BR,BASALTO,4.12
-52.8106,-27.0954,ANM,BR,BASALTO,35.65
-47.223,-20.6618,ANM,BR,GABRO,51.43
-51.5354,-28.7639,ANM,BR,BASALTO,1.92
-53.4928,-26.4367,ANM,BR,BASALTO,1.8
-53.4456,-25.0005,ANM,BR,BASALTO,8.54
-53.0572,-27.1216,ANM,BR,BASALTO,0.69
-51.6479,-28.7778,ANM,BR,BASALTO,2
-52.006,-26.8884,ANM,BR,BASALTO,14.42
-54.2889,-27.5834,ANM,BR,BASALTO,4.02
-51.5052,-28.6803,ANM,BR,BASALTO,0.68
-52.1683,-27.1386,ANM,BR,BASALTO,4.2
-51.1498,-24.4768,ANM,BR,DIABÁSIO,50
-52.5098,-29.6767,ANM,BR,BASALTO,2.6
-51.0744,-29.0264,ANM,BR,BASALTO,8.07
-50.5897,-17.9067,ANM,BR,BASALTO,19.77
-50.2537,-25.0682,ANM,BR,DIABÁSIO,48.76
-52.299,-29.6222,ANM,BR,BASALTO,2
-47.7815,-21.2652,ANM,BR,BASALTO,18.66
-53.4837,-29.3862,ANM,BR,BASALTO,0.93
-51.9564,-26.5068,ANM,BR,BASALTO,5
-53.4891,-26.4243,ANM,BR,BASALTO,4.54
-51.6505,-28.7562,ANM,BR,BASALTO,0.54
-49.9645,-23.8202,ANM,BR,DIABÁSIO,7.36
-50.6243,-29.549,ANM,BR,BASALTO,0.5
-51.2092,-28.8196,ANM,BR,BASALTO,1.9
-51.4907,-25.4517,ANM,BR,BASALTO,49.62
-54.3322,-28.3916,ANM,BR,BASALTO,0.28
-54.3147,-28.3361,ANM,BR,BASALTO,0.48
-52.6052,-27.7972,ANM,BR,BASALTO,1
-50.7043,-29.0066,ANM,BR,BASALTO,0.4
-47.2616,-6.2925,ANM,BR,BASALTO,36.71
-42.7898,-5.4045,ANM,BR,DIABÁSIO,20.44
-53.9679,-27.6006,ANM,BR,BASALTO,0.35
-50.6587,-29.2961,ANM,BR,BASALTO,0.33
-50.142,-26.4475,ANM,BR,DIABÁSIO,41.89
-52.3072,-28.365,ANM,BR,BASALTO,6
-52.6541,-26.9766,ANM,BR,BASALTO,14.89
-49.4507,-26.7607,ANM,BR,DIABÁSIO,36.47
-53.8351,-24.3519,ANM,BR,BASALTO,23.64
-52.6199,-26.0463,ANM,BR,BASALTO,8.24
-53.48,-26.7258,ANM,BR,BASALTO,5.02
-49.98,-22.8671,ANM,BR,BASALTO,31.98
-42.6023,-5.4592,ANM,BR,DIABÁSIO,49
-51.1504,-29.6283,ANM,BR,BASALTO,14.02
-52.3872,-27.21,ANM,BR,BASALTO,4
-50.107,-23.0656,ANM,BR,BASALTO,40.42
-50.6529,-29.2881,ANM,BR,BASALTO,0.47
-50.565,-29.4547,ANM,BR,BASALTO,0.2
-52.3008,-29.6212,ANM,BR,BASALTO,2.77
-51.5519,-28.7424,ANM,BR,BASALTO,2
-52.3907,-28.3279,ANM,BR,BASALTO,1.28
-50.1527,-20.8557,ANM,BR,BASALTO,47.96
-51.1987,-29.0516,ANM,BR,BASALTO,50
-52.2849,-27.1583,ANM,BR,BASALTO,4.76
-50.7386,-26.3488,ANM,BR,BASALTO,5
-53.2627,-17.8069,ANM,BR,BASALTO,20
-53.7741,-24.7517,ANM,BR,BASALTO,4.99
-47.4914,-20.594,ANM,BR,BASALTO,9.82
-54.2527,-24.794,ANM,BR,BASALTO,13.24
-51.7918,-28.5832,ANM,BR,BASALTO,1.36
-53.1166,-27.8992,ANM,BR,BASALTO,5
-51.4797,-29.3036,ANM,BR,BASALTO,5
-38.7722,-4.4657,ANM,BR,GABRO,145.8
-51.2063,-27.9201,ANM,BR,BASALTO,1.85
-48.3287,-23.4691,ANM,BR,DIABÁSIO,13.64
-51.4242,-27.0197,ANM,BR,BASALTO,28.01
-50.8966,-29.4802,ANM,BR,BASALTO,1.5
-50.9523,-26.1817,ANM,BR,BASALTO,49.77
-51.2963,-27.7853,ANM,BR,BASALTO,2.57
-53.0168,-28.8882,ANM,BR,BASALTO,1.27
-50.5156,-28.1766,ANM,BR,BASALTO,50
-52.5534,-27.9567,ANM,BR,BASALTO,4.56
-51.6506,-28.7918,ANM,BR,BASALTO,0.56
-54.9576,-28.4234,ANM,BR,BASALTO,4.21
-53.0606,-29.0968,ANM,BR,BASALTO,1.25
-52.3513,-28.2992,ANM,BR,BASALTO,4.99
-51.5426,-28.8971,ANM,BR,BASALTO,4.99
-51.5168,-28.8464,ANM,BR,BASALTO,1.99
-52.3144,-27.4285,ANM,BR,BASALTO,2.54
-51.8244,-28.0784,ANM,BR,BASALTO,1.01
-51.9279,-27.3515,ANM,BR,BASALTO,4.66
-51.9428,-27.4118,ANM,BR,BASALTO,3.73
-51.6363,-29.1996,ANM,BR,BASALTO,3.32
-49.2259,-20.3241,ANM,BR,BASALTO,5.73
-53.5274,-27.0247,ANM,BR,BASALTO,18.69
-54.7602,-28.1274,ANM,BR,BASALTO,3.93
-51.2336,-28.3352,ANM,BR,BASALTO,0.4
-53.03,-26.9418,ANM,BR,BASALTO,8.14
-51.6339,-28.8019,ANM,BR,BASALTO,1.59
-50.5784,-29.7455,ANM,BR,BASALTO,4.62
-50.1641,-21.2749,ANM,BR,BASALTO,34.22
-52.9932,-26.0454,ANM,BR,BASALTO,50
-50.6139,-29.7254,ANM,BR,BASALTO,18.93
-54.8761,-20.4433,ANM,BR,BASALTO,21.38
-51.2884,-28.8278,ANM,BR,BASALTO,4.15
-51.9663,-28.5484,ANM,BR,BASALTO,2.11
-47.6928,-21.3127,ANM,BR,DIABÁSIO,43.84
-50.8042,-17.7106,ANM,BR,BASALTO,28.98
-53.1315,-24.5737,ANM,BR,BASALTO,29.57
-51.7448,-28.8043,ANM,BR,BASALTO,1.99
-51.9974,-28.5831,ANM,BR,BASALTO,1.73
-50.8373,-28.6443,ANM,BR,BASALTO,4.58
-53.0094,-28.8876,ANM,BR,BASALTO,2.84
-51.2189,-27.4862,ANM,BR,BASALTO,10.53
-47.0153,-20.9396,ANM,BR,DIABÁSIO,35.88
-51.282,-20.5944,ANM,BR,BASALTO,50
-52.5337,-25.8484,ANM,BR,BASALTO,3.49
-51.6161,-29.175,ANM,BR,BASALTO,4.24
-54.2127,-25.3233,ANM,BR,BASALTO,1.98
-52.2362,-27.2223,ANM,BR,BASALTO,4.1
-51.1123,-28.9695,ANM,BR,BASALTO,24.51
-51.0493,-28.9279,ANM,BR,BASALTO,1.64
-51.8549,-28.8647,ANM,BR,BASALTO,12.89
-51.9924,-28.5821,ANM,BR,BASALTO,2.76
-52.3659,-18.9104,ANM,BR,BASALTO,48.38
-53.5655,-26.8317,ANM,BR,BASALTO,49.9
-51.4939,-29.1277,ANM,BR,BASALTO,10.52
-51.0539,-25.1401,ANM,BR,BASALTO,23.16
-50.4648,-27.2046,ANM,BR,BASALTO,14.17
-51.3066,-20.5995,ANM,BR,BASALTO,50
-51.7928,-28.5813,ANM,BR,BASALTO,0.59
-57.4327,-14.7193,ANM,BR,BASALTO,6.02
-52.3757,-28.3152,ANM,BR,BASALTO,2
-52.6289,-28.6748,ANM,BR,BASALTO,4.49
-51.9635,-29.2643,ANM,BR,BASALTO,0.23
-51.0823,-28.0045,ANM,BR,BASALTO,1.42
-49.574,-28.7064,ANM,BR,DIABÁSIO,47.81
-51.6251,-29.2161,ANM,BR,BASALTO,2.46
-51.8047,-28.5748,ANM,BR,BASALTO,3.25
-53.5127,-29.6455,ANM,BR,BASALTO,2
-55.7152,-29.8312,ANM,BR,BASALTO,3.83
-53.9297,-29.6097,ANM,BR,BASALTO,3.55
-49.6986,-23.8609,ANM,BR,DIABÁSIO,1.8
-52.4171,-29.2102,ANM,BR,BASALTO,0.41
-52.5893,-28.5696,ANM,BR,BASALTO,4.95
-51.5278,-28.7731,ANM,BR,BASALTO,4.85
-51.544,-28.7724,ANM,BR,BASALTO,2.51
-51.1256,-28.4013,ANM,BR,BASALTO,0.41
-51.2158,-28.2135,ANM,BR,BASALTO,0.3
-50.6388,-23.2244,ANM,BR,BASALTO,50
-50.4472,-27.9164,ANM,BR,BASALTO,47.4
-51.3002,-29.6557,ANM,BR,BASALTO,26.28
-50.4753,-29.8089,ANM,BR,BASALTO,3
-51.1548,-28.2252,ANM,BR,BASALTO,0.88
-49.7672,-17.7344,ANM,BR,BASALTO,49.12
-51.8242,-28.5656,ANM,BR,BASALTO,1.48
-51.9974,-28.5838,ANM,BR,BASALTO,0.68
-51.5073,-28.7483,ANM,BR,BASALTO,0.94
-53.6449,-29.6176,ANM,BR,BASALTO,4.07
-47.4251,-21.7888,ANM,BR,BASALTO,49.65
-51.6594,-29.1969,ANM,BR,BASALTO,3.36
-49.7724,-17.7388,ANM,BR,BASALTO,17.53
-51.325,-20.7545,ANM,BR,BASALTO,50
-52.3757,-29.2365,ANM,BR,BASALTO,0.41
-49.5493,-27.5047,ANM,BR,DIABÁSIO,4.75
-51.8121,-28.5584,ANM,BR,BASALTO,1.03
-52.3659,-26.9512,ANM,BR,BASALTO,32.81
-50.4252,-19.8131,ANM,BR,BASALTO,50
-51.8598,-28.6105,ANM,BR,BASALTO,0.37
-52.63,-28.6779,ANM,BR,BASALTO,3.85
-50.6834,-21.6001,ANM,BR,BASALTO,43.29
-54.1016,-19.6243,ANM,BR,BASALTO,39.55
-51.8287,-28.5632,ANM,BR,BASALTO,2.7
-51.8073,-28.571,ANM,BR,BASALTO,0.61
-52.1722,-29.3289,ANM,BR,BASALTO,0.68
-51.9071,-27.3954,ANM,BR,BASALTO,4.92
-51.9341,-27.4066,ANM,BR,BASALTO,3.29
-51.9114,-27.4011,ANM,BR,BASALTO,4.3
-52.3051,-29.3182,ANM,BR,BASALTO,3.81
-53.1488,-29.4523,ANM,BR,BASALTO,1.41
-54.6589,-27.5903,ANM,BR,BASALTO,2.19
-51.9203,-27.4033,ANM,BR,BASALTO,4.68
-52.3369,-28.3356,ANM,BR,BASALTO,2
-47.4333,-22.7282,ANM,BR,DIABÁSIO,49.86
-51.9933,-28.5796,ANM,BR,BASALTO,2.39
-51.947,-29.5791,ANM,BR,BASALTO,4.2
-50.4525,-29.8047,ANM,BR,BASALTO,0.96
-51.8282,-23.574,ANM,BR,BASALTO,43.55
-52.3001,-29.6216,ANM,BR,BASALTO,43.54
-54.1959,-28.3934,ANM,BR,BASALTO,1.09
-51.7775,-29.0409,ANM,BR,BASALTO,4.88
-54.3135,-28.362,ANM,BR,BASALTO,0.6
-50.4619,-29.8721,ANM,BR,DIABÁSIO,2.44
-52.9288,-28.786,ANM,BR,BASALTO,1.79
-52.5961,-27.6752,ANM,BR,BASALTO,1.62
-50.1783,-29.7831,ANM,BR,BASALTO,4.77
-51.6487,-25.1249,ANM,BR,DIABÁSIO,49.64
-49.9912,-24.1192,ANM,BR,BASALTO,49.54
-47.384,-6.4034,ANM,BR,BASALTO,41.01
-51.6426,-28.7517,ANM,BR,BASALTO,1
-52.2234,-28.8571,ANM,BR,BASALTO,1.42
-47.4369,-22.7258,ANM,BR,DIABÁSIO P/ BRITA,549.64
-53.997,-25.2597,ANM,BR,BASALTO,15.51
-49.7661,-29.0988,ANM,BR,BASALTO,22.88
-52.8191,-28.8257,ANM,BR,BASALTO,4.27
-51.3988,-28.7785,ANM,BR,BASALTO,2.8
-50.6049,-25.5995,ANM,BR,DIABÁSIO,11.7
-54.585,-27.6081,ANM,BR,BASALTO,1.49
-51.5271,-28.759,ANM,BR,BASALTO,0.84
-54.0639,-24.8606,ANM,BR,BASALTO,7.38
-54.3232,-25.1737,ANM,BR,BASALTO,10.34
-54.5128,-27.7201,ANM,BR,BASALTO,0.66
-54.2969,-28.3961,ANM,BR,BASALTO,0.33
-53.0418,-27.3097,ANM,BR,BASALTO,0.52
-51.6255,-28.7988,ANM,BR,BASALTO,2.52
-46.1159,-5.8372,ANM,BR,BASALTO,46.97
-51.6125,-25.1392,ANM,BR,DIABÁSIO,35.84
-52.3604,-27.7289,ANM,BR,BASALTO,1
-54.3301,-28.3374,ANM,BR,BASALTO,0.55
-53.994,-25.2718,ANM,BR,BASALTO,38.39
-49.9497,-28.6525,ANM,BR,BASALTO,1.68
-48.3006,-23.4708,ANM,BR,BASALTO,1.53
-51.6413,-28.7541,ANM,BR,BASALTO,0.35
-55.2849,-30.0886,ANM,BR,BASALTO,16.32
-51.2645,-28.7846,ANM,BR,BASALTO,0.71
-54.7401,-28.4119,ANM,BR,BASALTO,5
-53.9964,-25.2632,ANM,BR,BASALTO,49.02
-54.454,-27.7615,ANM,BR,BASALTO,2.22
-50.0385,-28.7244,ANM,BR,BASALTO,1.83
-52.2651,-29.0386,ANM,BR,BASALTO,4.67
-50.2581,-27.5554,ANM,BR,BASALTO,38.97
-51.2194,-27.4867,ANM,BR,BASALTO,4.53
-47.6983,-21.0834,ANM,BR,BASALTO,45
-52.4214,-27.2556,ANM,BR,BASALTO,4.76
-53.3796,-27.3043,ANM,BR,BASALTO,2.82
-51.1641,-29.1045,ANM,BR,BASALTO,15.68
-50.7094,-17.8766,ANM,BR,BASALTO,17.01
-51.357,-29.5975,ANM,BR,BASALTO,0.64
-53.7511,-29.6436,ANM,BR,BASALTO,15.9
-51.5562,-27.4379,ANM,BR,BASALTO,4.9
-53.462,-29.3804,ANM,BR,BASALTO,2.16
-52.6271,-27.5889,ANM,BR,BASALTO,2.22
-50.2975,-25.0261,ANM,BR,DIABÁSIO,42.3
-51.6327,-28.7975,ANM,BR,BASALTO,4.97
-52.4691,-27.9175,ANM,BR,BASALTO,1.8
-49.5375,-19.1806,ANM,BR,BASALTO,18.93
-50.7227,-28.1362,ANM,BR,BASALTO,49.75
-53.213,-24.5912,ANM,BR,BASALTO,49.99
-52.3064,-24.0476,ANM,BR,BASALTO,33.94
-47.736,-20.9855,ANM,BR,BASALTO,49.07
-52.5974,-29.0381,ANM,BR,BASALTO,1.53
-52.6873,-26.242,ANM,BR,BASALTO,5.98
-55.0986,-29.0424,ANM,BR,BASALTO,10
-50.1844,-20.468,ANM,BR,BASALTO,47.58
-50.1532,-20.8516,ANM,BR,BASALTO,5.88
-51.5313,-28.7405,ANM,BR,BASALTO,1.97
-53.5597,-27.3371,ANM,BR,BASALTO,1
-54.0279,-24.4574,ANM,BR,BASALTO,37.47
-54.8734,-20.4769,ANM,BR,BASALTO,46.71
-50.5737,-29.1477,ANM,BR,BASALTO,4.95
-52.8468,-28.1207,ANM,BR,BASALTO,3.49
-47.5607,-6.6446,ANM,BR,BASALTO,6.2
-53.5433,-28.3576,ANM,BR,BASALTO,0.55
-51.0272,-28.9643,ANM,BR,BASALTO,1.9
-51.0649,-28.9522,ANM,BR,BASALTO,1.26
-51.8932,-28.5687,ANM,BR,BASALTO,48.54
-53.8545,-27.7928,ANM,BR,BASALTO,4.98
-52.801,-25.9728,ANM,BR,BASALTO,1.08
-50.6278,-25.5368,ANM,BR,DIABÁSIO,14.6
-53.1906,-28.4627,ANM,BR,BASALTO,1
-52.524,-27.7788,ANM,BR,BASALTO,1.6
-50.3024,-28.6907,ANM,BR,BASALTO,5
-54.2887,-28.2896,ANM,BR,BASALTO,28.9
-53.4581,-27.4149,ANM,BR,BASALTO,2
-51.677,-28.2886,ANM,BR,BASALTO,0.58
-53.1873,-28.4517,ANM,BR,BASALTO,1.03
-51.8334,-28.5821,ANM,BR,BASALTO,1.75
-50.0988,-27.1011,ANM,BR,DIABÁSIO,743.48
-51.6505,-28.7703,ANM,BR,BASALTO,1.08
-51.5229,-28.7308,ANM,BR,BASALTO,0.84
-52.5171,-27.639,ANM,BR,BASALTO,2.54
-52.693,-26.2458,ANM,BR,BASALTO,40.5
-55.2477,-22.4791,ANM,BR,BASALTO,50
-54.1726,-27.4857,ANM,BR,BASALTO,1.76
-52.0043,-27.9588,ANM,BR,BASALTO,3.99
-51.7911,-28.5819,ANM,BR,BASALTO,0.92
-53.4165,-27.4896,ANM,BR,BASALTO,8.03
-51.8472,-28.5546,ANM,BR,BASALTO,1.01
-51.7202,-28.759,ANM,BR,BASALTO,2.64
-52.1639,-28.5546,ANM,BR,BASALTO,1.31
-51.9663,-28.0348,ANM,BR,BASALTO,2.11
-51.9028,-27.3435,ANM,BR,BASALTO,4.98
-51.7934,-28.5825,ANM,BR,BASALTO,1.37
-52.5489,-26.3253,ANM,BR,BASALTO,25.21
-51.5534,-28.804,ANM,BR,BASALTO,4.45
-53.4374,-29.4658,ANM,BR,BASALTO,2.73
-51.8582,-23.9573,ANM,BR,BASALTO,6.64
-54.4748,-25.5074,ANM,BR,BASALTO,49.87
-52.9993,-29.5209,ANM,BR,BASALTO,1.23
-52.0074,-28.1238,ANM,BR,BASALTO,0.76
-50.1507,-20.8618,ANM,BR,BASALTO,1.26
-53.5988,-28.396,ANM,BR,BASALTO,0.95
-51.527,-28.7585,ANM,BR,BASALTO,9.06
-52.0689,-28.0233,ANM,BR,BASALTO,1.14
-50.7203,-17.8774,ANM,BR,BASALTO,49.59
-53.7305,-24.6253,ANM,BR,BASALTO,18.71
-51.8212,-28.5951,ANM,BR,BASALTO,1
-53.961,-27.6793,ANM,BR,BASALTO,8
-52.7613,-29.1943,ANM,BR,BASALTO,0.42
-52.0799,-28.0203,ANM,BR,BASALTO,0.81
-53.627,-28.3824,ANM,BR,BASALTO,1.1
-54.0947,-29.7543,ANM,BR,BASALTO,0.49
-50.7144,-17.8745,ANM,BR,BASALTO,49.79
-50.3685,-25.6159,ANM,BR,DIABÁSIO,4.91
-52.1452,-27.6534,ANM,BR,BASALTO,1.99
-51.2391,-28.909,ANM,BR,BASALTO,1
-51.8243,-27.2573,ANM,BR,BASALTO,4.92
-53.1837,-28.3354,ANM,BR,BASALTO,2.01
-53.5483,-24.5851,ANM,BR,BASALTO,4.95
-51.8363,-23.5661,ANM,BR,BASALTO,49.44
-54.1386,-24.5048,ANM,BR,BASALTO,50
-53.9422,-27.9493,ANM,BR,BASALTO,12.04
-52.3032,-24.0439,ANM,BR,BASALTO,14.83
-51.5193,-28.7305,ANM,BR,BASALTO,1.67
-53.1432,-27.0863,ANM,BR,BASALTO,1.44
-52.046,-28.0687,ANM,BR,BASALTO,0.94
-51.5434,-28.7608,ANM,BR,BASALTO,3.6
-51.6956,-28.7744,ANM,BR,BASALTO,0.96
-55.2849,-30.0867,ANM,BR,BASALTO,1.94
-51.1433,-28.0248,ANM,BR,BASALTO,4.74
-51.7216,-28.7561,ANM,BR,BASALTO,2.05
-42.8635,-6.2178,ANM,BR,DIABÁSIO,36.15
-52.0199,-28.5513,ANM,BR,BASALTO,1.88
-52.1849,-27.4465,ANM,BR,BASALTO,2.22
-52.1544,-29.403,ANM,BR,BASALTO,34.33
-52.2978,-29.7405,ANM,BR,BASALTO,5
-51.6295,-28.7888,ANM,BR,BASALTO,0.51
-51.647,-28.7553,ANM,BR,BASALTO,0.48
-53.4744,-26.6916,ANM,BR,BASALTO,5.73
-50.2297,-21.1146,ANM,BR,BASALTO,34.25
-54.1372,-27.6228,ANM,BR,BASALTO,0.45
-51.4902,-29.7532,ANM,BR,BASALTO,20.92
-51.5084,-28.7548,ANM,BR,BASALTO,2.83
-52.2941,-24.047,ANM,BR,BASALTO,28.95
-51.3289,-29.0306,ANM,BR,BASALTO,4.71
-51.5272,-28.3068,ANM,BR,BASALTO,3.31
-50.7298,-25.4977,ANM,BR,BASALTO,11.83
-42.034,-3.8584,ANM,BR,DIABÁSIO,45.47
-50.281,-24.1242,ANM,BR,DIABÁSIO,4.93
-51.4942,-29.1272,ANM,BR,BASALTO,24.36
-53.4858,-29.5992,ANM,BR,BASALTO,4.99
-48.1685,-21.8708,ANM,BR,BASALTO,49.98
-51.8401,-28.5824,ANM,BR,BASALTO,4.59
-52.0013,-29.415,ANM,BR,BASALTO,9.73
-51.6401,-28.7752,ANM,BR,BASALTO,1.25
-50.2247,-21.1301,ANM,BR,BASALTO,15.98
-51.8303,-23.5637,ANM,BR,BASALTO,49.76
-54.1035,-29.7518,ANM,BR,DIABÁSIO,35.35
-49.8052,-29.2931,ANM,BR,BASALTO,9.15
-51.5713,-28.9039,ANM,BR,BASALTO,5
-53.5357,-28.6695,ANM,BR,BASALTO,17.99
-52.1642,-19.5662,ANM,BR,BASALTO,49.98
-51.7945,-28.581,ANM,BR,BASALTO,2.77
-53.2456,-26.7666,ANM,BR,BASALTO,11.85
-50.4341,-29.7469,ANM,BR,BASALTO,3.39
-51.6426,-28.7736,ANM,BR,BASALTO,0.35
-55.7229,-29.7788,ANM,BR,BASALTO,16
-52.1978,-27.4893,ANM,BR,BASALTO,3.59
-43.714,-18.8511,ANM,BR,DIABÁSIO,17.71
-48.2401,-18.8077,ANM,BR,BASALTO,23.04
-50.6387,-24.5835,ANM,BR,DIABÁSIO,25.63
-53.4423,-29.6996,ANM,BR,BASALTO,4.04
-56.3731,-29.1501,ANM,BR,BASALTO,5
-55.2634,-28.1964,ANM,BR,BASALTO,3.71
-51.8347,-28.5814,ANM,BR,BASALTO,1.25
-51.6884,-27.5166,ANM,BR,BASALTO,4.29
-47.6966,-21.3216,ANM,BR,BASALTO,16.34
-54.4752,-25.5021,ANM,BR,BASALTO,48.75
-53.527,-29.6379,ANM,BR,BASALTO,1.85
-50.2694,-26.6429,ANM,BR,BASALTO,3.42
-52.2997,-29.2388,ANM,BR,BASALTO,0.88
-53.1035,-25.6086,ANM,BR,BASALTO,4.98
-50.8325,-27.9476,ANM,BR,BASALTO,8
-54.8818,-22.5254,ANM,BR,BASALTO,24.86
-54.5512,-27.6593,ANM,BR,BASALTO,4.97
-51.8087,-28.5471,ANM,BR,BASALTO,2.26
-51.7941,-28.5775,ANM,BR,BASALTO,3.63
-54.1418,-24.3532,ANM,BR,BASALTO,50
-51.7923,-28.5819,ANM,BR,BASALTO,0.26
-51.7886,-28.2507,ANM,BR,BASALTO,12
-52.9108,-28.7043,ANM,BR,BASALTO,4.82
-50.2457,-29.2038,ANM,BR,BASALTO,11.38
-51.5366,-25.2781,ANM,BR,BASALTO,9.06
-53.8802,-29.5671,ANM,BR,BASALTO,5
-51.239,-28.9094,ANM,BR,BASALTO,0.77
-51.0875,-28.8893,ANM,BR,BASALTO,1.94
-48.3924,-18.7019,ANM,BR,BASALTO,8.5
-50.1242,-14.6335,ANM,BR,DIABÁSIO,48.11
-55.1423,-28.4798,ANM,BR,BASALTO,6.84
-51.823,-28.5771,ANM,BR,BASALTO,4.8
-53.5688,-29.565,ANM,BR,BASALTO,6.4
-52.0225,-28.5309,ANM,BR,BASALTO,1.15
-51.519,-28.7505,ANM,BR,BASALTO,0.27
-50.9015,-20.2994,ANM,BR,BASALTO,1.27
-54.0285,-27.812,ANM,BR,BASALTO,0.19
-51.104,-28.9365,ANM,BR,BASALTO,2.03
-53.8212,-29.0702,ANM,BR,BASALTO,1.34
-52.3892,-27.6029,ANM,BR,BASALTO,2.02
-51.9435,-29.3136,ANM,BR,BASALTO,0.94
-52.4703,-26.9411,ANM,BR,BASALTO,7.4
-51.8428,-28.6004,ANM,BR,BASALTO,4.31
-53.9328,-24.5566,ANM,BR,BASALTO,46.63
-50.8051,-27.8545,ANM,BR,BASALTO,34.83
-54.7417,-28.4132,ANM,BR,BASALTO,3.31
-51.8087,-28.5676,ANM,BR,BASALTO,1.7
-54.4355,-29.3976,ANM,BR,BASALTO,1.42
-52.1188,-27.7666,ANM,BR,BASALTO,3.23
-51.7973,-28.5799,ANM,BR,BASALTO,1.32
-52.3729,-23.1942,ANM,BR,BASALTO,48.22
-52.0558,-27.6403,ANM,BR,BASALTO,2.18
-54.6812,-28.1039,ANM,BR,BASALTO,46.55
-53.4832,-29.3855,ANM,BR,BASALTO,0.95
-54.6815,-28.1035,ANM,BR,BASALTO,6.37
-50.3915,-27.2183,ANM,BR,BASALTO,48.58
-51.7977,-28.5796,ANM,BR,BASALTO,0.95
-52.1364,-27.6118,ANM,BR,BASALTO,1.5
-51.7927,-28.5829,ANM,BR,BASALTO,0.6
-51.5418,-28.7329,ANM,BR,BASALTO,2
-51.8561,-29.3157,ANM,BR,BASALTO,2.91
-52.488,-23.6242,ANM,BR,BASALTO,47.54
-50.4491,-29.7491,ANM,BR,BASALTO,2.01
-53.9785,-25.2637,ANM,BR,BASALTO,40.05
-50.1237,-23.06,ANM,BR,BASALTO,49.73
-51.8593,-28.6112,ANM,BR,BASALTO,4.96
-51.7259,-23.5307,ANM,BR,BASALTO,26.02
-51.0514,-25.1422,ANM,BR,BASALTO,4.2
-50.5265,-25.8278,ANM,BR,BASALTO,11
-51.6614,-28.7763,ANM,BR,BASALTO,3.76
-52.4835,-27.6935,ANM,BR,BASALTO,1.35
-49.6362,-24.0941,ANM,BR,BASALTO,15.82
-51.8609,-26.8653,ANM,BR,BASALTO,49.25
-50.7504,-24.279,ANM,BR,DIABÁSIO,49.82
-51.68,-27.7758,ANM,BR,BASALTO,49.14
-51.2063,-28.8214,ANM,BR,BASALTO,1.69
-52.9099,-27.0543,ANM,BR,BASALTO,2.58
-55.0928,-27.8975,ANM,BR,BASALTO,4.01
-50.202,-25.6102,ANM,BR,DIABÁSIO,4.9
-52.2687,-25.3618,ANM,BR,BASALTO,50
-50.405,-27.9877,ANM,BR,BASALTO,31.61
-52.3064,-27.7085,ANM,BR,BASALTO,4.97
-41.574,-7.0338,ANM,BR,DIABÁSIO,2.48
-52.2107,-28.0069,ANM,BR,BASALTO,16.27
-54.3547,-27.7735,ANM,BR,BASALTO,5.57
-51.9696,-29.2868,ANM,BR,BASALTO,2.49
-51.2144,-28.2062,ANM,BR,BASALTO,0.12
-53.9632,-27.6816,ANM,BR,BASALTO,16.8
-42.1776,-3.9332,ANM,BR,DIABÁSIO,41
-54.8497,-20.4167,ANM,BR,BASALTO,50
-50.5783,-22.5008,ANM,BR,BASALTO,50
-51.8139,-28.5536,ANM,BR,BASALTO,4.26
-52.0386,-23.5225,ANM,BR,BASALTO,4.54
-43.5055,-6.8312,ANM,BR,DIABÁSIO,49.45
-48.8992,-22.3032,ANM,BR,BASALTO,6.29
-51.7493,-28.9074,ANM,BR,BASALTO,0.93
-51.0865,-27.2792,ANM,BR,BASALTO,40.73
-54.5349,-25.6179,ANM,BR,BASALTO,8.61
-47.9231,-19.6933,ANM,BR,DIABÁSIO P/ BRITA,10.94
-51.758,-24.8022,ANM,BR,BASALTO,31.14
-51.6964,-28.7696,ANM,BR,BASALTO,0.28
-51.7166,-28.7609,ANM,BR,BASALTO,1.47
-52.9025,-27.2541,ANM,BR,BASALTO,14.4
-54.6139,-25.463,ANM,BR,BASALTO,49.94
-51.6359,-28.7892,ANM,BR,BASALTO,4.47
-51.8865,-28.4179,ANM,BR,BASALTO,0.93
-52.6307,-28.6591,ANM,BR,BASALTO,10.26
-48.3012,-23.471,ANM,BR,BASALTO,4.61
-52.1125,-28.1421,ANM,BR,BASALTO,1.95
-51.6556,-27.9389,ANM,BR,BASALTO,0.6
-53.4566,-28.222,ANM,BR,BASALTO,4.55
-42.7211,-15.4493,ANM,BR,GABRO,760.52
-52.2607,-27.8822,ANM,BR,BASALTO,1.03
-53.1681,-27.4395,ANM,BR,BASALTO,3.79
-50.829,-27.3168,ANM,BR,BASALTO,7
-49.4827,-24.1208,ANM,BR,DIABÁSIO,48.02
-49.4937,-24.1176,ANM,BR,DIABÁSIO,48.35
-51.7996,-28.5804,ANM,BR,BASALTO,2.24
-52.0168,-28.5469,ANM,BR,BASALTO,4.37
-51.7017,-27.9506,ANM,BR,BASALTO,1.74
-49.8325,-28.5908,ANM,BR,BASALTO,1.96
-52.0167,-28.5466,ANM,BR,BASALTO,0.56
-52.3473,-29.2375,ANM,BR,BASALTO,3.3
-53.8137,-24.469,ANM,BR,BASALTO,16.56
-52.8775,-27.922,ANM,BR,BASALTO,0.81
-52.386,-27.6021,ANM,BR,BASALTO,7.2
-54.7395,-20.4185,ANM,BR,BASALTO,50
-51.9187,-29.2484,ANM,BR,BASALTO,1.94
-52.4151,-29.3038,ANM,BR,BASALTO,4.93
-51.192,-28.8204,ANM,BR,BASALTO,4.09
-52.1968,-28.874,ANM,BR,BASALTO,2.15
-50.7566,-29.3025,ANM,BR,BASALTO,4.97
-41.8825,-6.9812,ANM,BR,DIABÁSIO,2.31
-50.5764,-22.5057,ANM,BR,BASALTO,50
-51.7955,-24.7487,ANM,BR,BASALTO,48.13
-53.8163,-24.4707,ANM,BR,BASALTO,6.31
-51.6418,-28.7768,ANM,BR,BASALTO,1.78
-53.2105,-29.1055,ANM,BR,BASALTO,3.34
-52.0273,-28.5209,ANM,BR,BASALTO,1.51
-48.1246,-18.6046,ANM,BR,BASALTO,39.75
-51.5381,-28.7448,ANM,BR,BASALTO,1.54
-44.4294,-20.5738,ANM,BR,DIABÁSIO,264.81
-51.5317,-28.801,ANM,BR,BASALTO,4
-44.1288,-6.0162,ANM,BR,BASALTO,43.46
-51.1474,-29.6298,ANM,BR,BASALTO,11.04
-51.9438,-29.2864,ANM,BR,BASALTO,5.58
-51.556,-28.7787,ANM,BR,BASALTO,3.32
-51.426,-28.7501,ANM,BR,BASALTO,1.24
-50.6325,-23.416,ANM,BR,BASALTO,25
-53.1743,-25.8114,ANM,BR,BASALTO,41.64
-51.848,-28.6126,ANM,BR,BASALTO,2.9
-55.5322,-30.8526,ANM,BR,BASALTO,0.29
-52.0454,-29.3895,ANM,BR,BASALTO,3.84
-49.6831,-19.0554,ANM,BR,BASALTO,1.98
-51.1421,-28.8398,ANM,BR,BASALTO,3.72
-52.7117,-27.5069,ANM,BR,BASALTO,0.57
-51.8136,-28.5469,ANM,BR,BASALTO,4.91
-52.3261,-27.4766,ANM,BR,BASALTO,4.66
-54.7826,-20.4374,ANM,BR,BASALTO,6.54
-53.3668,-27.3212,ANM,BR,BASALTO,1.07
-51.4604,-22.5899,ANM,BR,BASALTO,16.21
-53.1897,-27.6028,ANM,BR,BASALTO,2.94
-54.6125,-25.4618,ANM,BR,BASALTO,49.98
-53.4444,-29.4523,ANM,BR,BASALTO,2.16
-54.7679,-20.4427,ANM,BR,BASALTO,14.94
-50.8163,-25.436,ANM,BR,DIABÁSIO,4.9
-52.359,-29.3461,ANM,BR,BASALTO,0.89
-51.3398,-22.6427,ANM,BR,BASALTO,24.38
-52.0029,-29.2468,ANM,BR,BASALTO,8.69
-53.9235,-27.4865,ANM,BR,BASALTO,1.95
-50.01,-28.7531,ANM,BR,BASALTO,12.85
-50.1791,-29.7822,ANM,BR,BASALTO,1.75
-51.4589,-22.5905,ANM,BR,BASALTO,93.07
-50.0902,-28.7419,ANM,BR,BASALTO,4.65
-51.7972,-28.5779,ANM,BR,BASALTO,3.98
-51.2765,-28.7706,ANM,BR,BASALTO,0.71
-51.6456,-28.7519,ANM,BR,BASALTO,1.36
-51.0425,-28.9723,ANM,BR,BASALTO,10
-47.3356,-22.8045,ANM,BR,DIABÁSIO,35.49
-51.7894,-28.5828,ANM,BR,BASALTO,0.62
-50.4988,-29.7328,ANM,BR,BASALTO,0.33
-51.8348,-28.5772,ANM,BR,BASALTO,2.14
-50.5376,-22.643,ANM,BR,BASALTO,555.54
-52.5645,-28.643,ANM,BR,BASALTO,0.5
-53.1776,-25.8088,ANM,BR,BASALTO,2.75
-51.8078,-28.5698,ANM,BR,BASALTO,5.05
-50.4967,-29.7334,ANM,BR,BASALTO,5.8
-51.0906,-28.8098,ANM,BR,BASALTO,2.5
-54.638,-30.9664,ANM,BR,BASALTO,5.49
-54.8222,-20.8184,ANM,BR,BASALTO,3.77
-51.786,-28.5301,ANM,BR,BASALTO,0.73
-50.3127,-27.9869,ANM,BR,BASALTO,8.31
-54.076,-27.8396,ANM,BR,BASALTO,0.2
-50.4562,-29.802,ANM,BR,BASALTO,1.95
-49.1578,-19.9771,ANM,BR,BASALTO,49.67
-53.1777,-28.668,ANM,BR,BASALTO,2.42
-51.6368,-24.2142,ANM,BR,BASALTO,4.8
-50.4569,-29.8021,ANM,BR,BASALTO,3.02
-54.024,-19.5863,ANM,BR,BASALTO,4.56
-51.4179,-23.3298,ANM,BR,BASALTO,4.75
-50.4966,-29.7347,ANM,BR,BASALTO,0.93
-51.8323,-28.5827,ANM,BR,BASALTO,3.04
-43.5505,-6.7984,ANM,BR,DIABÁSIO,49.65
-54.7836,-22.3198,ANM,BR,BASALTO,6.1
-51.887,-28.4192,ANM,BR,BASALTO,0.4
-51.9735,-29.2531,ANM,BR,BASALTO,2.04
-50.495,-29.7347,ANM,BR,BASALTO,6.56
-51.8872,-28.4189,ANM,BR,BASALTO,1.57
-48.6096,-21.821,ANM,BR,BASALTO,14.77
-52.4116,-30.0624,ANM,BR,BASALTO,2.03
-52.3746,-29.7011,ANM,BR,BASALTO,3.43
-51.7848,-29.623,ANM,BR,BASALTO,2
-51.2776,-28.7689,ANM,BR,BASALTO,2.53
-51.6584,-20.8803,ANM,BR,BASALTO,49.59
-51.6649,-20.8911,ANM,BR,BASALTO,49.49
-51.5371,-28.7565,ANM,BR,BASALTO,8.99
-51.5496,-28.7488,ANM,BR,BASALTO,1.81
-52.8446,-26.88,ANM,BR,BASALTO,0.74
-52.4571,-26.8912,ANM,BR,BASALTO,45.92
-53.739,-27.0581,ANM,BR,BASALTO,4.57
-51.7899,-28.5827,ANM,BR,BASALTO,0.57
-51.66,-20.8924,ANM,BR,BASALTO,40.12
-53.5362,-29.657,ANM,BR,BASALTO,1.62
-56.3718,-29.1495,ANM,BR,BASALTO,2.4
-52.0435,-29.2565,ANM,BR,BASALTO,4.99
-51.9971,-28.5829,ANM,BR,BASALTO,0.63
-49.6371,-29.1258,ANM,BR,BASALTO,12.02
-47.7758,-23.2571,ANM,BR,DIABÁSIO P/ BRITA,49.08
-47.3357,-22.8065,ANM,BR,DIABÁSIO,12.2
-51.6582,-20.8874,ANM,BR,BASALTO,20.4
-50.8616,-25.2083,ANM,BR,DIABÁSIO,36.22
-58.5634,-10.6535,ANM,BR,BASALTO,38.59
-50.3103,-28.123,ANM,BR,BASALTO,38.18
-51.8104,-28.5718,ANM,BR,BASALTO,5
-54.6815,-28.1034,ANM,BR,BASALTO,0.97
-53.559,-29.6656,ANM,BR,BASALTO,3.81
-50.8251,-28.7583,ANM,BR,BASALTO,1.74
-51.1981,-28.8987,ANM,BR,BASALTO,4.96
-56.5211,-29.1985,ANM,BR,BASALTO,11.17
-50.0586,-19.7483,ANM,BR,BASALTO,6.63
-50.7131,-26.4752,ANM,BR,BASALTO,8.04
-51.9116,-24.1292,ANM,BR,BASALTO,4
-52.2324,-29.3297,ANM,BR,BASALTO,2.64
-48.1805,-18.8126,ANM,BR,BASALTO,2.22
-52.4899,-27.2412,ANM,BR,BASALTO,1.27
-50.7131,-26.4752,ANM,BR,BASALTO,6.38
-53.3578,-27.3527,ANM,BR,BASALTO,46.96
-51.0452,-28.6302,ANM,BR,BASALTO,3.04
-51.0519,-28.8772,ANM,BR,BASALTO,0.37
-51.5355,-28.7814,ANM,BR,BASALTO,0.77
-52.03,-28.5639,ANM,BR,BASALTO,0.38
-50.7784,-29.3581,ANM,BR,BASALTO,22.43
-51.0535,-29.3428,ANM,BR,BASALTO,7.47
-51.5044,-28.7625,ANM,BR,BASALTO,0.8
-51.0735,-29.0255,ANM,BR,BASALTO,8.79
-50.5593,-29.8777,ANM,BR,BASALTO,1.02
-52.9387,-28.7843,ANM,BR,BASALTO,4.55
-51.0565,-29.3415,ANM,BR,BASALTO,3.42
-47.509,-22.5347,ANM,BR,DIABÁSIO,15.88
-54.1716,-27.4861,ANM,BR,BASALTO,0.17
-51.6706,-28.8186,ANM,BR,BASALTO,3.05
-51.5169,-28.7645,ANM,BR,BASALTO,2.93
-50.5618,-29.8759,ANM,BR,BASALTO,0.23
-54.2411,-29.3764,ANM,BR,BASALTO,0.39
-50.1822,-29.7824,ANM,BR,BASALTO,4.72
-53.5386,-29.5099,ANM,BR,BASALTO,1.6
-53.9425,-27.4916,ANM,BR,BASALTO,10.27
-48.2942,-18.8194,ANM,BR,BASALTO,45.54
-50.1784,-29.7754,ANM,BR,BASALTO,10.51
-53.0572,-26.5467,ANM,BR,BASALTO,5.44
-43.4536,-5.2379,ANM,BR,BASALTO,41.8
-53.5438,-27.3453,ANM,BR,BASALTO,3.91
-50.6754,-28.0686,ANM,BR,BASALTO,47.32
-54.1221,-27.597,ANM,BR,BASALTO,1.58
-51.0555,-25.1424,ANM,BR,BASALTO,6.36
-50.5601,-29.8749,ANM,BR,BASALTO,1.28
-43.035,-6.8588,ANM,BR,DIABÁSIO,42.14
-53.4216,-29.5689,ANM,BR,BASALTO,4.59
-41.5526,-7.0543,ANM,BR,DIABÁSIO,31.74
-41.5572,-7.0528,ANM,BR,DIABÁSIO,15.04
-53.1945,-27.5604,ANM,BR,BASALTO,1.81
-43.0283,-6.8559,ANM,BR,DIABÁSIO,47.77
-43.0395,-6.8542,ANM,BR,DIABÁSIO,46.9
-50.4744,-29.8139,ANM,BR,BASALTO,0.54
-51.6371,-29.4087,ANM,BR,BASALTO,0.36
-50.1552,-27.9861,ANM,BR,BASALTO,32.44
-41.5697,-7.0432,ANM,BR,DIABÁSIO,23.04
-43.0349,-6.8491,ANM,BR,DIABÁSIO,45.45
-41.5619,-7.0471,ANM,BR,DIABÁSIO,24.82
-41.5607,-7.0514,ANM,BR,DIABÁSIO,12.24
-53.3695,-27.3682,ANM,BR,BASALTO,5.38
-53.1789,-28.6659,ANM,BR,BASALTO,8.67
-51.5341,-28.7813,ANM,BR,BASALTO,0.98
-52.0291,-29.3161,ANM,BR,BASALTO,5.74
-52.1763,-28.2804,ANM,BR,BASALTO,2.44
-40.3162,-3.4719,ANM,BR,BASALTO,282.87
-53.3908,-29.574,ANM,BR,BASALTO,4.74
-51.8302,-28.563,ANM,BR,BASALTO,1.41
-51.4347,-29.4452,ANM,BR,BASALTO,1.35
-53.036,-27.8157,ANM,BR,BASALTO,6.09
-48.3467,-18.7303,ANM,BR,BASALTO,5.6
-51.5806,-28.8661,ANM,BR,BASALTO,6.66
-53.9031,-28.2258,ANM,BR,BASALTO,4.95
-53.0449,-27.3307,ANM,BR,BASALTO,2.31
-52.174,-28.537,ANM,BR,BASALTO,3
-50.5108,-24.514,ANM,BR,DIABÁSIO,25.44
-55.7334,-28.8083,ANM,BR,BASALTO,9.97
-50.9644,-28.5485,ANM,BR,BASALTO,47.81
-54.1004,-19.6186,ANM,BR,BASALTO,14
-53.4714,-26.763,ANM,BR,BASALTO,2.77
-53.4041,-29.58,ANM,BR,BASALTO,1.9
-47.5392,-22.9839,ANM,BR,DIABÁSIO,38.7
-51.0807,-29.3476,ANM,BR,BASALTO,3.93
-51.8412,-28.5555,ANM,BR,BASALTO,0.49
-53.0524,-27.3215,ANM,BR,BASALTO,3.42
-53.4683,-28.2574,ANM,BR,BASALTO,13.44
-52.221,-29.5832,ANM,BR,BASALTO,1.55
-52.104,-26.7098,ANM,BR,BASALTO,8.41
-36.2367,-6.7902,ANM,BR,BASALTO,87.12
-53.4821,-29.3844,ANM,BR,BASALTO,1.05
-53.1765,-26.6865,ANM,BR,BASALTO,4.76
-51.671,-28.8228,ANM,BR,BASALTO,4.94
-53.3732,-32.53,ANM,BR,BASALTO,6.83
-53.4254,-29.5648,ANM,BR,BASALTO,2.78
-54.102,-19.621,ANM,BR,BASALTO,13.88
-51.1649,-29.6294,ANM,BR,BASALTO,2.75
-51.5183,-28.7496,ANM,BR,BASALTO,1.77
-53.5296,-29.6182,ANM,BR,BASALTO,4.28
-52.4356,-28.8751,ANM,BR,BASALTO,3.17
-53.5315,-25.8448,ANM,BR,BASALTO,49.84
-53.968,-27.6006,ANM,BR,BASALTO,6.29
-52.386,-27.4416,ANM,BR,BASALTO,0.5
-51.9861,-28.5469,ANM,BR,BASALTO,4.71
-51.0234,-23.2137,ANM,BR,BASALTO,2.72
-51.1173,-24.0947,ANM,BR,DIABÁSIO,50
-54.1327,-27.5294,ANM,BR,BASALTO,0.82
-51.8369,-28.5935,ANM,BR,BASALTO,5.05
-50.37,-29.4675,ANM,BR,BASALTO,0.67
-51.6571,-28.7785,ANM,BR,BASALTO,2.97
-51.4768,-29.2819,ANM,BR,BASALTO,3.15
-52.7132,-27.2651,ANM,BR,BASALTO,3.07
-52.7239,-27.3913,ANM,BR,BASALTO,2.02
-50.6104,-24.5869,ANM,BR,DIABÁSIO,4.88
-52.7301,-25.8727,ANM,BR,BASALTO,3.65
-47.3932,-21.6627,ANM,BR,BASALTO,4.48
-51.6437,-28.7522,ANM,BR,BASALTO,4.05
-51.8334,-28.607,ANM,BR,BASALTO,8.41
-52.7367,-27.4239,ANM,BR,BASALTO,1.39
-52.7896,-27.2457,ANM,BR,BASALTO,3.33
-51.6449,-28.7553,ANM,BR,BASALTO,7.01
-54.8741,-29.4876,ANM,BR,BASALTO,1.04
-51.9488,-29.6287,ANM,BR,BASALTO,1.58
-41.6749,-7.0279,ANM,BR,DIABÁSIO,48.83
-52.1983,-27.5914,ANM,BR,BASALTO,12.44
-53.3167,-26.6735,ANM,BR,BASALTO,1.54
-51.5385,-28.7748,ANM,BR,BASALTO,1.11
-51.5464,-28.8135,ANM,BR,BASALTO,1.28
-51.9721,-29.3124,ANM,BR,BASALTO,2.25
-57.519,-14.6576,ANM,BR,BASALTO,25.82
-53.0119,-29.4131,ANM,BR,BASALTO,2.32
-51.7923,-28.5817,ANM,BR,BASALTO,0.28
-51.8405,-28.5744,ANM,BR,BASALTO,1.41
-50.1815,-29.7826,ANM,BR,BASALTO,7.93
-50.5607,-29.8771,ANM,BR,BASALTO,2.3
-52.7012,-29.0377,ANM,BR,BASALTO,2.48
-51.6639,-29.3543,ANM,BR,BASALTO,15.97
-53.0469,-27.3124,ANM,BR,BASALTO,0.56
-51.6499,-28.7529,ANM,BR,BASALTO,5.26
-51.8273,-28.5629,ANM,BR,BASALTO,18.23
-52.041,-28.2015,ANM,BR,BASALTO,5.55
-54.1373,-27.6242,ANM,BR,BASALTO,1.12
-53.4139,-26.8197,ANM,BR,BASALTO,45.18
-50.6055,-29.504,ANM,BR,BASALTO,0.66
-50.9983,-28.6903,ANM,BR,BASALTO,2.08
-53.3032,-25.7625,ANM,BR,BASALTO,41.36
-49.4465,-28.8578,ANM,BR,DIABÁSIO,14.97
-50.4968,-24.7969,ANM,BR,DIABÁSIO,40.87
-53.9836,-25.2609,ANM,BR,BASALTO,48.24
-49.7665,-17.7415,ANM,BR,BASALTO,38.21
-52.8273,-26.4543,ANM,BR,BASALTO,1.26
-53.3023,-25.7553,ANM,BR,BASALTO,1.74
-51.6578,-28.7584,ANM,BR,BASALTO,8.36
-51.0439,-29.634,ANM,BR,BASALTO,14.9
-51.9489,-29.5793,ANM,BR,BASALTO,1.91
-51.6469,-28.7561,ANM,BR,BASALTO,0.62
-51.8677,-28.39,ANM,BR,BASALTO,7.5
-51.8548,-28.8629,ANM,BR,BASALTO,7.76
-52.2289,-28.4972,ANM,BR,BASALTO,4.99
-52.5224,-28.7911,ANM,BR,BASALTO,2.77
-50.1817,-29.7802,ANM,BR,BASALTO,3.84
-50.619,-29.0289,ANM,BR,BASALTO,1.37
-51.5445,-29.2435,ANM,BR,BASALTO,17.57
-50.3592,-29.4723,ANM,BR,BASALTO,0.63
-50.3682,-26.7641,ANM,BR,BASALTO,11.42
-52.1466,-19.9708,ANM,BR,BASALTO,49.35
-48.1697,-21.8697,ANM,BR,BASALTO,7.47
-52.2148,-19.9522,ANM,BR,BASALTO,20.8
-50.6615,-28.1773,ANM,BR,BASALTO,23.58
-51.2954,-27.949,ANM,BR,BASALTO,3.89
-51.2973,-27.9178,ANM,BR,BASALTO,2.97
-52.2616,-29.281,ANM,BR,BASALTO,2.32
-53.0705,-28.3305,ANM,BR,BASALTO,2.86
-53.0961,-28.4462,ANM,BR,BASALTO,3.87
-54.1402,-28.7259,ANM,BR,BASALTO,1.67
-53.9859,-28.8379,ANM,BR,BASALTO,2
-50.4947,-29.1163,ANM,BR,BASALTO,0.99
-51.799,-28.5804,ANM,BR,BASALTO,0.49
-50.3644,-29.4798,ANM,BR,BASALTO,0.11
-52.4923,-29.6618,ANM,BR,BASALTO,33.17
-49.919,-24.2224,ANM,BR,BASALTO,12.25
-50.5859,-29.4094,ANM,BR,BASALTO,1.31
-51.6303,-28.7931,ANM,BR,BASALTO,1.03
-51.1006,-28.9319,ANM,BR,BASALTO,1.01
-54.1255,-28.629,ANM,BR,BASALTO,4.43
-43.055,-5.1636,ANM,BR,DIABÁSIO,22.97
-51.4982,-27.2009,ANM,BR,BASALTO,7.5
-53.0455,-27.8489,ANM,BR,BASALTO,2.48
-52.8908,-28.5486,ANM,BR,BASALTO,4.99
-51.6257,-29.217,ANM,BR,BASALTO,0.78
-52.1492,-29.665,ANM,BR,BASALTO,49.9
-49.9479,-26.8679,ANM,BR,DIABÁSIO,843.79
-52.8969,-28.0302,ANM,BR,BASALTO,0.6
-52.5316,-19.5056,ANM,BR,BASALTO,49.28
-51.1459,-28.0583,ANM,BR,BASALTO,4.98
-52.878,-27.9208,ANM,BR,BASALTO,0.31
-50.4665,-29.7335,ANM,BR,BASALTO,5
-50.7313,-29.2325,ANM,BR,BASALTO,0.57
-50.2953,-25.0202,ANM,BR,DIABÁSIO,49.99
-52.3126,-28.363,ANM,BR,BASALTO,15.79
-52.3963,-28.9017,ANM,BR,BASALTO,49.74
-53.6664,-24.667,ANM,BR,BASALTO,49.78
-52.3564,-28.3141,ANM,BR,BASALTO,7.24
-49.9721,-23.7484,ANM,BR,DIABÁSIO,14.74
-49.5303,-18.9495,ANM,BR,BASALTO,10.78
-53.1935,-27.5609,ANM,BR,BASALTO,1.52
-52.3089,-28.3339,ANM,BR,BASALTO,9.09
-49.5311,-18.9484,ANM,BR,BASALTO,5.14
-51.8356,-28.5952,ANM,BR,BASALTO,1.36
-54.5044,-29.6166,ANM,BR,BASALTO,2.03
-51.9723,-29.2617,ANM,BR,BASALTO,2.24
-51.651,-28.7917,ANM,BR,BASALTO,1.4
-52.4747,-28.2898,ANM,BR,BASALTO,8.66
-51.4171,-23.5928,ANM,BR,BASALTO,49.6
-54.134,-27.5287,ANM,BR,BASALTO,2.54
-53.9021,-28.2257,ANM,BR,BASALTO,2.08
-52.5327,-28.3987,ANM,BR,BASALTO,1.4
-49.848,-27.8206,ANM,BR,BASALTO,35.73
-53.5412,-29.4907,ANM,BR,BASALTO,0.48
-51.57,-28.7207,ANM,BR,BASALTO,4.05
-51.1952,-28.8296,ANM,BR,BASALTO,1.12
-53.3718,-29.5254,ANM,BR,BASALTO,4.41
-52.838,-29.2814,ANM,BR,BASALTO,0.68
-51.7897,-28.5837,ANM,BR,BASALTO,0.39
-52.0187,-28.4384,ANM,BR,BASALTO,1.01
-50.63,-28.8711,ANM,BR,BASALTO,0.39
-51.7143,-28.7617,ANM,BR,BASALTO,3.24
-50.7617,-29.0552,ANM,BR,BASALTO,0.69
-42.6454,-5.5351,ANM,BR,DIABÁSIO,7.93
-50.8961,-29.48,ANM,BR,BASALTO,17.99
-53.5724,-29.5661,ANM,BR,BASALTO,12.39
-55.9269,-29.6777,ANM,BR,BASALTO,2.74
-53.207,-24.5909,ANM,BR,BASALTO,49.74
-51.6407,-28.7746,ANM,BR,BASALTO,6.86
-50.4875,-29.128,ANM,BR,BASALTO,0.78
-51.8051,-28.5729,ANM,BR,BASALTO,3.55
-52.4548,-27.8289,ANM,BR,BASALTO,4.93
-53.7798,-27.652,ANM,BR,BASALTO,1.15
-52.4023,-25.596,ANM,BR,BASALTO,4.59
-51.8628,-28.1515,ANM,BR,BASALTO,1.3
-51.5106,-28.7574,ANM,BR,BASALTO,2.99
-51.783,-29.6248,ANM,BR,BASALTO,2.73
-51.6966,-28.7696,ANM,BR,BASALTO,1.86
-50.7629,-29.1609,ANM,BR,BASALTO,0.26
-57.706,-14.6873,ANM,BR,BASALTO,50
-53.7513,-29.6406,ANM,BR,BASALTO,7.63
-52.9657,-28.2041,ANM,BR,BASALTO,0.53
-42.9618,-6.8075,ANM,BR,DIABÁSIO,40.56
-42.9513,-6.8031,ANM,BR,DIABÁSIO,49.66
-52.6278,-28.225,ANM,BR,BASALTO,0.1
-46.4446,-6.2629,ANM,BR,BASALTO,48.32
-51.8304,-28.5996,ANM,BR,BASALTO,0.36
-51.8468,-28.5562,ANM,BR,BASALTO,1.59
-51.7247,-28.2414,ANM,BR,BASALTO,4.3
-51.7422,-29.6225,ANM,BR,BASALTO,3.87
-51.4742,-28.7153,ANM,BR,BASALTO,1.58
-50.1536,-20.8513,ANM,BR,BASALTO,8.59
-53.277,-29.7027,ANM,BR,BASALTO,6.87
-50.9284,-28.4795,ANM,BR,BASALTO,2.52
-53.0108,-26.7614,ANM,BR,BASALTO,1.44
-50.9657,-28.4754,ANM,BR,BASALTO,2.46
-51.571,-28.7211,ANM,BR,BASALTO,0.36
-51.7938,-28.5801,ANM,BR,BASALTO,2.15
-52.7571,-28.4689,ANM,BR,BASALTO,4.61
-51.8119,-28.5578,ANM,BR,BASALTO,2.24
-41.2342,-7.8006,ANM,BR,DIABÁSIO,49.25
-53.2308,-26.7801,ANM,BR,BASALTO,2.32
-52.2668,-29.2069,ANM,BR,BASALTO,0.62
-54.7049,-28.1587,ANM,BR,BASALTO,1.15
-53.4844,-29.4502,ANM,BR,BASALTO,1.92
-51.5552,-28.9103,ANM,BR,BASALTO,13.25
-52.0794,-29.6847,ANM,BR,BASALTO,3.25
-49.6903,-24.2383,ANM,BR,DIABÁSIO,3.07
-51.8542,-28.6088,ANM,BR,BASALTO,7.93
-50.1496,-20.8494,ANM,BR,BASALTO,49.95
-54.0583,-27.648,ANM,BR,BASALTO,3.73
-51.85,-28.5623,ANM,BR,BASALTO,3.24
-51.8347,-28.592,ANM,BR,BASALTO,1.45
-43.4497,-5.228,ANM,BR,BASALTO,15.57
-53.043,-27.3102,ANM,BR,BASALTO,2.02
-51.9488,-29.6287,ANM,BR,BASALTO,1.58
-49.6689,-29.111,ANM,BR,BASALTO,12.49
-54.1226,-29.4516,ANM,BR,BASALTO,2.88
-53.0411,-27.3103,ANM,BR,BASALTO,2.39
-51.9938,-29.041,ANM,BR,BASALTO,3.5
-52.1434,-27.1947,ANM,BR,BASALTO,6.13
-51.7552,-29.6707,ANM,BR,BASALTO,10.84
-54.1144,-29.3432,ANM,BR,BASALTO,3.3
-50.1819,-29.7842,ANM,BR,BASALTO,0.74
-51.8302,-28.5623,ANM,BR,BASALTO,0.64
-52.4039,-29.2184,ANM,BR,BASALTO,0.99
-51.5999,-29.2285,ANM,BR,BASALTO,38.85
-53.6255,-27.1798,ANM,BR,BASALTO,19.32
-46.5754,-7.0891,ANM,BR,BASALTO,49.98
-51.9338,-30.088,ANM,BR,DIABÁSIO,1599.76
-52.3754,-29.6896,ANM,BR,BASALTO,6.22
-50.7042,-17.8768,ANM,BR,BASALTO,19.5
-50.1647,-21.2746,ANM,BR,BASALTO,15.59
-50.7039,-17.8749,ANM,BR,BASALTO,27.7
-52.5532,-26.5186,ANM,BR,BASALTO,6.71
-53.2446,-26.7656,ANM,BR,BASALTO,2.74
-52.0595,-27.1978,ANM,BR,BASALTO,17.58
-52.2885,-27.155,ANM,BR,BASALTO,9.93
-52.5103,-27.7529,ANM,BR,BASALTO,1.96
-50.5453,-27.2708,ANM,BR,BASALTO,6.7
-51.5055,-28.6813,ANM,BR,BASALTO,3.59
-51.5785,-28.8618,ANM,BR,BASALTO,1.96
-51.5787,-28.8616,ANM,BR,BASALTO,4.51
-51.5051,-28.6812,ANM,BR,BASALTO,3.4
-50.545,-27.2722,ANM,BR,BASALTO,29.35
-50.5447,-27.2722,ANM,BR,BASALTO,22.65
-56.4247,-30.4031,ANM,BR,BASALTO,4.59
-44.0896,-6.0124,ANM,BR,BASALTO,8.98
-42.6456,-5.535,ANM,BR,DIABÁSIO,16.07
-55.561,-30.7876,ANM,BR,BASALTO,28.36
-52.1299,-20.343,ANM,BR,BASALTO,50
-53.471,-29.4326,ANM,BR,BASALTO,0.46
-51.8357,-28.5774,ANM,BR,BASALTO,1.85
-51.7419,-29.6182,ANM,BR,BASALTO,1.05
-52.2717,-29.3852,ANM,BR,BASALTO,0.85
-71.0511,-32.9812,OSM,BR,,
-70.6648,-33.4406,OSM,BR,,
-70.6474,-33.4193,OSM,BR,,
-71.0643,-32.4757,OSM,BR,copper;cobre;oxidos,
-70.8948,-32.9679,OSM,BR,,
-70.7541,-32.7529,OSM,BR,aggregate,
-71.0393,-31.069,OSM,BR,,
-71.0509,-32.9874,OSM,BR,,
-70.6031,-33.5704,OSM,BR,aggregate,
-70.0514,-33.8284,OSM,BR,,
-71.2427,-29.8948,OSM,BR,gravel_and_sand,
-70.6665,-33.3109,OSM,BR,aggregate,
-71.3892,-33.3225,OSM,BR,,
-71.3365,-33.3583,OSM,BR,,
-70.6567,-33.1894,OSM,BR,,
-71.2522,-29.8706,OSM,BR,,
-71.4513,-33.3237,OSM,BR,,
-71.3695,-33.2703,OSM,BR,,
-71.346,-33.3164,OSM,BR,,
-71.3323,-33.3151,OSM,BR,,
-71.5044,-33.2927,OSM,BR,,
-71.0205,-33.8309,OSM,BR,,
-71.5239,-33.4117,OSM,BR,,
-70.7075,-33.3796,OSM,BR,,
-71.5004,-33.4635,OSM,BR,,
-71.5278,-33.0142,OSM,BR,,
-71.4166,-33.4254,OSM,BR,,
-71.4191,-33.4244,OSM,BR,,
-71.2909,-33.3101,OSM,BR,,
-70.6064,-33.5665,OSM,BR,aggregate,
-71.3064,-33.2427,OSM,BR,,
-70.3008,-31.0932,OSM,BR,,
-71.4664,-33.2279,OSM,BR,,
-71.4544,-33.2395,OSM,BR,,
-69.9539,-29.3754,OSM,BR,,
-69.9793,-29.3284,OSM,BR,,
-71.3296,-33.2254,OSM,BR,,
-71.3666,-33.2493,OSM,BR,,
-71.4268,-33.2733,OSM,BR,,
-71.5554,-33.1909,OSM,BR,,
-71.5601,-33.5294,OSM,BR,,
-71.5922,-30.9164,OSM,BR,,
-71.46,-32.9379,OSM,BR,,
-71.3319,-32.942,OSM,BR,aggregate;clay,
-71.4524,-33.4599,OSM,BR,,
-70.4682,-29.6957,OSM,BR,,
-69.4392,-32.2458,OSM,BR,,
-70.4898,-31.715,OSM,BR,copper,
-70.4266,-31.753,OSM,BR,copper,
-70.4747,-31.4838,OSM,BR,,
-70.513,-31.472,OSM,BR,,
-71.1727,-32.088,OSM,BR,,
-69.268,-32.95,OSM,BR,,
-69.455,-33.3379,OSM,BR,,
-69.4722,-33.3512,OSM,BR,,
-69.4451,-33.3269,OSM,BR,,
-69.4822,-33.3741,OSM,BR,,
-69.4808,-33.3737,OSM,BR,,
-69.4823,-33.3752,OSM,BR,,
-69.4837,-33.3747,OSM,BR,,
-69.1643,-33.0291,OSM,BR,,
-69.1602,-33.0233,OSM,BR,,
-70.7497,-33.3902,OSM,BR,,
-70.8078,-33.5313,OSM,BR,,
-70.7315,-33.6907,OSM,BR,gravel;sand,
-71.4485,-30.24,OSM,BR,,
-69.0786,-33.9603,OSM,BR,,
-70.709,-33.3187,OSM,BR,aggregate,
-69.4059,-31.9258,OSM,BR,,
-69.3251,-31.2545,OSM,BR,,
-69.4382,-31.8261,OSM,BR,,
-69.4183,-31.85,OSM,BR,,
-69.4144,-31.8009,OSM,BR,,
-69.2692,-30.3379,OSM,BR,,
-69.3712,-32.429,OSM,BR,,
-69.3631,-32.2888,OSM,BR,,
-71.103,-30.2036,OSM,BR,,
-71.0583,-31.4035,OSM,BR,,
-71.0486,-31.4022,OSM,BR,,
-71.1089,-30.8855,OSM,BR,,
-71.1093,-30.8908,OSM,BR,,
-71.1031,-30.8882,OSM,BR,,
-71.105,-30.8892,OSM,BR,,
-71.0998,-30.8872,OSM,BR,,
-71.1041,-30.8831,OSM,BR,,
-70.9209,-29.0618,OSM,BR,,
-70.9545,-29.1449,OSM,BR,,
-71.2269,-29.4366,OSM,BR,,
-71.5676,-31.1952,OSM,BR,,
-71.5728,-31.1919,OSM,BR,,
-71.2464,-31.2847,OSM,BR,,
-71.2514,-31.2874,OSM,BR,,
-71.2388,-31.1918,OSM,BR,,
-71.2398,-31.1959,OSM,BR,,
-71.2347,-31.2029,OSM,BR,,
-71.2672,-31.2097,OSM,BR,,
-71.2661,-31.2139,OSM,BR,,
-71.2677,-31.2195,OSM,BR,,
-69.0424,-32.2793,OSM,BR,,
-70.5941,-33.5716,OSM,BR,aggregate,
-70.6758,-30.3522,OSM,BR,,
-70.9462,-30.2483,OSM,BR,,
-70.7801,-33.3587,OSM,BR,,
-69.8959,-29.3697,OSM,BR,,
-69.9215,-29.4185,OSM,BR,,
-69.9439,-29.3401,OSM,BR,,
-69.9185,-30.0706,OSM,BR,,
-70.2186,-31.1078,OSM,BR,,
-70.2337,-31.0821,OSM,BR,,
-69.6213,-31.2399,OSM,BR,,
-69.6895,-30.5058,OSM,BR,,
-69.591,-30.3031,OSM,BR,,
-69.8615,-29.1606,OSM,BR,,
-69.8735,-29.1746,OSM,BR,,
-69.8803,-29.1912,OSM,BR,,
-69.8735,-29.2039,OSM,BR,,
-69.8634,-29.2385,OSM,BR,,
-71.2032,-29.8928,OSM,BR,,
-71.2092,-29.8884,OSM,BR,stone,
-71.3924,-33.9599,OSM,BR,,
-71.4675,-32.7494,OSM,BR,,
-70.7944,-33.3425,OSM,BR,,
-71.4258,-33.0905,OSM,BR,,
-71.3582,-32.9309,OSM,BR,,
-71.2709,-32.8895,OSM,BR,,
-71.304,-32.9199,OSM,BR,aggregate,
-70.6897,-33.6594,OSM,BR,,
-71.1904,-33.6985,OSM,BR,,
-71.1988,-33.7011,OSM,BR,,
-71.1527,-33.691,OSM,BR,,
-70.7155,-33.686,OSM,BR,,
-70.6891,-33.6641,OSM,BR,,
-70.7165,-33.6757,OSM,BR,,
-70.7532,-33.6996,OSM,BR,,
-70.7404,-33.701,OSM,BR,,
-70.7111,-33.6778,OSM,BR,,
-70.6614,-33.6572,OSM,BR,,
-70.6815,-33.6639,OSM,BR,,
-70.6849,-33.6564,OSM,BR,,
-70.6821,-33.6564,OSM,BR,,
-70.6767,-33.6575,OSM,BR,,
-70.7802,-33.7192,OSM,BR,,
-70.7826,-33.7247,OSM,BR,,
-70.7926,-33.7245,OSM,BR,aggregate,
-70.7658,-33.7089,OSM,BR,,
-71.4364,-33.0816,OSM,BR,,
-71.4339,-33.0842,OSM,BR,,
-70.7816,-33.4724,OSM,BR,,
-70.776,-33.4715,OSM,BR,,
-70.7904,-33.4487,OSM,BR,pozzolan,
-70.8161,-33.4129,OSM,BR,,
-70.8235,-33.4048,OSM,BR,,
-70.8158,-33.4021,OSM,BR,,
-70.6286,-33.5255,OSM,BR,,
-70.5043,-33.6073,OSM,BR,aggregate,
-70.5122,-33.6076,OSM,BR,aggregate,
-70.4572,-33.5819,OSM,BR,aggregate,
-70.4545,-33.5818,OSM,BR,aggregate,
-70.9133,-33.5009,OSM,BR,,
-70.7169,-33.54,OSM,BR,concrete,
-70.7293,-33.5348,OSM,BR,,
-70.7238,-33.5337,OSM,BR,,
-70.7204,-33.5325,OSM,BR,,
-70.7255,-33.5201,OSM,BR,,
-71.3687,-32.986,OSM,BR,,
-71.3908,-32.9832,OSM,BR,,
-70.6007,-33.6201,OSM,BR,,
-70.8417,-33.2615,OSM,BR,aggregate,
-69.0845,-33.999,OSM,BR,,
-69.0772,-33.9566,OSM,BR,,
-69.0649,-33.9718,OSM,BR,,
-69.0665,-33.9735,OSM,BR,,
-69.0154,-33.9712,OSM,BR,,
-69.4461,-33.3301,OSM,BR,,
-71.2282,-30.5576,OSM,BR,iron_ore,
-71.2258,-30.5625,OSM,BR,iron_ore,
-70.0235,-29.3237,OSM,BR,gold;silver,
-70.6985,-33.3469,OSM,BR,,
-71.0453,-29.1445,OSM,BR,iron_ore,
-71.0397,-29.1488,OSM,BR,iron_ore,
-71.0102,-29.1049,OSM,BR,iron_ore,
-71.022,-29.1261,OSM,BR,iron_ore,
-71.0309,-29.1363,OSM,BR,iron_ore,
-71.0353,-29.1335,OSM,BR,iron_ore,
-71.0773,-29.2362,OSM,BR,iron_ore,
-71.0848,-29.2407,OSM,BR,iron_ore,
-71.0347,-29.259,OSM,BR,iron_ore,
-71.2363,-29.4494,OSM,BR,iron_ore,
-71.2355,-29.7199,OSM,BR,iron_ore,
-71.1419,-29.8303,OSM,BR,,
-70.9228,-29.7634,OSM,BR,copper,
-69.9704,-29.7451,OSM,BR,gold;silver;copper,
-69.9647,-29.7462,OSM,BR,gold;silver;copper,
-69.9663,-29.7543,OSM,BR,gold;silver;copper,
-69.9627,-29.7567,OSM,BR,gold;silver;copper,
-69.9498,-29.8129,OSM,BR,gold;silver;copper,
-69.9582,-29.7987,OSM,BR,,
-69.9641,-29.7849,OSM,BR,,
-69.9635,-29.7142,OSM,BR,,
-71.2879,-30.0088,OSM,BR,aggregate,
-71.101,-30.2362,OSM,BR,,
-71.1127,-30.2438,OSM,BR,,
-71.1257,-30.2518,OSM,BR,gold,
-71.1252,-30.2481,OSM,BR,gold,
-71.1191,-30.2432,OSM,BR,gold,
-71.1006,-30.2105,OSM,BR,gold,
-71.0949,-30.2484,OSM,BR,copper,
-71.5022,-30.3099,OSM,BR,limestone,
-71.5084,-30.3105,OSM,BR,limestone,
-71.5121,-30.3075,OSM,BR,limestone,
-71.5082,-30.3064,OSM,BR,limestone,
-71.1832,-30.5427,OSM,BR,copper,
-71.1613,-30.4678,OSM,BR,aggregate,
-70.9546,-31.6736,OSM,BR,copper,
-70.9574,-31.6665,OSM,BR,copper,
-70.9541,-31.6763,OSM,BR,copper,
-70.9209,-31.6994,OSM,BR,copper,
-70.8556,-32.5778,OSM,BR,copper,
-71.111,-32.6354,OSM,BR,copper,
-71.1052,-32.6498,OSM,BR,copper,
-71.0872,-32.7459,OSM,BR,copper,
-70.9562,-32.7214,OSM,BR,copper,
-70.9595,-32.7212,OSM,BR,copper,
-70.9751,-32.6792,OSM,BR,copper,
-70.979,-32.6813,OSM,BR,copper,
-70.893,-32.7195,OSM,BR,limestone,
-70.253,-32.9668,OSM,BR,aggregate,
-70.2578,-33.1503,OSM,BR,copper;molybdenum,
-70.2802,-33.1472,OSM,BR,copper,
-71.338,-32.9411,OSM,BR,aggregate;clay,
-71.3308,-32.9499,OSM,BR,aggregate;clay,
-71.3967,-32.9226,OSM,BR,aggregate,
-71.3958,-32.9186,OSM,BR,aggregate,
-70.8236,-33.1472,OSM,BR,limestone,
-70.8106,-33.152,OSM,BR,limestone,
-70.8177,-33.1667,OSM,BR,limestone,
-70.8385,-33.1681,OSM,BR,limestone,
-70.6701,-33.0651,OSM,BR,dimension_stone,
-70.6728,-33.0674,OSM,BR,dimension_stone,
-70.924,-33.4457,OSM,BR,copper,
-70.5088,-33.4718,OSM,BR,,
-70.5094,-33.4703,OSM,BR,,
-71.481,-33.5428,OSM,BR,sand;quartz,
-71.4762,-33.5385,OSM,BR,sand;quartz,
-70.6739,-33.6255,OSM,BR,,
-71.0818,-29.239,OSM,BR,iron_ore,
-70.963,-30.2303,OSM,BR,gypsum,
-70.9672,-30.2324,OSM,BR,gypsum,
-70.7172,-33.3778,OSM,BR,,
-70.7088,-33.3749,OSM,BR,,
-70.529,-33.5619,OSM,BR,,
-70.4909,-33.5921,OSM,BR,,
-70.4992,-33.5948,OSM,BR,,
-70.4945,-33.4074,OSM,BR,,
-70.8137,-33.4599,OSM,BR,,
-71.2383,-32.4584,OSM,BR,,
-71.3855,-31.6461,OSM,BR,,
-71.031,-29.7241,OSM,BR,,
-70.5739,-29.466,OSM,BR,aggregate,
-70.8101,-33.5644,OSM,BR,,
-70.6921,-33.3075,OSM,BR,,
-70.6898,-33.3095,OSM,BR,aggregate,
-70.6891,-33.3086,OSM,BR,aggregate,
-70.6877,-33.3085,OSM,BR,aggregate,
-70.686,-33.3101,OSM,BR,aggregate,
-69.6351,-31.1788,OSM,BR,,
-69.6353,-31.2071,OSM,BR,gold,
-69.644,-31.1989,OSM,BR,,
-69.6928,-31.1751,OSM,BR,,
-70.8022,-33.3574,OSM,BR,,
-70.792,-33.3484,OSM,BR,,
-70.8001,-33.3498,OSM,BR,,
-70.9719,-32.7503,OSM,BR,,
-69.9603,-32.8191,OSM,BR,,
-69.9917,-32.818,OSM,BR,,
-69.973,-32.8222,OSM,BR,,
-70.8923,-32.8744,OSM,BR,,
-70.6655,-33.3157,OSM,BR,aggregate,
-70.6884,-33.3092,OSM,BR,aggregate,
-70.6672,-33.3171,OSM,BR,aggregate,
-70.6683,-33.316,OSM,BR,aggregate,
-70.684,-33.3108,OSM,BR,aggregate,
-70.6861,-33.3085,OSM,BR,aggregate,
-70.6897,-33.3084,OSM,BR,aggregate,
-70.6911,-33.3099,OSM,BR,aggregate,
-70.6652,-33.3165,OSM,BR,aggregate,
-70.6661,-33.3187,OSM,BR,aggregate,
-70.6641,-33.3097,OSM,BR,aggregate,
-70.6636,-33.31,OSM,BR,aggregate,
-70.6619,-33.3147,OSM,BR,aggregate,
-70.6597,-33.315,OSM,BR,aggregate,
-70.6588,-33.3142,OSM,BR,aggregate,
-70.658,-33.3143,OSM,BR,aggregate,
-70.6631,-33.3136,OSM,BR,aggregate,
-70.6617,-33.314,OSM,BR,aggregate,
-70.6624,-33.3125,OSM,BR,aggregate,
-70.6602,-33.3124,OSM,BR,aggregate,
-70.6333,-33.3214,OSM,BR,aggregate,
-70.6645,-33.3166,OSM,BR,aggregate,
-70.6648,-33.3173,OSM,BR,aggregate,
-70.6658,-33.3178,OSM,BR,aggregate,
-70.6828,-33.3103,OSM,BR,aggregate,
-70.6843,-33.3118,OSM,BR,aggregate,
-70.6865,-33.3122,OSM,BR,aggregate,
-70.6851,-33.3098,OSM,BR,aggregate,
-70.6859,-33.3096,OSM,BR,aggregate,
-70.6993,-33.3822,OSM,BR,aggregate,
-70.8734,-32.9218,OSM,BR,,
-70.8791,-32.8778,OSM,BR,,
-70.8816,-32.8863,OSM,BR,,
-70.8808,-32.8854,OSM,BR,,
-70.8801,-32.8842,OSM,BR,,
-70.8808,-32.8833,OSM,BR,,
-67.4435,-29.1854,OSM,BR,,
-64.5102,-31.1111,OSM,BR,,
-65.4383,-33.6882,OSM,BR,,
-65.4413,-33.6875,OSM,BR,,
-65.4346,-33.6866,OSM,BR,,
-65.4328,-33.6866,OSM,BR,,
-65.4317,-33.686,OSM,BR,,
-65.4319,-33.6849,OSM,BR,,
-65.4345,-33.6854,OSM,BR,,
-65.4356,-33.6845,OSM,BR,,
-65.4347,-33.6845,OSM,BR,,
-68.8612,-32.7392,OSM,BR,,
-64.454,-31.6685,OSM,BR,,
-68.5017,-31.3136,OSM,BR,,
-64.5221,-30.9304,OSM,BR,,
-64.6947,-30.8372,OSM,BR,,
-64.6823,-30.8667,OSM,BR,,
-64.4426,-31.2771,OSM,BR,,
-64.4399,-31.2734,OSM,BR,,
-64.3178,-32.1888,OSM,BR,,
-66.2855,-33.187,OSM,BR,,
-66.2927,-33.2022,OSM,BR,,
-66.2983,-33.2142,OSM,BR,,
-66.2915,-33.2185,OSM,BR,,
-68.474,-31.3394,OSM,BR,,
-64.4782,-31.5875,OSM,BR,,
-64.4855,-31.5816,OSM,BR,,
-68.944,-33.4144,OSM,BR,,
-68.9176,-33.3377,OSM,BR,,
-65.4473,-32.3861,OSM,BR,,
-68.6812,-31.9137,OSM,BR,,
-68.7096,-31.9608,OSM,BR,,
-68.6961,-31.8889,OSM,BR,,
-64.3754,-31.4947,OSM,BR,,
-64.3738,-31.4527,OSM,BR,,
-64.3331,-31.3138,OSM,BR,,
-66.401,-33.8178,OSM,BR,,
-68.5878,-31.3785,OSM,BR,,
-68.597,-31.3766,OSM,BR,,
-68.9343,-33.2889,OSM,BR,,
-68.1988,-31.4464,OSM,BR,,
-68.5969,-29.7188,OSM,BR,gold,
-68.5655,-31.4066,OSM,BR,,
-67.4556,-30.0436,OSM,BR,,
-68.7752,-31.0201,OSM,BR,,
-68.7773,-31.0132,OSM,BR,,
-68.7774,-31.0093,OSM,BR,,
-64.3588,-31.3477,OSM,BR,,
-64.3705,-31.3625,OSM,BR,,
-68.459,-31.3197,OSM,BR,,
-68.4406,-31.3206,OSM,BR,,
-64.3263,-31.3267,OSM,BR,,
-68.711,-31.5668,OSM,BR,,
-68.7223,-32.5943,OSM,BR,,
-68.7214,-32.5968,OSM,BR,,
-68.7337,-32.5875,OSM,BR,,
-68.7319,-32.5865,OSM,BR,,
-68.7224,-32.5892,OSM,BR,,
-68.5319,-31.8684,OSM,BR,,
-68.7151,-31.5067,OSM,BR,,
-68.7272,-31.5026,OSM,BR,,
-68.7214,-31.5067,OSM,BR,,
-68.7286,-31.5063,OSM,BR,,
-66.6547,-33.5069,OSM,BR,salt,
-68.7146,-31.5703,OSM,BR,,
-68.5135,-31.4576,OSM,BR,,
-68.521,-31.4639,OSM,BR,,
-64.4689,-31.085,OSM,BR,,
-68.6833,-31.5416,OSM,BR,,
-68.6743,-31.5977,OSM,BR,,
-68.8454,-32.6308,OSM,BR,,
-68.7566,-30.2994,OSM,BR,,
-64.3229,-31.0917,OSM,BR,,
-67.7472,-30.181,OSM,BR,,
-67.4687,-29.0635,OSM,BR,,
-68.7248,-33.1484,OSM,BR,,
-68.7584,-33.0947,OSM,BR,,
-68.7517,-33.0911,OSM,BR,,
-68.7472,-33.0928,OSM,BR,,
-68.7542,-33.1071,OSM,BR,,
-68.7767,-33.0673,OSM,BR,,
-68.782,-33.1292,OSM,BR,,
-68.5179,-33.473,OSM,BR,,
-68.6973,-33.3178,OSM,BR,,
-68.504,-33.2925,OSM,BR,,
-68.5189,-33.2913,OSM,BR,,
-68.4987,-33.2799,OSM,BR,,
-68.4031,-33.5473,OSM,BR,,
-68.3821,-33.5793,OSM,BR,,
-68.3053,-33.619,OSM,BR,,
-68.4561,-33.546,OSM,BR,,
-68.6409,-33.4783,OSM,BR,,
-68.36,-33.4067,OSM,BR,,
-68.3517,-33.4258,OSM,BR,,
-68.389,-33.5789,OSM,BR,,
-68.6671,-31.9616,OSM,BR,,
-68.6654,-31.9459,OSM,BR,,
-68.6302,-31.9581,OSM,BR,,
-68.6876,-31.9755,OSM,BR,,
-68.6948,-31.9844,OSM,BR,,
-68.6733,-31.9595,OSM,BR,,
-68.683,-31.9725,OSM,BR,,
-68.6527,-31.9419,OSM,BR,,
-68.6998,-32.037,OSM,BR,,
-68.5473,-33.2864,OSM,BR,,
-68.5255,-33.2534,OSM,BR,,
-68.5251,-33.2657,OSM,BR,,
-68.7852,-32.8029,OSM,BR,,
-68.957,-33.8649,OSM,BR,,
-64.5875,-31.0204,OSM,BR,marble,
-64.4075,-30.9556,OSM,BR,,
-64.5372,-31.1013,OSM,BR,,
-64.5316,-31.098,OSM,BR,,
-64.5418,-31.1266,OSM,BR,,
-68.849,-31.4616,OSM,BR,Riolita,
-68.8484,-31.4589,OSM,BR,Riolita,
-64.3507,-31.3752,OSM,BR,,
-64.4091,-31.4204,OSM,BR,,
-64.4105,-31.4219,OSM,BR,,
-64.3305,-31.372,OSM,BR,,
-64.4075,-31.4288,OSM,BR,,
-64.3348,-31.3759,OSM,BR,,
-64.4352,-31.1934,OSM,BR,,
-64.35,-31.395,OSM,BR,,
-64.3577,-31.3673,OSM,BR,,
-64.4368,-31.1227,OSM,BR,,
-64.3594,-31.3618,OSM,BR,,
-64.3594,-31.3604,OSM,BR,,
-64.3408,-31.0745,OSM,BR,,
-64.3345,-31.5583,OSM,BR,,
-64.2767,-31.1316,OSM,BR,,
-68.3493,-33.4276,OSM,BR,,
-64.5058,-31.1137,OSM,BR,,
-64.5124,-31.1222,OSM,BR,,
-64.5281,-31.1057,OSM,BR,,
-67.343,-31.2583,OSM,BR,,
-67.2909,-31.0086,OSM,BR,,
-67.5137,-30.7826,OSM,BR,,
-67.7089,-30.2337,OSM,BR,,
-68.6452,-29.6842,OSM,BR,,
-67.6167,-30.6552,OSM,BR,,
-67.6206,-30.6327,OSM,BR,,
-67.5719,-30.658,OSM,BR,,
-67.5869,-30.6533,OSM,BR,,
-67.5789,-30.6494,OSM,BR,,
-67.62,-30.6158,OSM,BR,,
-67.6171,-30.6107,OSM,BR,,
-67.6209,-30.6081,OSM,BR,,
-67.6129,-30.5995,OSM,BR,,
-67.6318,-30.5821,OSM,BR,,
-67.6243,-30.5788,OSM,BR,,
-67.6188,-30.5782,OSM,BR,,
-67.6151,-30.577,OSM,BR,,
-67.6254,-30.5844,OSM,BR,,
-67.6353,-30.5707,OSM,BR,,
-67.63,-30.5726,OSM,BR,,
-67.6261,-30.5724,OSM,BR,,
-67.6399,-30.5973,OSM,BR,,
-67.6685,-30.5589,OSM,BR,,
-67.6714,-30.5611,OSM,BR,,
-67.6715,-30.564,OSM,BR,,
-67.6319,-30.5652,OSM,BR,,
-67.6316,-30.5667,OSM,BR,,
-67.639,-30.5624,OSM,BR,,
-67.6415,-30.5622,OSM,BR,,
-67.6457,-30.5632,OSM,BR,,
-64.3523,-31.3682,OSM,BR,,
-64.3275,-31.3491,OSM,BR,,
-64.3285,-31.3308,OSM,BR,,
-64.3267,-31.3321,OSM,BR,,
-64.3249,-31.3296,OSM,BR,,
-64.357,-31.3584,OSM,BR,,
-64.2242,-31.048,OSM,BR,,
-64.2138,-31.0795,OSM,BR,,
-64.2121,-31.0796,OSM,BR,,
-64.2241,-31.1023,OSM,BR,,
-64.3483,-31.3536,OSM,BR,,
-65.1366,-33.6932,OSM,BR,,
-65.1443,-33.6948,OSM,BR,,
-64.9626,-33.6643,OSM,BR,,
-65.0127,-33.5473,OSM,BR,,
-65.1314,-33.4883,OSM,BR,,
-64.9756,-32.7225,OSM,BR,,
-66.5592,-33.764,OSM,BR,,
-66.3768,-33.7713,OSM,BR,,
-66.3753,-33.7762,OSM,BR,,
-65.8882,-33.2804,OSM,BR,,
-65.8893,-33.2786,OSM,BR,,
-65.9821,-33.1102,OSM,BR,,
-65.9865,-33.1123,OSM,BR,,
-65.8103,-32.9459,OSM,BR,,
-65.8077,-32.9471,OSM,BR,,
-65.9428,-33.1865,OSM,BR,,
-65.9493,-33.1837,OSM,BR,,
-66.9223,-29.6732,OSM,BR,,
-64.2721,-31.1389,OSM,BR,,
-64.4195,-31.9842,OSM,BR,,
-64.477,-31.2545,OSM,BR,,
-64.7901,-30.7266,OSM,BR,,
-65.0269,-29.3097,OSM,BR,,
-65.033,-29.3105,OSM,BR,,
-65.0375,-29.3168,OSM,BR,,
-65.0234,-29.2916,OSM,BR,,
-64.3517,-32.3716,OSM,BR,,
-64.3635,-32.3552,OSM,BR,,
-65.0432,-29.1421,OSM,BR,,
-65.0493,-29.1508,OSM,BR,,
-65.051,-29.1555,OSM,BR,,
-66.887,-29.4346,OSM,BR,,
-64.46,-31.4946,OSM,BR,,
-64.5517,-31.0298,OSM,BR,,
-64.6357,-30.8805,OSM,BR,,
-64.6458,-30.8808,OSM,BR,,
-64.6406,-30.8811,OSM,BR,,
-64.568,-31.5326,OSM,BR,,
-64.5773,-31.5521,OSM,BR,,
-64.2683,-31.1431,OSM,BR,,
-64.2702,-31.1413,OSM,BR,,
-64.3449,-31.0638,OSM,BR,,
-64.3862,-31.3636,OSM,BR,,
-64.5102,-31.5949,OSM,BR,,
-64.2784,-31.8059,OSM,BR,,
-64.3727,-31.7541,OSM,BR,,
-64.4357,-31.3453,OSM,BR,,
-64.4332,-31.3422,OSM,BR,,
-64.4246,-31.3289,OSM,BR,,
-64.4148,-31.2606,OSM,BR,,
-64.1293,-31.0231,OSM,BR,,
-64.1243,-31.0249,OSM,BR,,
-64.1268,-31.0239,OSM,BR,,
-64.3528,-31.3469,OSM,BR,,
-64.3428,-31.3323,OSM,BR,,
-64.3638,-31.3298,OSM,BR,,
-64.3975,-31.7189,OSM,BR,,
-64.4111,-31.7797,OSM,BR,,
-64.4102,-31.6713,OSM,BR,,
-68.7385,-32.6497,OSM,BR,,
-68.7316,-32.63,OSM,BR,,
-68.7364,-32.6395,OSM,BR,,
-68.7442,-32.6713,OSM,BR,,
-68.6656,-33.0085,OSM,BR,,
-68.6712,-33.0096,OSM,BR,,
-68.9324,-33.4155,OSM,BR,,
-68.9404,-33.4096,OSM,BR,,
-68.8667,-33.1988,OSM,BR,,
-68.8739,-33.1977,OSM,BR,,
-68.9546,-33.7851,OSM,BR,,
-68.9608,-33.7888,OSM,BR,,
-68.969,-33.7851,OSM,BR,,
-68.9379,-33.6783,OSM,BR,,
-64.3569,-31.7658,OSM,BR,,
-66.1946,-33.2436,OSM,BR,,
-66.1947,-33.2442,OSM,BR,,
-64.5306,-31.9556,OSM,BR,,
-65.1022,-31.3597,OSM,BR,,
-64.5707,-32.4402,OSM,BR,Fluorita,
-64.578,-32.4386,OSM,BR,Fluorita,
-64.7908,-32.5034,OSM,BR,,
-64.5714,-32.4364,OSM,BR,Fluorita,
-64.5771,-32.4361,OSM,BR,Fluorita,
-64.7971,-32.5038,OSM,BR,,
-64.3656,-31.469,OSM,BR,,
-65.4594,-33.7042,OSM,BR,,
-65.4619,-33.7076,OSM,BR,,
-65.4611,-33.7016,OSM,BR,,
-65.4621,-33.7006,OSM,BR,,
-65.4598,-33.7013,OSM,BR,,
-65.4551,-33.7032,OSM,BR,,
-65.4532,-33.706,OSM,BR,,
-65.4824,-33.6891,OSM,BR,,
-65.4643,-33.7011,OSM,BR,,
-65.4455,-33.7073,OSM,BR,,
-65.4409,-33.7079,OSM,BR,,
-65.4388,-33.7088,OSM,BR,,
-65.4362,-33.7113,OSM,BR,,
-65.4038,-33.7218,OSM,BR,,
-68.2991,-31.5553,OSM,BR,,
-68.8379,-32.7926,OSM,BR,sand,
-68.8529,-32.7353,OSM,BR,,
-68.9399,-32.5706,OSM,BR,,
-65.504,-33.65,OSM,BR,,
-64.3807,-32.0541,OSM,BR,,
-64.3674,-31.4924,OSM,BR,,
-68.5235,-31.4673,OSM,BR,,
-64.3767,-33.055,OSM,BR,,
-64.3824,-33.0552,OSM,BR,,
-64.2753,-33.1446,OSM,BR,sand,
-64.2787,-33.1411,OSM,BR,sand,
-64.2793,-33.14,OSM,BR,sand,
-64.2758,-33.1413,OSM,BR,sand,
-66.8438,-32.8956,OSM,BR,,
-66.8631,-32.8814,OSM,BR,,
-66.8788,-32.8522,OSM,BR,,
-65.5302,-32.6085,OSM,BR,,
-64.5338,-32.3696,OSM,BR,,
-64.5345,-32.3672,OSM,BR,,
-64.5323,-32.3836,OSM,BR,,
-64.528,-32.3938,OSM,BR,,
-64.5361,-32.3994,OSM,BR,,
-64.5292,-32.403,OSM,BR,,
-64.5309,-32.4028,OSM,BR,,
-64.5354,-32.4071,OSM,BR,,
-64.5331,-32.406,OSM,BR,,
-64.5329,-32.411,OSM,BR,,
-64.5769,-31.5796,OSM,BR,,
-64.5777,-31.5828,OSM,BR,,
-64.5785,-31.5814,OSM,BR,,
-64.572,-31.5831,OSM,BR,,
-64.5718,-31.5889,OSM,BR,,
-64.5833,-31.5914,OSM,BR,,
-64.4709,-31.6718,OSM,BR,,
-64.4741,-31.6732,OSM,BR,,
-64.5062,-31.6557,OSM,BR,,
-64.5062,-31.6189,OSM,BR,,
-64.4829,-31.6197,OSM,BR,,
-64.4851,-31.6215,OSM,BR,,
-64.4874,-31.6216,OSM,BR,,
-64.4857,-31.6181,OSM,BR,,
-64.496,-31.622,OSM,BR,,
-64.5025,-31.6197,OSM,BR,,
-64.4967,-31.6288,OSM,BR,,
-64.4953,-31.6288,OSM,BR,,
-64.4928,-31.6245,OSM,BR,,
-65.5444,-33.2604,OSM,BR,,
-65.9881,-33.1267,OSM,BR,,
-65.6169,-32.9376,OSM,BR,,
-65.6472,-32.8991,OSM,BR,,
-65.6524,-32.9129,OSM,BR,,
-65.6468,-32.9104,OSM,BR,,
-65.6375,-32.9076,OSM,BR,,
-65.6297,-32.8964,OSM,BR,,
-65.6286,-32.9038,OSM,BR,,
-65.6358,-32.8959,OSM,BR,,
-65.6337,-32.8997,OSM,BR,,
-65.6234,-32.9284,OSM,BR,,
-65.6131,-32.9047,OSM,BR,,
-65.6282,-32.935,OSM,BR,,
-65.7556,-32.9463,OSM,BR,,
-65.1963,-33.137,OSM,BR,,
-65.7224,-33.1577,OSM,BR,,
-65.1451,-32.9668,OSM,BR,,
-65.1335,-32.9641,OSM,BR,,
-65.1327,-32.9624,OSM,BR,,
-65.1336,-32.9614,OSM,BR,,
-65.2174,-32.9548,OSM,BR,,
-65.1347,-32.9528,OSM,BR,,
-65.2095,-32.818,OSM,BR,,
-65.2092,-32.8191,OSM,BR,,
-65.1402,-32.6363,OSM,BR,,
-65.3426,-32.8324,OSM,BR,,
-65.3395,-32.8277,OSM,BR,,
-65.3406,-32.8292,OSM,BR,,
-65.3413,-32.8307,OSM,BR,,
-65.4456,-32.7332,OSM,BR,,
-65.4135,-32.6459,OSM,BR,,
-65.3678,-32.7791,OSM,BR,,
-63.2182,-32.4325,OSM,BR,,
-60.4498,-33.1703,OSM,BR,,
-63.4464,-29.3248,OSM,BR,,
-63.4343,-29.3488,OSM,BR,,
-60.5907,-33.8688,OSM,BR,,
-59.95,-32.7718,OSM,BR,,
-60.308,-31.6929,OSM,BR,,
-59.155,-32.9264,OSM,BR,,
-59.9791,-32.7261,OSM,BR,,
-61.1724,-32.8656,OSM,BR,,
-60.2813,-33.2583,OSM,BR,,
-60.2904,-33.2531,OSM,BR,,
-59.4242,-31.3839,OSM,BR,,
-59.0514,-32.3636,OSM,BR,,
-59.4701,-32.3695,OSM,BR,,
-59.5102,-32.3706,OSM,BR,,
-59.1825,-33.6975,OSM,BR,,
-59.1896,-33.6933,OSM,BR,,
-59.2105,-33.6817,OSM,BR,,
-59.2119,-33.6806,OSM,BR,,
-59.2205,-33.6682,OSM,BR,,
-59.2264,-33.6746,OSM,BR,,
-59.106,-33.7535,OSM,BR,,
-59.057,-33.7544,OSM,BR,,
-59.0262,-33.709,OSM,BR,,
-59.9401,-32.7682,OSM,BR,,
-60.1817,-32.5677,OSM,BR,,
-60.5731,-32.1516,OSM,BR,,
-60.5649,-32.1611,OSM,BR,,
-60.5645,-32.165,OSM,BR,,
-60.5592,-32.1651,OSM,BR,,
-60.5557,-32.094,OSM,BR,,
-60.6295,-32.1055,OSM,BR,,
-60.6271,-32.1068,OSM,BR,,
-60.506,-32.0389,OSM,BR,,
-60.5033,-32.0397,OSM,BR,,
-60.6346,-31.8701,OSM,BR,,
-60.6301,-31.8725,OSM,BR,,
-60.6051,-31.8726,OSM,BR,,
-60.6139,-31.8822,OSM,BR,,
-60.5929,-32.028,OSM,BR,,
-60.5961,-32.037,OSM,BR,,
-60.6038,-32.0355,OSM,BR,,
-60.6019,-32.0335,OSM,BR,,
-60.5996,-32.0316,OSM,BR,,
-60.0344,-31.8486,OSM,BR,,
-60.3416,-31.6209,OSM,BR,,
-63.2443,-32.8385,OSM,BR,,
-60.6405,-31.9763,OSM,BR,,
-60.2826,-33.3099,OSM,BR,,
-60.2754,-33.2939,OSM,BR,,
-63.9733,-30.436,OSM,BR,,
-59.8657,-33.9607,OSM,BR,,
-60.0662,-33.4449,OSM,BR,,
-59.9014,-33.5321,OSM,BR,,
-50.9856,-29.7131,OSM,BR,aggregate,
-51.3341,-29.1972,OSM,BR,,
-51.3029,-29.1904,OSM,BR,,
-52.008,-31.272,OSM,BR,,
-51.5464,-30.1259,OSM,BR,,
-50.8512,-29.4133,OSM,BR,,
-52.883,-30.3933,OSM,BR,limestone,
-50.2635,-29.926,OSM,BR,sand,
-50.162,-30.0072,OSM,BR,sand;gravel,
-50.2557,-29.9341,OSM,BR,sand,
-50.2627,-29.9271,OSM,BR,sand,
-50.2643,-29.9258,OSM,BR,sand,
-51.1534,-29.6342,OSM,BR,,
-50.8773,-29.696,OSM,BR,,
-50.8863,-29.7,OSM,BR,,
-50.8722,-29.6494,OSM,BR,aggregate,
-50.9649,-29.7374,OSM,BR,sandstone,
-51.1534,-30.0901,OSM,BR,,
-52.4684,-31.6283,OSM,BR,,
-51.1329,-30.0518,OSM,BR,,
-53.7488,-29.5871,OSM,BR,dimension_stone,
-53.8037,-29.579,OSM,BR,dimension_stone,
-53.6063,-33.6907,OSM,BR,,
-51.14,-30.0612,OSM,BR,,
-51.1305,-30.05,OSM,BR,,
-51.0118,-29.8425,OSM,BR,,
-51.0393,-29.8217,OSM,BR,,
-50.9105,-29.8041,OSM,BR,,
-51.0802,-29.808,OSM,BR,,
-51.0729,-29.8109,OSM,BR,,
-53.4454,-30.9092,OSM,BR,,
-51.9393,-29.6869,OSM,BR,,
-51.9381,-29.6728,OSM,BR,,
-51.9391,-29.6747,OSM,BR,,
-50.5598,-29.8779,OSM,BR,,
-50.2446,-29.204,OSM,BR,,
-51.1889,-30.0922,OSM,BR,,
-53.723,-31.5801,OSM,BR,coal,
-53.6579,-31.5707,OSM,BR,,
-53.6428,-31.5595,OSM,BR,limestone,
-53.6385,-31.5641,OSM,BR,,
-51.0904,-30.1366,OSM,BR,,
-53.7471,-29.8306,OSM,BR,aggregate,
-53.9668,-29.6792,OSM,BR,aggregate,
-51.0557,-29.3422,OSM,BR,,
-52.627,-31.3441,OSM,BR,,
-50.9019,-29.7227,OSM,BR,,
-50.9089,-29.722,OSM,BR,,
-50.9083,-29.7197,OSM,BR,,
-50.89,-29.7141,OSM,BR,,
-50.8896,-29.7106,OSM,BR,,
-50.8884,-29.7127,OSM,BR,,
-50.8936,-29.711,OSM,BR,,
-50.8802,-29.7038,OSM,BR,,
-50.8902,-29.7035,OSM,BR,,
-50.8939,-29.7015,OSM,BR,,
-50.8776,-29.6982,OSM,BR,,
-50.8889,-29.7058,OSM,BR,,
-50.8985,-29.7055,OSM,BR,,
-50.8852,-29.7402,OSM,BR,,
-50.8843,-29.7445,OSM,BR,,
-51.0674,-29.8159,OSM,BR,,
-51.0666,-29.8199,OSM,BR,,
-51.1081,-29.8225,OSM,BR,,
-51.0866,-29.8357,OSM,BR,,
-50.8975,-29.8017,OSM,BR,,
-51.0688,-29.8159,OSM,BR,,
-51.0674,-29.8131,OSM,BR,,
-51.0737,-29.8071,OSM,BR,,
-51.0889,-29.8209,OSM,BR,,
-50.9182,-29.7316,OSM,BR,,
-50.8664,-29.7166,OSM,BR,,
-50.9165,-29.7161,OSM,BR,,
-50.8707,-29.717,OSM,BR,,
-50.8675,-29.7404,OSM,BR,,
-50.9297,-29.7138,OSM,BR,,
-50.8995,-29.7304,OSM,BR,,
-50.9148,-29.7282,OSM,BR,,
-50.911,-29.6967,OSM,BR,,
-50.9065,-29.7264,OSM,BR,,
-50.866,-29.7298,OSM,BR,,
-50.9296,-29.7524,OSM,BR,,
-50.9323,-29.7528,OSM,BR,,
-50.8719,-29.7302,OSM,BR,,
-50.9433,-29.7017,OSM,BR,,
-50.8851,-29.7288,OSM,BR,,
-50.8995,-29.7253,OSM,BR,,
-50.9376,-29.7289,OSM,BR,,
-50.9365,-29.7157,OSM,BR,,
-50.9787,-29.7416,OSM,BR,,
-50.9217,-29.7308,OSM,BR,,
-50.9786,-29.7587,OSM,BR,,
-50.8981,-29.7105,OSM,BR,,
-50.9143,-29.6998,OSM,BR,,
-50.921,-29.7464,OSM,BR,,
-50.8905,-29.7322,OSM,BR,,
-50.8905,-29.7371,OSM,BR,,
-50.884,-29.6968,OSM,BR,,
-51.0435,-29.8281,OSM,BR,,
-50.9693,-29.7452,OSM,BR,,
-50.9365,-29.7183,OSM,BR,,
-50.8778,-29.6947,OSM,BR,,
-50.8876,-29.6974,OSM,BR,,
-50.9178,-29.6921,OSM,BR,,
-50.9118,-29.6927,OSM,BR,,
-50.9252,-29.7269,OSM,BR,,
-50.9162,-29.7246,OSM,BR,,
-50.9358,-29.7247,OSM,BR,,
-50.9656,-29.7446,OSM,BR,,
-50.9336,-29.7129,OSM,BR,,
-50.8962,-29.7262,OSM,BR,,
-50.9288,-29.7175,OSM,BR,,
-50.9225,-29.7063,OSM,BR,,
-50.9087,-29.6996,OSM,BR,,
-50.9027,-29.7006,OSM,BR,,
-50.8228,-29.7006,OSM,BR,,
-50.8381,-29.7274,OSM,BR,,
-50.826,-29.7214,OSM,BR,,
-50.8429,-29.7227,OSM,BR,,
-50.8503,-29.6967,OSM,BR,,
-50.8105,-29.7078,OSM,BR,,
-50.8909,-30.2383,OSM,BR,,
-50.8672,-29.7449,OSM,BR,,
-50.8662,-29.7287,OSM,BR,,
-50.8995,-29.6951,OSM,BR,,
-50.8883,-29.7025,OSM,BR,,
-50.8858,-29.7034,OSM,BR,,
-52.8483,-31.1865,OSM,BR,,
-50.9335,-29.9731,OSM,BR,,
-50.8677,-29.8946,OSM,BR,,
-50.9613,-29.9181,OSM,BR,,
-50.8763,-29.8635,OSM,BR,,
-52.0159,-30.1326,OSM,BR,,
-52.0128,-30.1396,OSM,BR,,
-51.9909,-30.1324,OSM,BR,,
-51.935,-30.1081,OSM,BR,,
-53.4243,-30.5476,OSM,BR,,
-53.4158,-30.5548,OSM,BR,,
-53.4237,-30.5594,OSM,BR,,
-53.4287,-30.5562,OSM,BR,,
-53.4082,-30.5469,OSM,BR,,
-53.4119,-30.5203,OSM,BR,limestone,
-53.0451,-30.3846,OSM,BR,,
-52.3128,-30.3527,OSM,BR,,
-52.3964,-30.3484,OSM,BR,,
-52.3861,-30.354,OSM,BR,,
-52.3755,-30.3413,OSM,BR,,
-52.2998,-30.3409,OSM,BR,,
-52.302,-30.2742,OSM,BR,,
-52.3794,-30.3388,OSM,BR,,
-52.3832,-30.3375,OSM,BR,,
-52.3831,-30.3524,OSM,BR,,
-52.4349,-30.3604,OSM,BR,,
-52.3169,-30.2789,OSM,BR,,
-52.3088,-30.2745,OSM,BR,,
-50.9496,-30.1383,OSM,BR,,
-51.0528,-30.1599,OSM,BR,,
-51.0463,-30.1567,OSM,BR,,
-53.4112,-30.5313,OSM,BR,limestone,
-53.4209,-30.5396,OSM,BR,limestone,
-53.9385,-30.3437,OSM,BR,,
-53.9519,-30.3287,OSM,BR,,
-53.418,-30.5829,OSM,BR,,
-53.4185,-30.5782,OSM,BR,,
-50.8942,-29.4811,OSM,BR,,
-51.3883,-30.1783,OSM,BR,,
-52.1026,-29.4115,OSM,BR,,
-51.0438,-30.3634,OSM,BR,,
-53.9286,-29.6248,OSM,BR,,
-53.977,-29.5893,OSM,BR,,
-50.2892,-29.5773,OSM,BR,,
-51.232,-30.0891,OSM,BR,,
-50.8767,-29.8682,OSM,BR,,
-50.7392,-29.7401,OSM,BR,,
-50.7177,-29.7382,OSM,BR,,
-49.6649,-29.1117,OSM,BR,,
-49.6375,-29.1258,OSM,BR,,
-50.2545,-29.8447,OSM,BR,,
-52.3336,-31.2532,OSM,BR,,
-51.4939,-29.1267,OSM,BR,,
-50.7779,-29.3577,OSM,BR,,
-51.1838,-29.3906,OSM,BR,,
-51.138,-29.3465,OSM,BR,,
-51.1921,-29.3464,OSM,BR,,
-51.1895,-29.347,OSM,BR,,
-52.9191,-32.0301,OSM,BR,,
-50.2464,-29.8451,OSM,BR,,
-50.25,-29.8446,OSM,BR,,
-50.4088,-29.6815,OSM,BR,,
-50.6884,-29.799,OSM,BR,,
-50.7003,-29.8093,OSM,BR,,
-51.7036,-30.0924,OSM,BR,,
-51.3916,-30.2042,OSM,BR,,
-53.472,-29.6117,OSM,BR,aggregate,
-52.4943,-31.7728,OSM,BR,,
-52.499,-31.7741,OSM,BR,,
-52.502,-31.7774,OSM,BR,,
-52.5104,-31.7874,OSM,BR,,
-52.5191,-31.7929,OSM,BR,,
-53.4061,-30.5592,OSM,BR,,
-53.3894,-32.5591,OSM,BR,,
-51.0772,-29.6463,OSM,BR,,
-53.5928,-30.762,OSM,BR,,
-50.562,-29.8423,OSM,BR,,
-51.0747,-29.0262,OSM,BR,,
-51.4265,-29.6483,OSM,BR,,
-51.1983,-29.0532,OSM,BR,,
-50.6668,-29.5542,OSM,BR,,
-50.6327,-29.644,OSM,BR,,
-51.2584,-29.7264,OSM,BR,,
-50.8987,-29.8112,OSM,BR,,
-50.8623,-29.7786,OSM,BR,,
-50.8843,-29.783,OSM,BR,,
-50.7502,-29.732,OSM,BR,,
-52.5166,-31.6682,OSM,BR,,
-49.8488,-29.3917,OSM,BR,,
-51.1591,-29.631,OSM,BR,,
-52.5113,-29.676,OSM,BR,,
-52.3749,-29.6908,OSM,BR,,
-52.4203,-29.6817,OSM,BR,,
-50.7952,-29.5883,OSM,BR,,
-49.9308,-29.2336,OSM,BR,,
-49.9293,-29.2346,OSM,BR,,
-51.4616,-29.4332,OSM,BR,,
-51.4702,-29.67,OSM,BR,,
-51.7545,-30.8335,OSM,BR,,
-50.8738,-29.789,OSM,BR,,
-52.1831,-30.6579,OSM,BR,,
-52.184,-30.659,OSM,BR,,
-52.3358,-31.256,OSM,BR,,
-53.7105,-31.553,OSM,BR,coal,
-53.6966,-31.5766,OSM,BR,,
-51.4181,-29.206,OSM,BR,,
-51.4547,-29.2727,OSM,BR,,
-50.8719,-29.5758,OSM,BR,,
-50.9008,-29.5917,OSM,BR,,
-53.5312,-29.6563,OSM,BR,,
-53.4703,-29.4332,OSM,BR,,
-53.5679,-30.0003,OSM,BR,,
-53.4137,-29.9315,OSM,BR,,
-51.9366,-30.154,OSM,BR,,
-53.9411,-30.3471,OSM,BR,,
-50.9569,-29.9064,OSM,BR,,
-51.3288,-29.1824,OSM,BR,,
-52.2092,-29.6497,OSM,BR,,
-51.5037,-29.6846,OSM,BR,,
-51.4872,-29.7516,OSM,BR,,
-51.3284,-29.0294,OSM,BR,,
-51.2151,-29.1961,OSM,BR,,
-49.8056,-29.2929,OSM,BR,,
-53.7094,-31.4566,OSM,BR,coal,
-52.2326,-29.3298,OSM,BR,,
-52.3859,-29.7229,OSM,BR,cascalho,
-52.2523,-29.3602,OSM,BR,dimension_stone,
-52.0226,-30.1333,OSM,BR,,
-52.2437,-29.2506,OSM,BR,,
-52.1681,-29.4349,OSM,BR,,
-51.544,-29.2439,OSM,BR,,
-52.3754,-29.7488,OSM,BR,,
-53.1695,-29.6111,OSM,BR,basakt,
-52.0192,-29.4231,OSM,BR,,
-50.8959,-29.396,OSM,BR,,
-50.5888,-29.7752,OSM,BR,,
-50.8732,-29.6732,OSM,BR,,
-50.8738,-29.6695,OSM,BR,,
-50.8877,-29.687,OSM,BR,,
-50.888,-29.6849,OSM,BR,,
-50.4976,-29.7938,OSM,BR,,
-50.8504,-29.4133,OSM,BR,,
-49.816,-29.3744,OSM,BR,,
-51.1885,-29.7419,OSM,BR,,
-51.3569,-29.5976,OSM,BR,,
-51.3506,-29.5652,OSM,BR,clay,
-51.331,-29.5377,OSM,BR,clay,
-51.3494,-29.5452,OSM,BR,clay,
-51.3521,-29.5456,OSM,BR,clay,
-51.338,-29.6557,OSM,BR,,
-51.2554,-29.6186,OSM,BR,clay,
-52.0452,-29.3902,OSM,BR,,
-51.721,-30.1015,OSM,BR,coal,
-51.7171,-30.0825,OSM,BR,coal,
-52.0046,-30.1213,OSM,BR,,
-52.0256,-30.1461,OSM,BR,,
-52.0826,-29.6869,OSM,BR,,
-51.9478,-29.5799,OSM,BR,,
-51.9361,-29.6159,OSM,BR,,
-50.8677,-30.2373,OSM,BR,,
-50.3432,-29.6124,OSM,BR,,
-53.6882,-29.8595,OSM,BR,sand,
-52.2625,-29.3634,OSM,BR,dimension_stone,
-52.2729,-29.3562,OSM,BR,dimension_stone,
-52.2737,-29.3574,OSM,BR,dimension_stone,
-52.2746,-29.3575,OSM,BR,dimension_stone,
-52.2784,-29.3722,OSM,BR,dimension_stone,
-52.2789,-29.3734,OSM,BR,dimension_stone,
-52.2356,-29.3627,OSM,BR,dimension_stone,
-52.1856,-29.3842,OSM,BR,sand,
-51.7588,-30.7997,OSM,BR,aggregate;brita,
-52.0123,-30.8949,OSM,BR,aggregate;stone,
-61.5668,-26.8163,OSM,BR,,
-59.2285,-27.2625,OSM,BR,,
-59.229,-27.2641,OSM,BR,,
-63.6484,-27.4595,OSM,BR,,
-61.4813,-24.9177,OSM,BR,,
-62.8508,-25.7958,OSM,BR,,
-52.3623,-28.2289,OSM,BR,,
-52.8953,-24.5121,OSM,BR,,
-52.8631,-25.7308,OSM,BR,,
-52.4805,-28.8055,OSM,BR,,
-53.3458,-25.0317,OSM,BR,,
-50.9575,-28.5344,OSM,BR,stone,
-51.426,-28.9978,OSM,BR,,
-49.2282,-26.2347,OSM,BR,,
-49.3527,-25.2678,OSM,BR,,
-49.3571,-25.2738,OSM,BR,,
-49.3375,-25.1695,OSM,BR,,
-49.3577,-25.2776,OSM,BR,,
-49.3414,-25.38,OSM,BR,,
-52.6445,-27.1147,OSM,BR,,
-53.5869,-25.1475,OSM,BR,,
-52.4894,-26.5871,OSM,BR,,
-52.0228,-25.5461,OSM,BR,,
-52.3457,-24.017,OSM,BR,,
-52.4552,-26.8878,OSM,BR,,
-52.1371,-26.4769,OSM,BR,,
-52.8038,-27.0925,OSM,BR,,
-53.7741,-24.7515,OSM,BR,,
-49.0001,-24.6625,OSM,BR,,
-53.6684,-24.6716,OSM,BR,,
-53.6655,-24.6753,OSM,BR,,
-53.9373,-24.5552,OSM,BR,,
-53.7705,-24.692,OSM,BR,,
-49.1013,-25.7456,OSM,BR,,
-49.2313,-26.2552,OSM,BR,,
-49.225,-26.258,OSM,BR,,
-49.2218,-26.2642,OSM,BR,,
-49.2349,-26.2769,OSM,BR,,
-49.2256,-26.2562,OSM,BR,,
-49.2465,-26.2674,OSM,BR,,
-53.0443,-27.3025,OSM,BR,,
-53.0427,-27.3011,OSM,BR,,
-49.0463,-25.5572,OSM,BR,,
-49.0594,-25.6021,OSM,BR,,
-49.2301,-25.723,OSM,BR,,
-49.2443,-25.6961,OSM,BR,,
-49.175,-25.967,OSM,BR,,
-49.1766,-25.9675,OSM,BR,,
-49.1758,-25.9699,OSM,BR,,
-49.1608,-25.9454,OSM,BR,,
-53.7671,-24.7537,OSM,BR,,
-53.7716,-24.7512,OSM,BR,,
-49.625,-25.4717,OSM,BR,gravel,
-50.0248,-24.9536,OSM,BR,,
-49.996,-24.946,OSM,BR,,
-50.2365,-24.9808,OSM,BR,,
-49.1844,-26.0211,OSM,BR,,
-49.0891,-25.6609,OSM,BR,,
-49.147,-25.7265,OSM,BR,,
-49.1704,-25.7001,OSM,BR,,
-50.0097,-28.7531,OSM,BR,,
-49.1284,-26.4537,OSM,BR,,
-49.6748,-25.9708,OSM,BR,,
-50.3288,-27.8377,OSM,BR,,
-50.329,-27.8425,OSM,BR,,
-49.7933,-27.8907,OSM,BR,,
-49.0102,-25.4713,OSM,BR,,
-50.9988,-28.6906,OSM,BR,,
-49.6497,-25.3248,OSM,BR,,
-53.0623,-26.5457,OSM,BR,,
-49.6138,-25.5861,OSM,BR,,
-49.0141,-26.5019,OSM,BR,,
-49.1813,-25.3145,OSM,BR,,
-49.4552,-25.3249,OSM,BR,,
-49.4596,-25.3256,OSM,BR,,
-49.4543,-25.3201,OSM,BR,,
-49.8822,-25.1478,OSM,BR,,
-49.3992,-25.4182,OSM,BR,,
-49.3888,-25.4222,OSM,BR,,
-49.3131,-25.2509,OSM,BR,,
-49.3958,-25.2711,OSM,BR,,
-49.3852,-25.2722,OSM,BR,,
-49.364,-25.2678,OSM,BR,,
-49.3975,-25.2536,OSM,BR,,
-53.6408,-26.273,OSM,BR,,
-49.2781,-25.8244,OSM,BR,,
-53.1172,-26.1078,OSM,BR,,
-53.1075,-26.0656,OSM,BR,,
-53.1086,-26.0631,OSM,BR,,
-53.1096,-26.064,OSM,BR,,
-49.5645,-25.4088,OSM,BR,,
-49.5412,-25.3783,OSM,BR,,
-49.5349,-25.3749,OSM,BR,,
-53.023,-26.0732,OSM,BR,,
-49.7197,-24.8319,OSM,BR,,
-49.724,-24.822,OSM,BR,,
-49.0017,-25.3662,OSM,BR,,
-49.3054,-25.7999,OSM,BR,,
-49.7473,-24.8631,OSM,BR,,
-49.8699,-25.0804,OSM,BR,,
-52.7679,-26.9585,OSM,BR,,
-53.1086,-25.7824,OSM,BR,,
-49.7036,-24.9022,OSM,BR,,
-49.7624,-24.8862,OSM,BR,,
-53.1458,-27.3855,OSM,BR,amethyst,
-53.1947,-27.3584,OSM,BR,,
-53.1916,-27.3589,OSM,BR,,
-53.191,-27.3637,OSM,BR,,
-53.1789,-27.3681,OSM,BR,,
-53.201,-27.3618,OSM,BR,,
-53.1857,-27.3648,OSM,BR,,
-49.0797,-27.8495,OSM,BR,,
-49.1131,-27.7873,OSM,BR,,
-50.3835,-27.8608,OSM,BR,,
-53.23,-26.7572,OSM,BR,,
-49.3809,-25.41,OSM,BR,,
-53.5654,-26.8325,OSM,BR,,
-52.3648,-26.9509,OSM,BR,,
-49.1417,-25.6687,OSM,BR,,
-52.6843,-26.9889,OSM,BR,,
-49.4209,-28.7442,OSM,BR,,
-49.4388,-28.7424,OSM,BR,,
-53.7415,-26.3173,OSM,BR,,
-53.7381,-26.2979,OSM,BR,,
-50.422,-25.8333,OSM,BR,,
-50.4318,-25.7999,OSM,BR,,
-52.3068,-28.366,OSM,BR,,
-49.1297,-27.1924,OSM,BR,,
-53.4722,-24.988,OSM,BR,,
-50.0819,-24.8988,OSM,BR,,
-50.091,-24.8993,OSM,BR,,
-53.4628,-25.0179,OSM,BR,,
-49.4238,-28.3895,OSM,BR,,
-49.4675,-28.3959,OSM,BR,,
-49.0139,-25.4412,OSM,BR,,
-49.0197,-25.4349,OSM,BR,,
-49.0136,-25.4351,OSM,BR,,
-49.0211,-25.4234,OSM,BR,,
-50.2898,-25.0295,OSM,BR,,
-50.2974,-25.0255,OSM,BR,,
-50.2161,-26.4925,OSM,BR,,
-51.2886,-28.8275,OSM,BR,,
-50.5697,-27.2798,OSM,BR,,
-49.0133,-26.8768,OSM,BR,,
-52.6892,-26.9895,OSM,BR,,
-52.9182,-28.7227,OSM,BR,,
-52.8851,-28.7131,OSM,BR,,
-52.7863,-28.6542,OSM,BR,,
-50.0076,-24.9549,OSM,BR,,
-49.9225,-25.1231,OSM,BR,,
-49.9965,-24.9431,OSM,BR,,
-49.995,-24.9439,OSM,BR,,
-50.0939,-27.5394,OSM,BR,,
-49.6686,-25.5087,OSM,BR,,
-49.7072,-25.4696,OSM,BR,,
-49.2981,-26.4009,OSM,BR,,
-53.5978,-25.1423,OSM,BR,,
-52.8273,-26.4563,OSM,BR,,
-52.8086,-28.9457,OSM,BR,,
-49.1319,-24.7178,OSM,BR,,
-49.837,-24.0255,OSM,BR,,
-53.217,-26.7573,OSM,BR,,
-50.9723,-26.7345,OSM,BR,,
-53.3861,-25.0011,OSM,BR,,
-51.7081,-28.8891,OSM,BR,,
-52.3289,-26.5412,OSM,BR,,
-52.5837,-28.58,OSM,BR,,
-52.5895,-28.5709,OSM,BR,,
-49.4265,-28.7093,OSM,BR,,
-50.2194,-27.7832,OSM,BR,,
-49.4459,-28.8558,OSM,BR,,
-51.4943,-27.1582,OSM,BR,,
-51.4033,-27.1108,OSM,BR,,
-49.2045,-26.4923,OSM,BR,,
-51.1023,-28.282,OSM,BR,,
-49.1349,-26.8205,OSM,BR,stone;aggregate,
-49.1667,-24.3235,OSM,BR,,
-49.1373,-24.3323,OSM,BR,,
-49.1292,-24.2881,OSM,BR,,
-49.1308,-24.2872,OSM,BR,,
-49.1446,-24.2939,OSM,BR,,
-49.1386,-24.2951,OSM,BR,,
-49.2036,-24.3037,OSM,BR,,
-49.2074,-24.3047,OSM,BR,,
-49.1992,-24.3017,OSM,BR,,
-49.1956,-24.2955,OSM,BR,,
-50.4548,-24.012,OSM,BR,,
-53.8125,-24.4698,OSM,BR,,
-53.8418,-24.3506,OSM,BR,,
-49.0204,-25.4393,OSM,BR,,
-52.5243,-27.779,OSM,BR,,
-53.9047,-28.2261,OSM,BR,,
-51.0946,-26.9235,OSM,BR,,
-49.2471,-25.6743,OSM,BR,,
-49.0401,-28.4845,OSM,BR,,
-53.9578,-24.6057,OSM,BR,,
-49.1332,-26.8376,OSM,BR,,
-53.9953,-24.5367,OSM,BR,,
-49.1291,-26.42,OSM,BR,,
-49.2277,-26.2633,OSM,BR,,
-49.2213,-26.292,OSM,BR,,
-49.2162,-26.2933,OSM,BR,,
-52.3599,-28.256,OSM,BR,,
-49.4399,-28.7911,OSM,BR,,
-49.7319,-28.1563,OSM,BR,,
-49.7206,-28.308,OSM,BR,,
-49.1346,-27.2037,OSM,BR,,
-50.9558,-28.5342,OSM,BR,,
-49.0179,-25.3944,OSM,BR,,
-49.0166,-25.392,OSM,BR,,
-49.0208,-25.3911,OSM,BR,,
-49.0218,-25.3919,OSM,BR,,
-49.0195,-25.3892,OSM,BR,,
-49.3602,-25.2658,OSM,BR,,
-53.4681,-25.0091,OSM,BR,,
-53.0462,-27.3299,OSM,BR,,
-49.3585,-26.2525,OSM,BR,,
-53.131,-27.3954,OSM,BR,amethyst,
-53.1258,-27.3963,OSM,BR,amethyst,
-53.1218,-27.3775,OSM,BR,amethyst,
-53.1085,-27.3388,OSM,BR,amethyst,
-53.117,-27.3373,OSM,BR,amethyst,
-53.1206,-27.3471,OSM,BR,amethyst,
-53.1178,-27.3471,OSM,BR,amethyst,
-53.1033,-27.3486,OSM,BR,amethyst,
-51.1452,-26.2475,OSM,BR,sand,
-49.3615,-26.2081,OSM,BR,,
-53.8456,-24.198,OSM,BR,aggregate,
-51.1942,-27.4052,OSM,BR,,
-53.942,-27.4907,OSM,BR,,
-49.218,-26.3327,OSM,BR,,
-49.0292,-28.3814,OSM,BR,,
-52.5822,-27.1705,OSM,BR,,
-51.7432,-27.1629,OSM,BR,,
-52.207,-26.7675,OSM,BR,,
-52.6448,-26.9926,OSM,BR,,
-52.4065,-26.8854,OSM,BR,,
-52.4042,-26.8836,OSM,BR,,
-49.1037,-25.0505,OSM,BR,,
-49.3312,-27.3684,OSM,BR,,
-50.059,-27.2639,OSM,BR,,
-51.106,-26.2804,OSM,BR,,
-53.4089,-25.0578,OSM,BR,,
-53.4325,-25.0938,OSM,BR,,
-50.5176,-28.175,OSM,BR,,
-49.2231,-26.2962,OSM,BR,,
-49.2274,-26.296,OSM,BR,,
-49.2885,-26.2816,OSM,BR,,
-49.0693,-28.6783,OSM,BR,,
-50.0934,-27.9425,OSM,BR,,
-53.5049,-24.9195,OSM,BR,,
-49.1304,-27.2054,OSM,BR,,
-49.1396,-27.2063,OSM,BR,,
-49.1489,-27.2172,OSM,BR,,
-49.4504,-28.4791,OSM,BR,,
-49.2789,-26.9262,OSM,BR,sand,
-53.2427,-26.7653,OSM,BR,,
-50.4113,-27.4423,OSM,BR,,
-49.7525,-24.8705,OSM,BR,,
-53.3458,-25.0318,OSM,BR,,
-53.3654,-25.0334,OSM,BR,,
-52.6548,-26.9655,OSM,BR,,
-52.6596,-26.9595,OSM,BR,,
-52.6648,-26.9536,OSM,BR,,
-52.6682,-26.9543,OSM,BR,,
-53.3407,-25.0605,OSM,BR,,
-53.3363,-25.0907,OSM,BR,,
-50.5093,-27.7405,OSM,BR,,
-49.6379,-25.4842,OSM,BR,,
-49.4593,-25.3248,OSM,BR,,
-49.1499,-28.5727,OSM,BR,,
-49.1463,-28.574,OSM,BR,,
-49.4244,-26.1497,OSM,BR,,
-51.2453,-27.2278,OSM,BR,,
-52.4083,-26.7825,OSM,BR,,
-50.9932,-28.5179,OSM,BR,stone,
-49.2846,-25.2353,OSM,BR,,
-49.3521,-25.1971,OSM,BR,,
-49.3246,-25.2269,OSM,BR,,
-50.7679,-24.3847,OSM,BR,,
-50.5128,-24.7845,OSM,BR,,
-50.77,-24.4516,OSM,BR,,
-50.7621,-24.4483,OSM,BR,,
-53.6801,-26.1631,OSM,BR,,
-50.7038,-24.2947,OSM,BR,,
-51.299,-27.6573,OSM,BR,,
-50.446,-27.9185,OSM,BR,,
-49.0101,-28.6054,OSM,BR,,
-49.2645,-25.6111,OSM,BR,,
-49.2723,-25.6152,OSM,BR,,
-49.3803,-25.6448,OSM,BR,sand,
-49.3775,-25.6474,OSM,BR,sand,
-49.4535,-25.1534,OSM,BR,,
-52.0356,-28.2014,OSM,BR,,
-49.3778,-25.2495,OSM,BR,,
-53.8927,-26.3729,OSM,BR,,
-49.5817,-24.6244,OSM,BR,,
-49.5871,-24.6292,OSM,BR,,
-49.1669,-24.875,OSM,BR,,
-49.1659,-24.875,OSM,BR,,
-49.1693,-24.875,OSM,BR,,
-49.1618,-24.875,OSM,BR,,
-49.1725,-24.875,OSM,BR,,
-49.1864,-24.7489,OSM,BR,,
-49.1801,-24.7486,OSM,BR,,
-49.3344,-24.8088,OSM,BR,,
-49.252,-24.8697,OSM,BR,,
-49.1045,-25.0682,OSM,BR,,
-49.1015,-25.0706,OSM,BR,,
-49.1104,-25.0707,OSM,BR,,
-49.0996,-25.0682,OSM,BR,,
-49.0925,-25.07,OSM,BR,,
-49.1118,-25.0739,OSM,BR,,
-49.1123,-25.0774,OSM,BR,,
-49.1028,-24.919,OSM,BR,,
-49.0994,-24.9266,OSM,BR,,
-49.0979,-24.9299,OSM,BR,,
-49.0813,-24.9416,OSM,BR,,
-49.0961,-24.9451,OSM,BR,,
-49.0654,-24.9587,OSM,BR,,
-49.085,-24.9607,OSM,BR,,
-49.0967,-24.9605,OSM,BR,,
-49.0958,-24.9535,OSM,BR,,
-49.0873,-24.9851,OSM,BR,,
-49.0236,-25.0037,OSM,BR,,
-49.0728,-25.0425,OSM,BR,,
-49.0427,-25.2274,OSM,BR,,
-49.1438,-25.2445,OSM,BR,,
-49.1335,-25.2492,OSM,BR,,
-49.141,-25.2539,OSM,BR,,
-49.0911,-25.2736,OSM,BR,,
-49.2811,-25.1974,OSM,BR,,
-49.2764,-25.1979,OSM,BR,,
-49.2701,-25.1967,OSM,BR,,
-49.2984,-25.2001,OSM,BR,,
-49.2717,-25.1733,OSM,BR,,
-49.2688,-25.1752,OSM,BR,,
-49.2644,-25.1761,OSM,BR,,
-49.2721,-25.1777,OSM,BR,,
-49.2549,-25.1785,OSM,BR,,
-49.2861,-25.1796,OSM,BR,,
-49.3246,-25.1676,OSM,BR,,
-49.1001,-25.101,OSM,BR,,
-49.4592,-25.161,OSM,BR,,
-49.3443,-25.1729,OSM,BR,,
-49.2885,-25.1873,OSM,BR,,
-49.2692,-25.1915,OSM,BR,,
-49.2668,-25.1921,OSM,BR,,
-49.2798,-25.1905,OSM,BR,,
-49.2668,-25.1827,OSM,BR,,
-49.2544,-25.1843,OSM,BR,,
-49.2532,-25.1875,OSM,BR,,
-49.2393,-25.2179,OSM,BR,,
-49.2681,-25.221,OSM,BR,,
-49.281,-25.2094,OSM,BR,,
-49.2797,-25.2103,OSM,BR,,
-49.277,-25.2121,OSM,BR,,
-49.3028,-25.2124,OSM,BR,,
-49.2839,-25.2134,OSM,BR,,
-49.3148,-25.2126,OSM,BR,,
-49.3082,-25.2032,OSM,BR,,
-49.3141,-25.207,OSM,BR,,
-49.2692,-25.2176,OSM,BR,,
-49.3153,-25.2161,OSM,BR,,
-49.2302,-25.2155,OSM,BR,,
-49.214,-25.227,OSM,BR,,
-49.2345,-25.227,OSM,BR,,
-49.225,-25.2291,OSM,BR,,
-49.2189,-25.2303,OSM,BR,,
-49.2553,-25.2317,OSM,BR,,
-49.2194,-25.2223,OSM,BR,,
-49.0009,-24.6624,OSM,BR,,
-49.0412,-24.7849,OSM,BR,,
-49.0417,-24.7897,OSM,BR,,
-49.0105,-24.8763,OSM,BR,,
-49.0725,-24.8842,OSM,BR,,
-49.0154,-24.9068,OSM,BR,,
-49.3453,-25.2292,OSM,BR,,
-49.3853,-25.2611,OSM,BR,,
-49.3635,-25.211,OSM,BR,,
-49.3817,-25.2609,OSM,BR,,
-49.343,-25.2307,OSM,BR,,
-49.4879,-25.156,OSM,BR,,
-49.3371,-25.2294,OSM,BR,,
-49.3835,-25.2554,OSM,BR,,
-49.5118,-25.1799,OSM,BR,,
-49.3864,-25.2577,OSM,BR,,
-49.39,-25.2576,OSM,BR,,
-49.4552,-25.3249,OSM,BR,,
-49.5191,-25.186,OSM,BR,,
-49.3646,-25.3785,OSM,BR,,
-49.5308,-25.2089,OSM,BR,,
-49.4565,-25.3136,OSM,BR,,
-49.3577,-25.2632,OSM,BR,,
-49.2957,-25.2287,OSM,BR,,
-49.3363,-25.2498,OSM,BR,,
-49.281,-25.2489,OSM,BR,,
-49.2807,-25.2408,OSM,BR,,
-49.3371,-25.2564,OSM,BR,,
-49.3357,-25.2544,OSM,BR,,
-49.3581,-25.2569,OSM,BR,,
-49.3539,-25.2575,OSM,BR,,
-49.3601,-25.2657,OSM,BR,,
-49.3518,-25.2641,OSM,BR,,
-49.364,-25.2677,OSM,BR,,
-49.3685,-25.2679,OSM,BR,,
-49.3854,-25.2721,OSM,BR,,
-49.396,-25.2698,OSM,BR,,
-49.3278,-25.2718,OSM,BR,,
-49.337,-25.274,OSM,BR,,
-49.3469,-25.2751,OSM,BR,,
-49.3336,-25.2751,OSM,BR,,
-49.3727,-25.2705,OSM,BR,,
-49.3801,-25.2713,OSM,BR,,
-49.3996,-25.276,OSM,BR,,
-49.2755,-25.2908,OSM,BR,,
-49.3184,-25.3012,OSM,BR,,
-49.2987,-25.3051,OSM,BR,,
-49.3219,-25.3609,OSM,BR,,
-49.1586,-25.2928,OSM,BR,,
-49.1796,-25.3145,OSM,BR,,
-49.2036,-25.3794,OSM,BR,,
-49.2121,-25.328,OSM,BR,,
-49.2499,-25.2837,OSM,BR,,
-49.226,-25.2354,OSM,BR,,
-49.1966,-25.2943,OSM,BR,,
-49.4731,-26.1247,OSM,BR,,
-49.4299,-26.1649,OSM,BR,,
-49.5054,-26.1425,OSM,BR,,
-49.4893,-26.0776,OSM,BR,,
-49.3967,-26.0779,OSM,BR,,
-49.3302,-25.9767,OSM,BR,,
-49.3279,-25.9958,OSM,BR,,
-49.3581,-26.0031,OSM,BR,,
-49.359,-25.9549,OSM,BR,,
-49.7846,-26.8665,OSM,BR,,
-49.6638,-25.4669,OSM,BR,,
-49.6635,-25.4699,OSM,BR,,
-53.8178,-24.4727,OSM,BR,,
-53.8147,-24.4698,OSM,BR,,
-52.7788,-26.9574,OSM,BR,,
-49.3516,-26.9471,OSM,BR,,
-52.5326,-25.8488,OSM,BR,,
-53.5479,-24.5863,OSM,BR,,
-49.1683,-26.7504,OSM,BR,aggregate,
-49.1659,-26.5169,OSM,BR,aggregate,
-49.773,-26.1875,OSM,BR,,
-48.8963,-24.109,OSM,BR,,
-48.8981,-24.1246,OSM,BR,,
-48.0526,-24.8984,OSM,BR,talc,
-49.0001,-24.6625,OSM,BR,,
-48.8986,-24.0911,OSM,BR,,
-48.8637,-24.1358,OSM,BR,,
-48.897,-24.0234,OSM,BR,,
-48.9064,-24.0183,OSM,BR,,
-48.9141,-24.0159,OSM,BR,,
-48.8927,-24.0766,OSM,BR,,
-48.9091,-24.1639,OSM,BR,,
-48.9046,-24.1634,OSM,BR,,
-48.9109,-24.1682,OSM,BR,,
-48.9554,-26.3884,OSM,BR,,
-48.6207,-26.1235,OSM,BR,,
-48.9501,-26.2697,OSM,BR,,
-48.9426,-26.2662,OSM,BR,,
-48.9439,-26.2801,OSM,BR,,
-48.3307,-24.1678,OSM,BR,,
-48.3573,-24.1875,OSM,BR,,
-48.343,-24.1718,OSM,BR,,
-48.7328,-26.4843,OSM,BR,,
-47.9746,-24.7238,OSM,BR,,
-48.6644,-27.7077,OSM,BR,,
-48.5972,-24.4513,OSM,BR,,
-48.89,-27.006,OSM,BR,,
-49.0017,-25.3662,OSM,BR,,
-48.6908,-27.9161,OSM,BR,,
-48.814,-28.1329,OSM,BR,,
-48.6306,-27.4329,OSM,BR,,
-48.6257,-27.0486,OSM,BR,,
-48.6281,-27.1225,OSM,BR,,
-48.6255,-27.0425,OSM,BR,,
-48.6233,-27.0486,OSM,BR,,
-48.6288,-27.1205,OSM,BR,,
-48.6215,-27.1365,OSM,BR,,
-48.6193,-27.087,OSM,BR,,
-48.6629,-27.3124,OSM,BR,,
-48.686,-27.4584,OSM,BR,,
-48.6317,-27.4365,OSM,BR,,
-48.6597,-27.309,OSM,BR,,
-48.6342,-27.4352,OSM,BR,,
-48.7904,-27.6897,OSM,BR,,
-48.6217,-27.0914,OSM,BR,,
-48.4772,-24.2287,OSM,BR,,
-46.6245,-24.0896,OSM,BR,,
-48.9526,-25.301,OSM,BR,,
-48.4944,-24.2798,OSM,BR,,
-48.4974,-24.2631,OSM,BR,,
-48.4698,-24.2213,OSM,BR,,
-48.5016,-24.2548,OSM,BR,,
-48.558,-24.2799,OSM,BR,,
-48.4837,-24.2552,OSM,BR,,
-48.4587,-24.229,OSM,BR,,
-48.4878,-24.2582,OSM,BR,,
-48.4677,-24.0519,OSM,BR,,
-48.4673,-24.0949,OSM,BR,,
-48.46,-24.0847,OSM,BR,,
-48.4943,-24.0816,OSM,BR,,
-48.963,-26.0282,OSM,BR,,
-48.4107,-24.045,OSM,BR,,
-48.4982,-24.1224,OSM,BR,,
-48.7272,-28.0302,OSM,BR,,
-48.7132,-28.0525,OSM,BR,,
-48.405,-24.1416,OSM,BR,,
-48.3737,-24.1351,OSM,BR,,
-48.3792,-24.1201,OSM,BR,,
-48.295,-24.0961,OSM,BR,,
-48.4285,-24.1546,OSM,BR,,
-48.4278,-24.1539,OSM,BR,,
-48.4502,-24.2145,OSM,BR,,
-48.4338,-24.1836,OSM,BR,,
-48.3552,-24.1662,OSM,BR,,
-48.7774,-24.5132,OSM,BR,,
-48.6444,-27.2424,OSM,BR,,
-48.4089,-24.0474,OSM,BR,,
-48.4094,-24.0484,OSM,BR,,
-48.4867,-24.0833,OSM,BR,,
-48.6766,-26.8045,OSM,BR,,
-48.932,-24.0817,OSM,BR,,
-48.972,-24.1562,OSM,BR,,
-48.8804,-24.112,OSM,BR,,
-48.8884,-24.114,OSM,BR,,
-48.8835,-24.1124,OSM,BR,,
-48.577,-25.6984,OSM,BR,,
-48.5851,-25.7262,OSM,BR,,
-48.5917,-25.5713,OSM,BR,,
-48.6653,-24.2443,OSM,BR,,
-48.8229,-26.6293,OSM,BR,,
-48.9073,-24.6002,OSM,BR,,
-48.6847,-26.8416,OSM,BR,,
-48.8205,-26.6329,OSM,BR,,
-48.8244,-26.6324,OSM,BR,,
-48.8235,-26.2175,OSM,BR,,
-48.504,-27.4934,OSM,BR,,
-48.7846,-28.4155,OSM,BR,limestone,
-48.7566,-25.4306,OSM,BR,,
-48.7589,-25.4309,OSM,BR,,
-48.711,-25.9861,OSM,BR,,
-48.6921,-27.685,OSM,BR,,
-48.712,-27.104,OSM,BR,,
-48.7077,-27.1019,OSM,BR,,
-48.6669,-25.5343,OSM,BR,,
-48.6901,-25.5427,OSM,BR,sand,
-48.7744,-25.3767,OSM,BR,,
-48.6128,-25.5499,OSM,BR,,
-48.8398,-24.8837,OSM,BR,,
-48.7287,-25.0339,OSM,BR,,
-49.0009,-24.6624,OSM,BR,,
-48.8845,-24.6719,OSM,BR,,
-48.8971,-24.6922,OSM,BR,,
-48.6418,-24.7,OSM,BR,,
-48.8328,-24.8327,OSM,BR,,
-48.6715,-26.3286,OSM,BR,,
-48.7113,-26.5812,OSM,BR,,
-48.8961,-24.125,OSM,BR,,
-48.8928,-24.1188,OSM,BR,,
-48.8962,-27.1507,OSM,BR,,
-48.713,-27.543,OSM,BR,granito,
-69.3726,-22.9119,OSM,BR,copper,
-69.2493,-22.7868,OSM,BR,copper;molybdenum,
-69.0774,-22.952,OSM,BR,copper;molybdenum,
-69.0589,-22.9427,OSM,BR,copper;molybdenum,
-69.0254,-22.9489,OSM,BR,copper;molybdenum,
-69.3377,-22.8508,OSM,BR,copper;molybdenum,
-69.2621,-20.0481,OSM,BR,,
-69.5392,-23.4505,OSM,BR,copper,
-69.5132,-23.4319,OSM,BR,copper,
-70.2723,-22.8967,OSM,BR,aggregate,
-70.2889,-22.7695,OSM,BR,aggregate,
-70.2841,-22.7577,OSM,BR,aggregate,
-70.3001,-22.8406,OSM,BR,aggregate,
-70.2806,-22.8442,OSM,BR,aggregate,
-69.0588,-22.9726,OSM,BR,copper;molybdenum,
-69.3791,-19.5284,OSM,BR,aggregate,
-69.38,-19.5289,OSM,BR,aggregate,
-69.4024,-19.5809,OSM,BR,aggregate,
-69.3143,-19.7953,OSM,BR,aggregate,
-70.1646,-20.3642,OSM,BR,aggregate,
-70.1578,-20.354,OSM,BR,aggregate,
-70.3941,-23.8399,OSM,BR,limestone,
-70.1693,-22.68,OSM,BR,copper,
-70.2128,-22.3816,OSM,BR,copper,
-70.0617,-23.4293,OSM,BR,copper,
-69.0974,-23.0798,OSM,BR,copper;molybdenum,
-69.88,-22.6358,OSM,BR,,
-70.1099,-22.6017,OSM,BR,copper,
-70.1705,-22.7145,OSM,BR,copper,
-69.8609,-22.1301,OSM,BR,copper,
-70.2468,-23.2999,OSM,BR,copper,
-70.1401,-22.1616,OSM,BR,copper,
-70.1637,-22.6049,OSM,BR,copper,
-70.2343,-22.7271,OSM,BR,copper,
-70.2707,-23.9318,OSM,BR,aggregate,
-70.2642,-23.9203,OSM,BR,aggregate,
-69.5449,-23.5525,OSM,BR,gold,
-69.9475,-23.1546,OSM,BR,copper,
-70.369,-23.5495,OSM,BR,aggregate,
-70.3203,-23.083,OSM,BR,aggregate,
-69.9909,-20.9485,OSM,BR,salt,
-70.0185,-21.1463,OSM,BR,salt,
-69.9499,-21.0856,OSM,BR,salt,
-70.0236,-20.8932,OSM,BR,salt,
-70.0503,-20.8887,OSM,BR,salt,
-70.0513,-20.8918,OSM,BR,salt,
-70.0484,-20.8907,OSM,BR,salt,
-70.0488,-20.8857,OSM,BR,salt,
-70.1496,-22.4349,OSM,BR,,
-70.1816,-22.2805,OSM,BR,,
-70.1729,-22.2746,OSM,BR,,
-70.2662,-23.2234,OSM,BR,,
-70.4935,-23.1277,OSM,BR,,
-70.4952,-23.1256,OSM,BR,,
-70.4974,-23.1346,OSM,BR,,
-70.4987,-23.1317,OSM,BR,,
-69.2092,-22.8682,OSM,BR,,
-70.0783,-20.238,OSM,BR,,
-70.108,-20.2355,OSM,BR,,
-70.1028,-20.2341,OSM,BR,,
-70.1025,-20.2376,OSM,BR,,
-70.1111,-20.247,OSM,BR,,
-70.1159,-20.2444,OSM,BR,,
-70.3837,-23.8361,OSM,BR,limestone,
-70.5469,-23.3343,OSM,BR,,
-70.0693,-20.2296,OSM,BR,,
-70.1883,-22.2412,OSM,BR,,
-70.3377,-23.9263,OSM,BR,aggregate,
-70.3564,-23.6536,OSM,BR,,
-63.9381,-22.2101,OSM,BR,,
-44.2429,-22.338,OSM,BR,,
-46.4163,-23.5624,OSM,BR,,
-45.8082,-23.1617,OSM,BR,,
-44.8741,-21.31,OSM,BR,stone,
-47.3313,-22.8021,OSM,BR,,
-45.2053,-19.787,OSM,BR,,
-44.0271,-20.064,OSM,BR,,
-44.0914,-19.8686,OSM,BR,,
-44.1386,-19.9022,OSM,BR,,
-47.4134,-23.5766,OSM,BR,,
-44.9087,-21.1932,OSM,BR,,
-44.9397,-21.1891,OSM,BR,,
-44.9282,-21.1976,OSM,BR,,
-45.2472,-20.8868,OSM,BR,,
-47.1711,-22.7662,OSM,BR,,
-47.1318,-22.8976,OSM,BR,,
-47.1747,-22.7657,OSM,BR,,
-44.9911,-21.7255,OSM,BR,,
-44.9985,-21.7428,OSM,BR,,
-44.9343,-21.663,OSM,BR,,
-44.9446,-21.6414,OSM,BR,,
-44.9869,-21.7201,OSM,BR,,
-44.9785,-21.7082,OSM,BR,,
-44.9961,-21.7337,OSM,BR,,
-45.006,-21.7452,OSM,BR,,
-44.9292,-21.6383,OSM,BR,,
-45.0172,-21.7503,OSM,BR,,
-45.0205,-21.7542,OSM,BR,,
-44.9693,-21.7058,OSM,BR,,
-44.9651,-21.697,OSM,BR,,
-44.9583,-21.6899,OSM,BR,,
-44.9527,-21.6866,OSM,BR,,
-44.9613,-21.6941,OSM,BR,,
-47.6203,-21.9586,OSM,BR,sand,
-47.6115,-21.9522,OSM,BR,sand,
-46.5869,-23.3424,OSM,BR,,
-44.2673,-19.4967,OSM,BR,,
-44.2232,-19.4946,OSM,BR,,
-44.2689,-19.5232,OSM,BR,,
-44.3561,-19.4614,OSM,BR,,
-44.0587,-19.8981,OSM,BR,,
-44.0628,-19.8972,OSM,BR,,
-44.061,-19.8938,OSM,BR,,
-45.0411,-20.1932,OSM,BR,,
-46.447,-23.387,OSM,BR,,
-46.4298,-23.3563,OSM,BR,,
-45.9666,-19.9422,OSM,BR,,
-46.2475,-23.5015,OSM,BR,,
-46.9233,-23.5044,OSM,BR,,
-47.3365,-22.8057,OSM,BR,,
-46.5954,-21.7715,OSM,BR,,
-46.262,-23.5571,OSM,BR,,
-46.2752,-23.5596,OSM,BR,,
-44.3266,-22.4482,OSM,BR,,
-44.2604,-22.4902,OSM,BR,,
-48.2166,-21.2112,OSM,BR,,
-47.3641,-22.6139,OSM,BR,,
-46.9029,-22.0341,OSM,BR,,
-44.2409,-22.3376,OSM,BR,,
-44.6584,-21.3068,OSM,BR,,
-46.9088,-23.4838,OSM,BR,,
-46.3888,-23.8311,OSM,BR,,
-46.3871,-23.8375,OSM,BR,,
-46.8737,-23.7933,OSM,BR,,
-46.0713,-20.135,OSM,BR,,
-45.3524,-23.7712,OSM,BR,,
-45.3487,-23.7494,OSM,BR,,
-46.8975,-23.6531,OSM,BR,,
-45.206,-19.7837,OSM,BR,,
-45.3691,-21.5114,OSM,BR,,
-47.6177,-22.006,OSM,BR,sand,
-47.5993,-22.0788,OSM,BR,,
-45.6256,-20.2746,OSM,BR,limestone,
-46.758,-23.952,OSM,BR,,
-45.4753,-19.8184,OSM,BR,,
-44.0144,-19.8219,OSM,BR,,
-47.4171,-23.5126,OSM,BR,,
-47.4138,-23.5191,OSM,BR,,
-45.2445,-20.7936,OSM,BR,,
-46.9563,-19.6604,OSM,BR,apatite,
-46.936,-19.6566,OSM,BR,niobium,
-46.3798,-21.9724,OSM,BR,,
-47.7083,-22.418,OSM,BR,,
-47.7097,-22.4166,OSM,BR,,
-47.7141,-22.4185,OSM,BR,,
-46.8772,-23.9257,OSM,BR,,
-44.3276,-22.4545,OSM,BR,,
-46.8985,-23.9278,OSM,BR,,
-46.9028,-23.9287,OSM,BR,,
-46.9045,-23.9301,OSM,BR,,
-46.9162,-23.8726,OSM,BR,,
-46.8589,-23.9167,OSM,BR,,
-46.8582,-23.9197,OSM,BR,,
-46.8741,-23.9223,OSM,BR,,
-46.8759,-23.2725,OSM,BR,,
-44.2259,-20.1128,OSM,BR,,
-44.2642,-20.1068,OSM,BR,,
-44.3049,-20.1144,OSM,BR,,
-48.8952,-22.3048,OSM,BR,,
-48.7881,-22.3596,OSM,BR,stone;granite;sand,
-47.7798,-21.2507,OSM,BR,,
-44.5739,-21.0953,OSM,BR,,
-44.5735,-21.0805,OSM,BR,,
-44.5921,-21.089,OSM,BR,,
-44.5673,-21.0685,OSM,BR,,
-44.0681,-21.1868,OSM,BR,,
-44.0145,-21.1765,OSM,BR,,
-44.1593,-20.1057,OSM,BR,,
-46.7204,-20.123,OSM,BR,,
-46.4132,-23.5616,OSM,BR,,
-44.0187,-19.5716,OSM,BR,,
-43.9972,-19.6057,OSM,BR,,
-44.0219,-19.6198,OSM,BR,,
-46.727,-23.417,OSM,BR,,
-46.1055,-19.2079,OSM,BR,,
-46.8047,-23.1588,OSM,BR,,
-44.7907,-19.6918,OSM,BR,,
-44.761,-19.7102,OSM,BR,,
-48.1712,-21.8704,OSM,BR,,
-47.4311,-22.7289,OSM,BR,,
-47.4369,-22.7173,OSM,BR,,
-47.4723,-22.7262,OSM,BR,,
-44.5831,-20.7639,OSM,BR,,
-45.1529,-20.4344,OSM,BR,,
-47.9418,-23.2418,OSM,BR,,
-44.2402,-22.6087,OSM,BR,,
-44.1042,-20.0947,OSM,BR,,
-44.1093,-20.0788,OSM,BR,,
-46.6933,-22.9357,OSM,BR,,
-48.2705,-20.88,OSM,BR,,
-47.0087,-23.3982,OSM,BR,,
-46.3115,-20.605,OSM,BR,,
-47.0099,-20.9306,OSM,BR,,
-45.0814,-19.9916,OSM,BR,,
-46.3797,-23.8322,OSM,BR,,
-46.3741,-23.832,OSM,BR,,
-46.3714,-23.8323,OSM,BR,,
-46.3736,-23.8353,OSM,BR,,
-46.7367,-22.3231,OSM,BR,,
-47.8778,-19.9842,OSM,BR,,
-46.6337,-23.0603,OSM,BR,,
-46.8447,-19.8664,OSM,BR,,
-44.4215,-20.1515,OSM,BR,,
-46.26,-23.4277,OSM,BR,,
-44.3552,-21.2042,OSM,BR,,
-48.2083,-21.8371,OSM,BR,,
-47.3307,-21.9301,OSM,BR,,
-46.3833,-21.9953,OSM,BR,,
-48.0495,-21.8074,OSM,BR,,
-45.017,-19.5295,OSM,BR,slate,
-45.0,-19.4985,OSM,BR,slate,
-44.1336,-20.0205,OSM,BR,,
-44.4525,-20.7592,OSM,BR,,
-44.4961,-20.7557,OSM,BR,,
-44.7867,-20.8341,OSM,BR,,
-45.1965,-22.2844,OSM,BR,aggregate,
-44.8658,-22.4662,OSM,BR,,
-44.8672,-22.4759,OSM,BR,,
-44.8699,-22.4789,OSM,BR,,
-45.2847,-22.4599,OSM,BR,,
-45.1346,-22.242,OSM,BR,,
-46.0137,-20.876,OSM,BR,,
-44.1035,-20.0832,OSM,BR,,
-46.4645,-22.94,OSM,BR,,
-47.8309,-23.0377,OSM,BR,clay,
-48.4608,-23.6416,OSM,BR,,
-46.2769,-20.7096,OSM,BR,,
-44.7291,-20.6522,OSM,BR,,
-46.0595,-20.0626,OSM,BR,,
-47.8662,-23.0852,OSM,BR,clay,
-47.8567,-23.0887,OSM,BR,clay,
-45.602,-22.7887,OSM,BR,,
-46.7121,-20.8927,OSM,BR,,
-46.771,-20.8232,OSM,BR,,
-47.8159,-23.0067,OSM,BR,clay,
-47.8221,-23.0241,OSM,BR,clay,
-47.8838,-23.0942,OSM,BR,clay,
-47.8884,-23.0919,OSM,BR,clay,
-47.8807,-23.0893,OSM,BR,clay,
-47.8607,-23.1078,OSM,BR,clay,
-47.8592,-23.1008,OSM,BR,clay,
-47.9026,-23.0852,OSM,BR,clay,
-47.8995,-23.0871,OSM,BR,clay,
-47.9023,-23.087,OSM,BR,clay,
-47.8554,-23.0958,OSM,BR,clay,
-46.211,-23.4123,OSM,BR,,
-46.2064,-23.4086,OSM,BR,,
-46.2024,-23.4092,OSM,BR,,
-46.1984,-23.4037,OSM,BR,,
-46.2055,-23.3978,OSM,BR,,
-46.1975,-23.3942,OSM,BR,,
-46.1963,-23.386,OSM,BR,,
-46.2151,-23.4203,OSM,BR,,
-46.2268,-23.4324,OSM,BR,,
-46.2367,-23.4398,OSM,BR,,
-46.2304,-23.4348,OSM,BR,,
-46.1923,-23.3984,OSM,BR,,
-47.0578,-23.3911,OSM,BR,,
-47.0577,-23.3948,OSM,BR,,
-47.0644,-23.3947,OSM,BR,,
-47.0836,-23.4071,OSM,BR,,
-47.0772,-23.416,OSM,BR,,
-47.087,-23.4251,OSM,BR,,
-47.0685,-23.4064,OSM,BR,,
-46.3787,-23.3853,OSM,BR,,
-46.3739,-23.3879,OSM,BR,,
-46.2837,-23.556,OSM,BR,,
-46.7334,-23.4257,OSM,BR,,
-46.7379,-23.4295,OSM,BR,,
-47.8609,-23.0577,OSM,BR,clay,
-47.8681,-23.0639,OSM,BR,clay,
-46.2502,-23.6258,OSM,BR,,
-46.2301,-23.5309,OSM,BR,,
-46.7761,-23.3865,OSM,BR,,
-46.8633,-23.3643,OSM,BR,,
-46.8874,-23.3686,OSM,BR,,
-46.2584,-23.5276,OSM,BR,,
-46.2225,-23.3496,OSM,BR,,
-46.2072,-23.3356,OSM,BR,,
-46.3371,-23.4747,OSM,BR,,
-44.7786,-19.4833,OSM,BR,slate,
-45.9741,-21.4547,OSM,BR,,
-46.1269,-23.6293,OSM,BR,,
-45.9048,-22.1706,OSM,BR,,
-47.7897,-21.2629,OSM,BR,,
-45.9528,-22.2198,OSM,BR,,
-46.9161,-23.4903,OSM,BR,,
-46.9188,-23.4978,OSM,BR,aggregate,
-45.5554,-20.3361,OSM,BR,,
-45.584,-23.0031,OSM,BR,,
-44.4353,-20.0385,OSM,BR,,
-47.6393,-22.1579,OSM,BR,sand,
-47.9233,-23.0503,OSM,BR,limestone,
-47.5387,-22.9837,OSM,BR,,
-46.2672,-23.4119,OSM,BR,,
-45.5492,-22.8526,OSM,BR,,
-45.6035,-20.2873,OSM,BR,,
-46.8963,-22.3275,OSM,BR,,
-45.5919,-20.3227,OSM,BR,,
-45.5862,-20.3195,OSM,BR,,
-46.7722,-20.7587,OSM,BR,,
-45.5667,-20.3729,OSM,BR,,
-45.5611,-20.3756,OSM,BR,,
-45.5644,-20.3711,OSM,BR,,
-45.5568,-20.3847,OSM,BR,,
-45.5542,-20.3802,OSM,BR,,
-45.9279,-20.839,OSM,BR,,
-45.9275,-20.8343,OSM,BR,,
-45.9232,-20.8411,OSM,BR,,
-45.9229,-20.848,OSM,BR,,
-45.9299,-20.8469,OSM,BR,,
-45.9224,-20.8557,OSM,BR,,
-44.1287,-20.104,OSM,BR,iron_ore,
-44.1048,-20.1218,OSM,BR,,
-44.1059,-20.1273,OSM,BR,,
-44.1456,-20.1544,OSM,BR,,
-46.0072,-23.5713,OSM,BR,,
-46.0296,-23.5935,OSM,BR,,
-46.0284,-23.597,OSM,BR,,
-46.8718,-22.7457,OSM,BR,,
-46.9273,-23.4942,OSM,BR,aggregate,
-46.6369,-23.3629,OSM,BR,,
-47.5519,-23.648,OSM,BR,,
-47.5462,-23.6483,OSM,BR,,
-47.5406,-23.6279,OSM,BR,,
-47.5399,-23.6371,OSM,BR,,
-47.0367,-23.4776,OSM,BR,,
-46.7293,-23.4087,OSM,BR,,
-46.7217,-23.4108,OSM,BR,,
-45.5663,-20.3818,OSM,BR,,
-45.3695,-21.5558,OSM,BR,,
-45.3744,-21.5576,OSM,BR,,
-46.0415,-22.61,OSM,BR,,
-46.9921,-23.4234,OSM,BR,,
-46.9853,-23.4214,OSM,BR,,
-46.6927,-23.4853,OSM,BR,,
-47.8774,-23.0898,OSM,BR,clay,
-47.3316,-22.8022,OSM,BR,,
-44.2093,-21.1148,OSM,BR,silica,
-44.7147,-19.171,OSM,BR,slate,
-44.7138,-19.1735,OSM,BR,slate,
-44.7089,-19.1769,OSM,BR,slate,
-44.6449,-19.2122,OSM,BR,slate,
-44.6442,-19.2181,OSM,BR,slate,
-44.6437,-19.2206,OSM,BR,slate,
-44.6389,-19.2222,OSM,BR,slate,
-44.632,-19.2259,OSM,BR,slate,
-44.6205,-19.2341,OSM,BR,slate,
-44.628,-19.241,OSM,BR,slate,
-44.6026,-19.2513,OSM,BR,slate,
-44.5841,-19.2563,OSM,BR,slate,
-44.5842,-19.2567,OSM,BR,slate,
-44.5814,-19.2285,OSM,BR,slate,
-44.5795,-19.2284,OSM,BR,slate,
-44.5836,-19.2279,OSM,BR,slate,
-44.5825,-19.2265,OSM,BR,slate,
-44.5002,-19.2291,OSM,BR,,
-44.5169,-19.2367,OSM,BR,slate,
-44.5438,-19.3465,OSM,BR,slate,
-44.5392,-19.3494,OSM,BR,slate,
-44.5424,-19.3451,OSM,BR,slate,
-44.5424,-19.3431,OSM,BR,slate,
-44.541,-19.3411,OSM,BR,slate,
-44.4251,-19.3792,OSM,BR,slate,
-44.3508,-19.4011,OSM,BR,slate,
-44.3441,-19.4113,OSM,BR,slate,
-44.618,-19.3877,OSM,BR,slate,
-44.6882,-19.3547,OSM,BR,slate,
-44.5803,-19.3516,OSM,BR,slate,
-44.5583,-19.327,OSM,BR,slate,
-44.5556,-19.3254,OSM,BR,slate,
-44.6005,-19.3058,OSM,BR,slate,
-44.5965,-19.3061,OSM,BR,slate,
-44.5937,-19.3056,OSM,BR,slate,
-44.5958,-19.3077,OSM,BR,slate,
-44.5947,-19.3106,OSM,BR,slate,
-44.5915,-19.3084,OSM,BR,slate,
-44.6145,-19.2944,OSM,BR,slate,
-44.656,-19.2907,OSM,BR,slate,
-44.6534,-19.2947,OSM,BR,slate,
-44.6496,-19.2939,OSM,BR,slate,
-44.6476,-19.2882,OSM,BR,slate,
-44.6474,-19.2826,OSM,BR,slate,
-44.6549,-19.2794,OSM,BR,slate,
-44.6551,-19.2746,OSM,BR,slate,
-44.6461,-19.2759,OSM,BR,slate,
-44.6447,-19.2725,OSM,BR,slate,
-44.6443,-19.2673,OSM,BR,slate,
-44.6412,-19.2642,OSM,BR,slate,
-44.6401,-19.2708,OSM,BR,slate,
-44.6325,-19.2554,OSM,BR,slate,
-44.6957,-19.2804,OSM,BR,slate,
-44.8036,-19.5292,OSM,BR,slate,
-44.7908,-19.4785,OSM,BR,slate,
-44.79,-19.4737,OSM,BR,slate,
-44.7843,-19.4847,OSM,BR,slate,
-44.8476,-19.4809,OSM,BR,slate,
-44.8537,-19.3785,OSM,BR,slate,
-44.8604,-19.3646,OSM,BR,slate,
-44.8606,-19.3603,OSM,BR,slate,
-45.0429,-19.5776,OSM,BR,slate,
-45.0338,-19.5681,OSM,BR,slate,
-45.0275,-19.5575,OSM,BR,slate,
-45.0184,-19.5347,OSM,BR,slate,
-45.0176,-19.5332,OSM,BR,slate,
-45.0138,-19.5317,OSM,BR,slate,
-45.0112,-19.5311,OSM,BR,slate,
-45.0098,-19.5323,OSM,BR,slate,
-45.0052,-19.5264,OSM,BR,slate,
-45.0026,-19.5217,OSM,BR,slate,
-45.0046,-19.4329,OSM,BR,slate,
-45.0189,-19.4257,OSM,BR,slate,
-45.0163,-19.4156,OSM,BR,slate,
-45.0151,-19.412,OSM,BR,slate,
-45.0386,-19.4246,OSM,BR,slate,
-45.0406,-19.3046,OSM,BR,slate,
-45.0191,-19.2949,OSM,BR,slate,
-45.2287,-19.4503,OSM,BR,slate,
-44.0301,-20.4394,OSM,BR,,
-45.3704,-20.525,OSM,BR,,
-44.4717,-19.9361,OSM,BR,,
-44.4042,-19.8322,OSM,BR,,
-44.3831,-19.8007,OSM,BR,,
-44.4267,-19.5604,OSM,BR,,
-46.4332,-23.7015,OSM,BR,granite;organic;stone,
-45.2524,-22.8774,OSM,BR,,
-47.829,-23.0996,OSM,BR,clay,
-47.8557,-23.1149,OSM,BR,clay,
-47.8327,-21.9028,OSM,BR,,
-47.8277,-21.9064,OSM,BR,,
-47.8348,-23.0989,OSM,BR,clay,
-47.865,-23.0591,OSM,BR,clay,
-46.2081,-23.616,OSM,BR,,
-46.1507,-23.3651,OSM,BR,,
-46.1394,-23.3528,OSM,BR,,
-46.1449,-23.3567,OSM,BR,,
-47.7215,-23.3646,OSM,BR,clay,
-47.7317,-23.3557,OSM,BR,,
-47.8685,-20.5946,OSM,BR,,
-46.625,-21.7631,OSM,BR,,
-46.0265,-23.3125,OSM,BR,,
-46.0186,-23.3238,OSM,BR,sand,
-46.0705,-23.3518,OSM,BR,,
-47.9964,-23.6563,OSM,BR,,
-46.122,-23.3892,OSM,BR,,
-45.961,-23.2704,OSM,BR,,
-46.5327,-21.7853,OSM,BR,,
-45.6479,-23.0325,OSM,BR,,
-45.6562,-23.0306,OSM,BR,,
-47.1298,-23.2628,OSM,BR,,
-45.4687,-23.2094,OSM,BR,,
-45.385,-23.1502,OSM,BR,,
-47.7849,-23.1245,OSM,BR,clay,
-44.3907,-19.2827,OSM,BR,,
-44.3896,-19.2516,OSM,BR,,
-44.3705,-19.5607,OSM,BR,,
-44.3757,-19.5628,OSM,BR,,
-44.1689,-22.5463,OSM,BR,,
-47.8211,-23.6183,OSM,BR,,
-47.8288,-23.6107,OSM,BR,,
-46.4875,-23.1862,OSM,BR,,
-47.6348,-22.1256,OSM,BR,,
-47.8952,-23.6307,OSM,BR,,
-47.8784,-23.6382,OSM,BR,,
-47.8984,-23.6201,OSM,BR,,
-47.8885,-23.6438,OSM,BR,,
-46.9181,-23.7481,OSM,BR,,
-47.8568,-23.0611,OSM,BR,clay,
-47.763,-23.563,OSM,BR,,
-48.0797,-23.6539,OSM,BR,,
-47.8885,-23.6298,OSM,BR,,
-46.2808,-23.3578,OSM,BR,gravel,
-46.9694,-21.0381,OSM,BR,,
-47.785,-23.5927,OSM,BR,,
-44.0223,-19.5579,OSM,BR,,
-46.902,-23.4874,OSM,BR,,
-47.9272,-23.1566,OSM,BR,clay,
-47.8686,-23.083,OSM,BR,clay,
-45.3713,-23.5997,OSM,BR,,
-45.4453,-23.7122,OSM,BR,,
-45.1389,-22.2414,OSM,BR,,
-45.1128,-22.2133,OSM,BR,,
-46.9255,-23.4005,OSM,BR,,
-47.8812,-22.9475,OSM,BR,clay,
-47.9105,-22.9113,OSM,BR,clay,
-47.9034,-23.0917,OSM,BR,clay,
-46.1327,-23.5106,OSM,BR,,
-44.3805,-22.928,OSM,BR,,
-44.3475,-22.9134,OSM,BR,,
-47.9165,-19.6975,OSM,BR,,
-47.9272,-19.7012,OSM,BR,,
-47.9212,-19.701,OSM,BR,,
-44.9332,-19.8987,OSM,BR,cascalho,
-46.9086,-23.4768,OSM,BR,,
-46.909,-23.4778,OSM,BR,,
-45.0178,-19.8405,OSM,BR,limestone,
-47.6091,-21.6994,OSM,BR,,
-45.0814,-19.8269,OSM,BR,clay,
-45.2055,-19.7813,OSM,BR,,
-45.8037,-23.3228,OSM,BR,,
-45.7526,-23.2752,OSM,BR,,
-46.2551,-23.3655,OSM,BR,,
-44.2897,-22.982,OSM,BR,,
-48.0598,-21.7576,OSM,BR,,
-47.087,-23.0042,OSM,BR,,
-45.1581,-22.2529,OSM,BR,,
-47.3128,-23.2251,OSM,BR,,
-46.8289,-23.3871,OSM,BR,,
-46.3877,-23.2186,OSM,BR,,
-47.4574,-22.1891,OSM,BR,sand,
-47.4265,-22.2028,OSM,BR,stone;brita,
-47.4813,-22.1788,OSM,BR,sand,
-48.9042,-20.8994,OSM,BR,,
-46.2828,-23.3687,OSM,BR,,
-45.2183,-22.8195,OSM,BR,,
-46.7239,-23.4638,OSM,BR,,
-46.7823,-18.9983,OSM,BR,,
-44.2716,-19.8057,OSM,BR,,
-44.3356,-20.6086,OSM,BR,,
-44.2827,-19.7908,OSM,BR,,
-44.2884,-19.8152,OSM,BR,,
-44.3158,-19.837,OSM,BR,,
-46.5698,-23.3745,OSM,BR,gravel,
-47.9073,-22.9125,OSM,BR,clay,
-44.0694,-19.8567,OSM,BR,,
-45.8091,-22.4645,OSM,BR,,
-47.4099,-23.5797,OSM,BR,,
-47.4198,-23.5864,OSM,BR,,
-46.7303,-19.0472,OSM,BR,,
-46.7599,-19.0385,OSM,BR,,
-46.3609,-23.7484,OSM,BR,,
-46.8667,-22.7121,OSM,BR,sand,
-44.994,-21.8962,OSM,BR,,
-45.9699,-23.1086,OSM,BR,aggregate;sand;gravel,
-47.3044,-23.3804,OSM,BR,sand,
-47.7318,-23.2884,OSM,BR,,
-47.7036,-23.2943,OSM,BR,,
-47.3887,-23.5103,OSM,BR,,
-46.5597,-23.4065,OSM,BR,,
-47.5605,-23.0892,OSM,BR,,
-47.5982,-23.2023,OSM,BR,,
-47.5863,-23.1967,OSM,BR,,
-47.5865,-23.2524,OSM,BR,,
-47.2398,-23.2024,OSM,BR,,
-47.7746,-23.2988,OSM,BR,,
-47.9155,-23.4019,OSM,BR,,
-47.8355,-23.3202,OSM,BR,,
-43.4947,-22.8911,OSM,BR,,
-43.4577,-22.8858,OSM,BR,,
-43.5827,-22.9827,OSM,BR,,
-43.3095,-22.8659,OSM,BR,,
-43.6317,-22.9922,OSM,BR,,
-43.5034,-22.8987,OSM,BR,,
-43.3183,-22.8446,OSM,BR,,
-43.4703,-22.8965,OSM,BR,,
-43.2896,-22.8512,OSM,BR,,
-43.4638,-22.8932,OSM,BR,,
-43.4469,-22.9,OSM,BR,,
-43.3097,-22.8643,OSM,BR,,
-43.6414,-22.9819,OSM,BR,,
-43.632,-22.8655,OSM,BR,,
-43.6742,-22.9435,OSM,BR,,
-43.6572,-22.9703,OSM,BR,,
-43.6564,-22.8796,OSM,BR,,
-43.6249,-22.9597,OSM,BR,,
-43.4943,-22.8921,OSM,BR,,
-43.6734,-22.9725,OSM,BR,,
-43.3347,-22.8951,OSM,BR,,
-43.5752,-22.977,OSM,BR,,
-43.6208,-22.9549,OSM,BR,,
-43.5064,-22.9713,OSM,BR,,
-43.6604,-22.9215,OSM,BR,,
-43.6969,-22.9342,OSM,BR,,
-43.5768,-22.9794,OSM,BR,,
-43.5602,-22.99,OSM,BR,,
-43.5407,-22.9872,OSM,BR,,
-40.8713,-19.4901,OSM,BR,,
-42.3672,-22.8321,OSM,BR,,
-43.8516,-19.8668,OSM,BR,,
-43.1059,-22.9381,OSM,BR,,
-43.0468,-22.8402,OSM,BR,,
-43.9448,-20.0886,OSM,BR,,
-43.9586,-20.0438,OSM,BR,,
-40.2921,-19.8177,OSM,BR,,
-40.4038,-20.1458,OSM,BR,,
-43.9612,-20.0583,OSM,BR,iron_ore,
-43.9599,-20.05,OSM,BR,,
-43.1103,-22.76,OSM,BR,,
-43.2202,-22.7897,OSM,BR,,
-43.2183,-22.7889,OSM,BR,,
-43.3216,-22.867,OSM,BR,,
-43.3125,-22.8652,OSM,BR,,
-43.3243,-22.8663,OSM,BR,,
-43.3196,-22.8727,OSM,BR,,
-43.3192,-22.8663,OSM,BR,,
-43.3046,-22.8772,OSM,BR,,
-43.3392,-22.8571,OSM,BR,,
-43.3367,-22.8598,OSM,BR,,
-43.2907,-22.8578,OSM,BR,,
-43.2626,-22.867,OSM,BR,,
-43.2596,-22.867,OSM,BR,,
-43.3498,-22.9201,OSM,BR,,
-43.3466,-22.9187,OSM,BR,,
-43.2905,-22.9135,OSM,BR,,
-43.3099,-22.9087,OSM,BR,,
-43.3171,-22.8981,OSM,BR,,
-43.3347,-22.8989,OSM,BR,,
-43.3401,-22.9083,OSM,BR,,
-43.3824,-22.8961,OSM,BR,,
-43.3862,-22.8997,OSM,BR,,
-43.3853,-22.8969,OSM,BR,,
-43.3914,-22.8967,OSM,BR,,
-43.3899,-22.8946,OSM,BR,,
-43.412,-22.9098,OSM,BR,,
-43.406,-22.9333,OSM,BR,,
-43.4476,-22.9835,OSM,BR,,
-43.4583,-22.8879,OSM,BR,,
-43.4053,-22.8873,OSM,BR,,
-43.4914,-22.8857,OSM,BR,,
-43.5718,-22.8543,OSM,BR,,
-43.5374,-22.8553,OSM,BR,,
-42.5801,-19.4382,OSM,BR,,
-43.9004,-19.6767,OSM,BR,,
-42.9239,-22.9476,OSM,BR,,
-43.4984,-22.7708,OSM,BR,,
-43.0672,-22.8778,OSM,BR,,
-43.0668,-22.8756,OSM,BR,,
-43.0222,-22.8349,OSM,BR,,
-40.4008,-20.3207,OSM,BR,aggregate,
-40.3271,-20.3601,OSM,BR,aggregate,
-43.0285,-22.8364,OSM,BR,,
-43.0189,-22.8338,OSM,BR,,
-42.9458,-22.732,OSM,BR,,
-42.9429,-22.7334,OSM,BR,,
-42.9333,-22.7322,OSM,BR,,
-42.942,-22.7463,OSM,BR,,
-42.9378,-22.735,OSM,BR,,
-42.932,-22.7498,OSM,BR,,
-42.9366,-22.7485,OSM,BR,,
-42.9303,-22.7539,OSM,BR,,
-42.9275,-22.7508,OSM,BR,,
-42.9845,-22.7714,OSM,BR,,
-42.929,-22.7481,OSM,BR,,
-42.9344,-22.7409,OSM,BR,,
-43.645,-22.9897,OSM,BR,,
-43.2004,-22.0754,OSM,BR,,
-43.8556,-19.8547,OSM,BR,,
-40.2778,-20.1678,OSM,BR,,
-43.1207,-22.9232,OSM,BR,,
-43.6736,-22.8144,OSM,BR,,
-43.6664,-22.8196,OSM,BR,,
-43.6669,-22.82,OSM,BR,,
-43.6776,-22.8169,OSM,BR,,
-40.4427,-20.6234,OSM,BR,,
-43.9786,-20.0518,OSM,BR,iron_ore,
-40.2701,-20.1743,OSM,BR,,
-43.1549,-22.6646,OSM,BR,,
-42.9858,-22.8645,OSM,BR,,
-43.6413,-22.637,OSM,BR,,
-43.7066,-22.8445,OSM,BR,,
-43.52,-20.2366,OSM,BR,,
-43.4854,-22.9623,OSM,BR,,
-43.5404,-22.9317,OSM,BR,,
-43.7948,-20.0615,OSM,BR,,
-43.8765,-20.115,OSM,BR,,
-43.9225,-20.1176,OSM,BR,iron_ore,
-43.8785,-20.1527,OSM,BR,iron_ore,
-43.6668,-20.1222,OSM,BR,,
-43.6865,-20.2109,OSM,BR,,
-43.7032,-20.1931,OSM,BR,,
-43.6506,-19.9345,OSM,BR,,
-43.8194,-19.9688,OSM,BR,,
-43.7186,-19.9908,OSM,BR,,
-43.7731,-19.9171,OSM,BR,,
-43.7391,-19.8646,OSM,BR,,
-43.7642,-19.9012,OSM,BR,,
-41.2287,-19.3641,OSM,BR,,
-43.9812,-20.1745,OSM,BR,,
-43.9764,-20.1531,OSM,BR,,
-41.0323,-19.5093,OSM,BR,,
-41.0281,-19.505,OSM,BR,,
-41.1128,-20.7216,OSM,BR,,
-43.9669,-19.6768,OSM,BR,sand,
-41.502,-19.966,OSM,BR,,
-43.1883,-19.7899,OSM,BR,,
-43.1917,-19.7829,OSM,BR,,
-41.0971,-20.9504,OSM,BR,,
-43.5106,-20.2039,OSM,BR,iron_ore,
-43.4918,-20.1594,OSM,BR,iron_ore,
-43.4161,-20.1263,OSM,BR,,
-43.4137,-20.1059,OSM,BR,,
-43.5229,-20.2576,OSM,BR,,
-43.5092,-20.2765,OSM,BR,iron_ore,
-43.506,-20.2812,OSM,BR,iron_ore,
-43.3318,-20.2416,OSM,BR,,
-43.3369,-20.2399,OSM,BR,,
-43.3365,-20.2386,OSM,BR,,
-43.3333,-20.2396,OSM,BR,,
-43.3293,-20.2471,OSM,BR,,
-43.2731,-19.6603,OSM,BR,iron_ore,
-43.2344,-19.9426,OSM,BR,iron_ore,
-43.6182,-20.1851,OSM,BR,iron_ore,
-43.5995,-19.9576,OSM,BR,iron_ore,
-43.5792,-19.9698,OSM,BR,iron_ore,
-43.497,-20.1982,OSM,BR,,
-43.5073,-20.19,OSM,BR,,
-43.9072,-20.4212,OSM,BR,,
-43.622,-20.4204,OSM,BR,,
-43.6326,-20.3987,OSM,BR,,
-43.6387,-20.4064,OSM,BR,,
-43.6236,-20.379,OSM,BR,,
-43.6412,-20.4321,OSM,BR,,
-41.1065,-20.7365,OSM,BR,,
-43.2408,-19.6206,OSM,BR,,
-43.2795,-19.6605,OSM,BR,,
-43.0178,-19.5477,OSM,BR,,
-43.0341,-19.541,OSM,BR,,
-43.2878,-19.8929,OSM,BR,,
-43.2453,-19.9016,OSM,BR,,
-43.2191,-19.9335,OSM,BR,,
-43.794,-19.8615,OSM,BR,iron_ore,
-43.6998,-19.8208,OSM,BR,,
-43.2362,-20.3851,OSM,BR,limestone,
-40.5006,-19.6097,OSM,BR,,
-43.9972,-19.6057,OSM,BR,,
-41.922,-22.3575,OSM,BR,,
-43.7805,-22.7772,OSM,BR,,
-43.7919,-22.779,OSM,BR,,
-40.1755,-19.9533,OSM,BR,,
-40.6292,-20.8071,OSM,BR,,
-42.0639,-22.833,OSM,BR,,
-40.379,-19.734,OSM,BR,,
-40.3836,-19.7248,OSM,BR,,
-40.4161,-19.6522,OSM,BR,,
-40.4881,-19.6048,OSM,BR,,
-40.4798,-19.6038,OSM,BR,,
-40.5273,-19.5798,OSM,BR,,
-40.4816,-19.6139,OSM,BR,,
-40.5177,-19.59,OSM,BR,,
-40.5275,-19.5839,OSM,BR,,
-40.5211,-19.5909,OSM,BR,,
-40.5132,-19.5908,OSM,BR,,
-40.7425,-20.4118,OSM,BR,,
-42.7956,-22.8186,OSM,BR,,
-43.3027,-20.1236,OSM,BR,,
-43.2645,-20.1482,OSM,BR,,
-43.6852,-19.7884,OSM,BR,,
-43.7545,-19.6861,OSM,BR,,
-43.5314,-20.4045,OSM,BR,,
-43.4225,-20.3398,OSM,BR,,
-43.4567,-20.3864,OSM,BR,,
-43.5913,-20.5384,OSM,BR,,
-43.6044,-20.5461,OSM,BR,,
-43.6984,-20.3248,OSM,BR,,
-43.7727,-20.6352,OSM,BR,,
-43.7861,-20.604,OSM,BR,,
-43.7594,-20.4369,OSM,BR,,
-43.4151,-20.0963,OSM,BR,,
-43.811,-20.9045,OSM,BR,,
-41.3807,-20.6276,OSM,BR,,
-41.3306,-19.4145,OSM,BR,,
-41.3256,-19.4013,OSM,BR,,
-43.7483,-20.4571,OSM,BR,,
-41.1108,-20.7592,OSM,BR,,
-43.4221,-20.024,OSM,BR,,
-43.4616,-20.0297,OSM,BR,,
-43.375,-19.9644,OSM,BR,,
-43.4127,-20.3324,OSM,BR,,
-43.8406,-19.8179,OSM,BR,,
-43.6726,-19.6446,OSM,BR,,
-43.6673,-19.6415,OSM,BR,,
-43.6718,-19.6323,OSM,BR,,
-42.1221,-19.78,OSM,BR,aggregate,
-42.1589,-19.7993,OSM,BR,aggregate,
-41.1517,-20.5299,OSM,BR,dimension_stone,
-42.6958,-22.9496,OSM,BR,,
-43.9676,-20.0615,OSM,BR,,
-43.0055,-21.1174,OSM,BR,,
-43.0021,-21.1168,OSM,BR,,
-43.0036,-21.1147,OSM,BR,,
-43.7064,-22.2567,OSM,BR,,
-40.2033,-20.1305,OSM,BR,aggregate,
-40.911,-19.7073,OSM,BR,,
-40.9035,-19.6851,OSM,BR,,
-40.9064,-19.6766,OSM,BR,,
-40.9142,-19.6744,OSM,BR,,
-40.9045,-19.6948,OSM,BR,,
-40.9041,-19.6793,OSM,BR,,
-40.9052,-19.6726,OSM,BR,,
-40.8425,-20.6671,OSM,BR,,
-40.8094,-20.6298,OSM,BR,,
-40.8772,-19.1065,OSM,BR,,
-40.9382,-20.7363,OSM,BR,,
-40.9506,-20.5093,OSM,BR,,
-40.948,-20.5098,OSM,BR,,
-40.956,-20.4879,OSM,BR,,
-40.9614,-20.5384,OSM,BR,,
-40.9948,-20.5244,OSM,BR,,
-40.9465,-20.7254,OSM,BR,,
-40.9954,-20.6743,OSM,BR,,
-41.0006,-20.6793,OSM,BR,,
-40.929,-19.2686,OSM,BR,,
-40.9306,-19.2716,OSM,BR,,
-40.9291,-19.2636,OSM,BR,,
-40.9474,-19.2768,OSM,BR,,
-40.9242,-19.3221,OSM,BR,,
-40.9317,-19.3259,OSM,BR,,
-40.9338,-19.3235,OSM,BR,,
-40.9242,-19.3035,OSM,BR,,
-40.9247,-19.295,OSM,BR,,
-40.9369,-19.2911,OSM,BR,,
-40.9335,-19.2886,OSM,BR,,
-40.9247,-19.3088,OSM,BR,,
-40.9322,-19.3301,OSM,BR,,
-40.9396,-19.2949,OSM,BR,,
-40.9408,-19.2899,OSM,BR,,
-40.9387,-19.2857,OSM,BR,,
-40.9233,-19.3311,OSM,BR,,
-40.9699,-19.403,OSM,BR,,
-40.9279,-19.4473,OSM,BR,,
-40.9501,-19.4609,OSM,BR,,
-40.9373,-19.6418,OSM,BR,,
-40.9317,-19.6621,OSM,BR,,
-40.9318,-19.6751,OSM,BR,,
-40.9639,-20.206,OSM,BR,,
-40.9626,-20.2076,OSM,BR,,
-40.9617,-20.2026,OSM,BR,,
-40.9628,-20.2036,OSM,BR,,
-40.9935,-20.1943,OSM,BR,,
-40.971,-20.2012,OSM,BR,,
-40.9676,-20.2026,OSM,BR,,
-40.986,-20.2102,OSM,BR,,
-40.9284,-19.7222,OSM,BR,,
-40.9314,-19.7242,OSM,BR,,
-40.9617,-19.7489,OSM,BR,,
-40.9427,-19.748,OSM,BR,,
-40.9835,-19.755,OSM,BR,,
-40.9822,-19.757,OSM,BR,,
-40.9419,-19.7675,OSM,BR,,
-41.2999,-20.2187,OSM,BR,,
-41.3023,-20.2216,OSM,BR,,
-40.9908,-20.4558,OSM,BR,,
-41.0149,-19.7183,OSM,BR,,
-41.0069,-19.7599,OSM,BR,,
-41.0142,-19.7434,OSM,BR,,
-41.0189,-20.2826,OSM,BR,,
-41.0348,-20.2737,OSM,BR,,
-41.0336,-20.275,OSM,BR,,
-41.0436,-20.2641,OSM,BR,,
-41.0381,-19.9932,OSM,BR,,
-41.0407,-20.5485,OSM,BR,,
-41.0195,-20.643,OSM,BR,,
-41.0617,-20.6678,OSM,BR,,
-41.0532,-20.6688,OSM,BR,,
-41.0547,-20.653,OSM,BR,,
-41.0447,-20.6495,OSM,BR,,
-41.0278,-20.6537,OSM,BR,,
-41.026,-20.6643,OSM,BR,,
-41.0087,-20.6585,OSM,BR,,
-40.6261,-20.2645,OSM,BR,,
-41.0751,-20.3285,OSM,BR,,
-41.0885,-20.5686,OSM,BR,,
-41.1238,-20.5692,OSM,BR,,
-41.1251,-20.5635,OSM,BR,,
-41.1235,-20.5484,OSM,BR,,
-41.1267,-20.5511,OSM,BR,,
-41.125,-20.5487,OSM,BR,,
-41.1246,-20.5685,OSM,BR,,
-41.0684,-20.2012,OSM,BR,,
-41.0668,-20.2038,OSM,BR,,
-41.0688,-20.2084,OSM,BR,,
-41.0861,-20.1929,OSM,BR,,
-40.5527,-20.0607,OSM,BR,,
-40.5504,-20.0611,OSM,BR,,
-41.109,-20.2651,OSM,BR,,
-40.585,-19.722,OSM,BR,,
-40.4904,-20.1473,OSM,BR,,
-40.681,-19.3924,OSM,BR,,
-40.6783,-19.3665,OSM,BR,,
-40.6567,-19.0658,OSM,BR,,
-40.6588,-19.0646,OSM,BR,,
-40.6528,-19.0677,OSM,BR,,
-40.7116,-19.2159,OSM,BR,,
-40.7136,-19.2126,OSM,BR,,
-40.7141,-19.2163,OSM,BR,,
-40.6939,-19.1441,OSM,BR,,
-40.7095,-19.2609,OSM,BR,,
-40.7089,-19.2606,OSM,BR,,
-40.671,-19.2838,OSM,BR,,
-43.8532,-20.2067,OSM,BR,iron_ore,
-43.8519,-20.1983,OSM,BR,iron_ore,
-43.8765,-20.2523,OSM,BR,,
-43.8633,-20.2371,OSM,BR,,
-43.8964,-20.1225,OSM,BR,iron_ore,
-43.9629,-20.028,OSM,BR,,
-40.5578,-19.1314,OSM,BR,,
-40.5225,-19.1372,OSM,BR,,
-40.3897,-19.9453,OSM,BR,,
-40.3331,-19.4082,OSM,BR,,
-40.333,-19.4093,OSM,BR,,
-40.5357,-19.3485,OSM,BR,,
-40.6849,-19.9312,OSM,BR,,
-43.4967,-20.2787,OSM,BR,,
-43.4202,-20.9864,OSM,BR,,
-42.0277,-22.9507,OSM,BR,,
-40.9375,-20.7366,OSM,BR,,
-40.9251,-20.7911,OSM,BR,,
-40.764,-20.1921,OSM,BR,,
-40.7905,-20.2118,OSM,BR,,
-40.7772,-20.2106,OSM,BR,,
-40.7616,-20.3059,OSM,BR,,
-40.7578,-20.3096,OSM,BR,,
-40.4584,-19.2107,OSM,BR,,
-40.4924,-19.3662,OSM,BR,,
-40.748,-19.3556,OSM,BR,,
-40.7477,-19.3572,OSM,BR,,
-40.7325,-19.7069,OSM,BR,,
-40.6417,-19.2888,OSM,BR,,
-40.619,-19.3207,OSM,BR,,
-40.6487,-19.1961,OSM,BR,,
-40.6569,-19.9121,OSM,BR,,
-40.765,-20.0937,OSM,BR,,
-40.2576,-19.3021,OSM,BR,,
-41.6086,-20.4215,OSM,BR,,
-40.3183,-19.2616,OSM,BR,,
-40.2596,-19.2826,OSM,BR,,
-41.6366,-21.0225,OSM,BR,,
-41.7113,-20.2033,OSM,BR,,
-41.732,-20.695,OSM,BR,,
-41.7068,-21.0165,OSM,BR,,
-41.7076,-21.0185,OSM,BR,,
-41.7199,-21.0266,OSM,BR,,
-41.6908,-20.9916,OSM,BR,,
-41.6959,-21.0053,OSM,BR,,
-41.7192,-21.0004,OSM,BR,,
-41.686,-20.9963,OSM,BR,,
-41.6897,-20.9973,OSM,BR,,
-41.7,-21.0034,OSM,BR,,
-41.728,-21.005,OSM,BR,,
-41.6976,-20.9801,OSM,BR,,
-41.695,-20.9822,OSM,BR,,
-41.6943,-20.9833,OSM,BR,,
-41.7213,-20.9809,OSM,BR,,
-41.6897,-21.0087,OSM,BR,,
-41.6999,-21.0257,OSM,BR,,
-40.4497,-19.2033,OSM,BR,,
-40.4484,-19.2002,OSM,BR,,
-40.3937,-19.3991,OSM,BR,,
-40.3974,-19.3962,OSM,BR,,
-40.4337,-19.393,OSM,BR,,
-40.4379,-19.3835,OSM,BR,,
-40.4396,-19.3759,OSM,BR,,
-40.4043,-19.3906,OSM,BR,,
-40.4107,-19.313,OSM,BR,,
-41.8344,-20.624,OSM,BR,,
-41.2051,-20.2647,OSM,BR,,
-41.2645,-20.4958,OSM,BR,,
-41.2163,-20.7033,OSM,BR,,
-41.4546,-21.0785,OSM,BR,,
-41.5296,-21.0744,OSM,BR,,
-41.5189,-21.1733,OSM,BR,,
-41.2496,-20.1956,OSM,BR,,
-41.4362,-20.6774,OSM,BR,,
-41.4492,-20.6967,OSM,BR,,
-41.4315,-20.672,OSM,BR,,
-41.4354,-20.6836,OSM,BR,,
-41.4298,-20.6909,OSM,BR,,
-41.4069,-20.345,OSM,BR,,
-41.5821,-20.2042,OSM,BR,,
-40.1486,-19.1863,OSM,BR,,
-40.1805,-19.1998,OSM,BR,,
-41.5599,-20.318,OSM,BR,,
-41.5463,-20.3436,OSM,BR,,
-41.5675,-20.318,OSM,BR,,
-40.4528,-19.7567,OSM,BR,,
-40.4602,-20.0032,OSM,BR,,
-41.1429,-20.0725,OSM,BR,,
-41.2048,-19.8913,OSM,BR,,
-41.2057,-19.9069,OSM,BR,,
-40.0665,-19.7245,OSM,BR,,
-41.7316,-20.7974,OSM,BR,,
-41.1594,-20.4438,OSM,BR,,
-41.1631,-20.1003,OSM,BR,,
-41.0978,-19.7365,OSM,BR,,
-40.8604,-19.5919,OSM,BR,,
-40.908,-19.5513,OSM,BR,,
-40.9064,-19.5522,OSM,BR,,
-40.8809,-19.4682,OSM,BR,,
-40.8775,-19.4437,OSM,BR,,
-40.8639,-19.4363,OSM,BR,,
-40.8621,-19.4344,OSM,BR,,
-40.8783,-19.4525,OSM,BR,,
-40.8818,-19.4528,OSM,BR,,
-40.8762,-19.4507,OSM,BR,,
-40.886,-19.4547,OSM,BR,,
-40.8833,-19.455,OSM,BR,,
-40.8811,-19.4065,OSM,BR,,
-40.9244,-19.3173,OSM,BR,,
-40.9217,-19.3019,OSM,BR,,
-40.9199,-19.3216,OSM,BR,,
-40.8935,-19.341,OSM,BR,,
-40.8728,-19.3344,OSM,BR,,
-40.8729,-19.3098,OSM,BR,,
-40.8808,-19.3029,OSM,BR,,
-40.8819,-19.3089,OSM,BR,,
-40.8807,-19.3072,OSM,BR,,
-40.8898,-19.3037,OSM,BR,,
-40.8726,-19.3054,OSM,BR,,
-40.8629,-19.3052,OSM,BR,,
-40.8995,-19.2835,OSM,BR,,
-40.8999,-19.336,OSM,BR,,
-40.8768,-19.301,OSM,BR,,
-40.9144,-19.3231,OSM,BR,,
-40.9167,-19.301,OSM,BR,,
-40.9164,-19.3053,OSM,BR,,
-40.9183,-19.3076,OSM,BR,,
-40.9002,-19.287,OSM,BR,,
-40.9167,-19.3299,OSM,BR,,
-40.9139,-19.2985,OSM,BR,,
-40.9139,-19.3205,OSM,BR,,
-40.8762,-19.333,OSM,BR,,
-40.8766,-19.3367,OSM,BR,,
-40.9202,-19.3317,OSM,BR,,
-41.1986,-20.6977,OSM,BR,,
-41.1358,-19.7276,OSM,BR,,
-41.1525,-20.0226,OSM,BR,,
-41.1672,-20.2711,OSM,BR,,
-41.1658,-20.2735,OSM,BR,,
-41.1538,-20.2596,OSM,BR,,
-41.1504,-20.2603,OSM,BR,,
-41.1665,-20.2676,OSM,BR,,
-41.1667,-20.2556,OSM,BR,,
-41.172,-20.2538,OSM,BR,,
-41.1741,-20.2554,OSM,BR,,
-41.1858,-20.2639,OSM,BR,,
-41.1713,-20.2726,OSM,BR,,
-41.164,-20.2604,OSM,BR,,
-41.1694,-20.2629,OSM,BR,,
-41.1971,-20.2593,OSM,BR,,
-40.8519,-20.267,OSM,BR,,
-39.8873,-19.3488,OSM,BR,,
-41.3757,-20.6734,OSM,BR,,
-41.3656,-20.8196,OSM,BR,,
-40.7896,-19.3965,OSM,BR,,
-40.8423,-19.4315,OSM,BR,,
-40.816,-19.4203,OSM,BR,,
-41.3663,-21.1507,OSM,BR,aggregate,
-41.3611,-21.1615,OSM,BR,aggregate,
-41.3848,-20.8548,OSM,BR,,
-40.8468,-19.5882,OSM,BR,,
-40.842,-19.595,OSM,BR,,
-41.354,-21.0804,OSM,BR,,
-40.8619,-20.0898,OSM,BR,,
-40.8131,-20.0924,OSM,BR,,
-40.8146,-20.0939,OSM,BR,,
-40.8297,-19.6049,OSM,BR,,
-40.8337,-19.601,OSM,BR,,
-40.8498,-19.6648,OSM,BR,,
-40.8443,-19.7812,OSM,BR,,
-40.9229,-19.7309,OSM,BR,,
-40.9008,-19.7742,OSM,BR,,
-41.1129,-20.9417,OSM,BR,,
-41.1249,-20.9346,OSM,BR,,
-41.1023,-20.9506,OSM,BR,,
-41.1088,-20.9525,OSM,BR,,
-41.0748,-20.9283,OSM,BR,,
-41.0744,-20.9265,OSM,BR,,
-40.9425,-21.044,OSM,BR,,
-40.8565,-20.9642,OSM,BR,,
-40.8386,-20.9569,OSM,BR,,
-40.846,-20.9581,OSM,BR,,
-40.8307,-20.9509,OSM,BR,,
-40.8306,-20.9454,OSM,BR,,
-40.8393,-20.9311,OSM,BR,,
-40.8071,-20.906,OSM,BR,,
-40.8455,-20.865,OSM,BR,,
-40.9184,-21.0705,OSM,BR,aggregate,
-40.9909,-21.1234,OSM,BR,aggregate,
-40.9663,-21.2,OSM,BR,aggregate,
-40.974,-21.2015,OSM,BR,aggregate,
-40.9351,-20.4098,OSM,BR,,
-40.9966,-20.3899,OSM,BR,,
-41.1349,-20.4849,OSM,BR,,
-41.1338,-20.4841,OSM,BR,,
-41.6956,-20.4715,OSM,BR,,
-41.704,-20.5203,OSM,BR,,
-41.3601,-21.1876,OSM,BR,aggregate,
-40.8506,-20.822,OSM,BR,,
-40.4678,-20.3533,OSM,BR,,
-40.4667,-20.3545,OSM,BR,,
-41.1051,-20.7129,OSM,BR,,
-41.108,-20.7135,OSM,BR,,
-41.09,-20.7128,OSM,BR,,
-41.0879,-20.7132,OSM,BR,,
-41.101,-20.7116,OSM,BR,,
-41.1,-20.7207,OSM,BR,,
-41.0871,-20.7064,OSM,BR,,
-41.0894,-20.7087,OSM,BR,,
-41.0963,-20.7104,OSM,BR,,
-41.0774,-20.7021,OSM,BR,,
-41.0796,-20.7057,OSM,BR,,
-41.1071,-20.7302,OSM,BR,,
-41.1063,-20.7315,OSM,BR,,
-41.0801,-20.7026,OSM,BR,,
-41.0817,-20.7033,OSM,BR,,
-41.0825,-20.705,OSM,BR,,
-41.1015,-20.7168,OSM,BR,,
-41.1017,-20.7227,OSM,BR,,
-41.0903,-20.7164,OSM,BR,dimension_stone,
-41.0802,-20.7117,OSM,BR,,
-41.0916,-20.725,OSM,BR,dimension_stone,
-41.1035,-20.7282,OSM,BR,,
-41.1007,-20.7298,OSM,BR,,
-41.0972,-20.7309,OSM,BR,,
-41.1012,-20.7335,OSM,BR,,
-41.1181,-20.7456,OSM,BR,,
-41.1188,-20.7478,OSM,BR,,
-41.118,-20.7412,OSM,BR,,
-41.1125,-20.7457,OSM,BR,,
-41.1164,-20.7428,OSM,BR,,
-41.1165,-20.7438,OSM,BR,,
-41.1172,-20.7507,OSM,BR,,
-41.1146,-20.752,OSM,BR,,
-41.1091,-20.7394,OSM,BR,,
-41.1019,-20.7821,OSM,BR,,
-41.0994,-20.7386,OSM,BR,,
-41.1075,-20.7382,OSM,BR,,
-41.0977,-20.7354,OSM,BR,,
-41.0961,-20.7365,OSM,BR,,
-41.0984,-20.738,OSM,BR,,
-41.074,-20.7423,OSM,BR,,
-41.0824,-20.7866,OSM,BR,,
-41.1195,-20.7463,OSM,BR,,
-41.1204,-20.7453,OSM,BR,,
-41.1256,-20.7419,OSM,BR,,
-41.1219,-20.744,OSM,BR,,
-41.1225,-20.7471,OSM,BR,,
-40.793,-20.8808,OSM,BR,,
-40.2732,-19.9574,OSM,BR,,
-40.288,-19.9481,OSM,BR,,
-40.9369,-20.7274,OSM,BR,,
-40.896,-20.7104,OSM,BR,,
-40.8838,-20.7001,OSM,BR,,
-40.8947,-20.7069,OSM,BR,,
-40.9011,-20.7054,OSM,BR,,
-40.9184,-20.6894,OSM,BR,,
-40.8766,-20.6867,OSM,BR,,
-40.7455,-20.8371,OSM,BR,,
-42.4399,-22.1359,OSM,BR,,
-40.7597,-20.2323,OSM,BR,,
-41.0503,-20.6702,OSM,BR,,
-41.0725,-20.7047,OSM,BR,,
-41.0745,-20.7071,OSM,BR,,
-41.0584,-20.6753,OSM,BR,,
-41.055,-20.6749,OSM,BR,,
-41.0704,-20.7037,OSM,BR,,
-41.0627,-20.6874,OSM,BR,,
-41.0637,-20.6909,OSM,BR,,
-41.0649,-20.6876,OSM,BR,,
-41.0573,-20.7097,OSM,BR,,
-41.0611,-20.6857,OSM,BR,,
-41.0634,-20.6938,OSM,BR,,
-41.0194,-20.6803,OSM,BR,,
-41.0095,-20.6906,OSM,BR,,
-41.0055,-20.6847,OSM,BR,,
-41.0075,-20.6882,OSM,BR,,
-41.0642,-20.6814,OSM,BR,,
-41.0625,-20.6815,OSM,BR,,
-41.0656,-20.6789,OSM,BR,,
-40.9019,-20.8561,OSM,BR,,
-41.1192,-20.6112,OSM,BR,,
-41.1179,-20.6076,OSM,BR,,
-41.1215,-20.6115,OSM,BR,,
-41.1449,-20.6421,OSM,BR,,
-40.499,-20.3826,OSM,BR,,
-40.8336,-20.6913,OSM,BR,,
-40.8357,-20.6949,OSM,BR,,
-40.8364,-20.6997,OSM,BR,,
-40.7845,-20.751,OSM,BR,,
-40.8273,-21.0125,OSM,BR,aggregate,
-40.9487,-20.8023,OSM,BR,,
-40.9715,-20.8363,OSM,BR,,
-40.9947,-20.8226,OSM,BR,,
-40.952,-20.8029,OSM,BR,,
-40.9518,-20.8055,OSM,BR,,
-40.498,-20.2197,OSM,BR,,
-41.6263,-20.2141,OSM,BR,,
-40.9683,-20.8809,OSM,BR,,
-41.1543,-20.7317,OSM,BR,,
-41.1653,-20.7698,OSM,BR,,
-41.1951,-20.7357,OSM,BR,,
-41.196,-20.7629,OSM,BR,,
-41.1603,-20.8522,OSM,BR,,
-41.1753,-20.8547,OSM,BR,,
-40.6191,-20.4921,OSM,BR,,
-40.0396,-19.7216,OSM,BR,,
-41.0374,-19.5171,OSM,BR,,
-41.0383,-19.5195,OSM,BR,,
-41.035,-19.5077,OSM,BR,,
-40.9643,-19.5222,OSM,BR,,
-40.8565,-19.504,OSM,BR,dimension_stone,
-40.8948,-19.487,OSM,BR,,
-40.8714,-19.4897,OSM,BR,,
-40.8944,-19.4721,OSM,BR,,
-40.8895,-19.4768,OSM,BR,,
-40.8926,-19.4866,OSM,BR,,
-40.8633,-19.4826,OSM,BR,,
-40.3191,-19.4504,OSM,BR,,
-40.3626,-19.4211,OSM,BR,,
-40.2766,-19.6162,OSM,BR,,
-40.2794,-20.1567,OSM,BR,,
-40.2801,-20.1602,OSM,BR,,
-40.2775,-20.1646,OSM,BR,,
-40.4206,-20.1206,OSM,BR,,
-40.0514,-19.2666,OSM,BR,,
-40.358,-20.1704,OSM,BR,,
-40.0322,-19.5973,OSM,BR,,
-40.0347,-19.6678,OSM,BR,,
-40.0325,-19.6264,OSM,BR,,
-40.029,-19.6587,OSM,BR,,
-40.0361,-19.6584,OSM,BR,,
-41.6427,-20.228,OSM,BR,,
-41.5648,-20.2774,OSM,BR,,
-41.3226,-20.2759,OSM,BR,,
-41.3228,-20.2621,OSM,BR,,
-41.4539,-20.2243,OSM,BR,,
-40.3355,-19.8835,OSM,BR,,
-40.0431,-19.3378,OSM,BR,,
-40.0453,-19.3362,OSM,BR,,
-40.0397,-19.2989,OSM,BR,,
-40.0021,-19.335,OSM,BR,,
-40.0,-19.3344,OSM,BR,,
-40.6516,-19.5814,OSM,BR,,
-40.5757,-20.3078,OSM,BR,,
-40.6583,-20.3506,OSM,BR,,
-39.8114,-19.5357,OSM,BR,,
-39.933,-19.6667,OSM,BR,,
-39.97,-19.687,OSM,BR,,
-39.9657,-19.6811,OSM,BR,,
-40.8563,-19.4844,OSM,BR,,
-40.8297,-19.4826,OSM,BR,,
-40.8092,-19.5118,OSM,BR,,
-40.8376,-19.4794,OSM,BR,,
-40.832,-19.4801,OSM,BR,,
-40.8395,-19.4755,OSM,BR,,
-40.0552,-19.2909,OSM,BR,,
-40.0768,-19.2884,OSM,BR,,
-40.077,-19.2895,OSM,BR,,
-40.0702,-19.2894,OSM,BR,,
-39.8456,-19.6025,OSM,BR,,
-41.2764,-21.0062,OSM,BR,,
-41.1533,-20.9455,OSM,BR,,
-41.1625,-20.9293,OSM,BR,,
-40.0426,-19.73,OSM,BR,,
-40.2315,-19.1341,OSM,BR,,
-40.3855,-20.2437,OSM,BR,,
-40.3849,-20.2751,OSM,BR,,
-40.3797,-20.2629,OSM,BR,,
-40.0773,-19.2872,OSM,BR,,
-40.0805,-19.2873,OSM,BR,,
-40.062,-19.2832,OSM,BR,,
-40.0727,-19.2581,OSM,BR,,
-40.0747,-19.258,OSM,BR,,
-40.0583,-19.2828,OSM,BR,,
-40.0777,-19.275,OSM,BR,,
-40.0857,-19.285,OSM,BR,,
-41.1188,-20.8795,OSM,BR,,
-41.1202,-20.8821,OSM,BR,,
-41.107,-20.9155,OSM,BR,,
-41.112,-20.8852,OSM,BR,,
-41.0999,-20.8641,OSM,BR,,
-41.1041,-20.8657,OSM,BR,,
-41.1122,-20.9156,OSM,BR,,
-40.8815,-20.3898,OSM,BR,,
-40.8787,-20.3908,OSM,BR,,
-40.2211,-20.1357,OSM,BR,,
-40.2227,-20.1403,OSM,BR,,
-40.0592,-19.7477,OSM,BR,,
-40.3156,-19.8347,OSM,BR,,
-40.3689,-19.794,OSM,BR,,
-40.3754,-19.8063,OSM,BR,,
-40.3173,-20.2814,OSM,BR,,
-40.317,-20.2829,OSM,BR,,
-41.2277,-20.9758,OSM,BR,,
-40.9161,-20.442,OSM,BR,,
-39.888,-19.1438,OSM,BR,,
-39.8886,-19.1488,OSM,BR,,
-41.181,-20.9221,OSM,BR,,
-41.1482,-20.8646,OSM,BR,,
-41.1961,-20.8639,OSM,BR,,
-41.0591,-20.9177,OSM,BR,,
-41.3062,-21.0203,OSM,BR,,
-41.308,-21.012,OSM,BR,,
-41.306,-21.0161,OSM,BR,,
-41.3039,-21.0199,OSM,BR,,
-41.3208,-21.0374,OSM,BR,,
-40.6198,-19.4979,OSM,BR,,
-40.5975,-19.5202,OSM,BR,,
-40.6004,-19.5192,OSM,BR,,
-39.8956,-19.167,OSM,BR,,
-40.0848,-19.1101,OSM,BR,,
-40.9211,-19.2689,OSM,BR,,
-40.9221,-19.2726,OSM,BR,,
-40.8987,-19.2628,OSM,BR,,
-40.9019,-19.2637,OSM,BR,,
-40.9182,-19.2727,OSM,BR,,
-40.8495,-20.4402,OSM,BR,,
-40.685,-19.7809,OSM,BR,,
-40.8565,-20.3161,OSM,BR,,
-40.8583,-20.3177,OSM,BR,,
-40.8642,-20.317,OSM,BR,,
-40.8063,-20.4016,OSM,BR,,
-40.7604,-20.3604,OSM,BR,,
-40.7729,-20.3913,OSM,BR,,
-40.7518,-20.369,OSM,BR,,
-40.7856,-20.3868,OSM,BR,,
-40.9146,-19.835,OSM,BR,,
-40.9134,-19.8375,OSM,BR,,
-40.8398,-19.7995,OSM,BR,,
-40.8127,-19.8015,OSM,BR,,
-40.8093,-19.8166,OSM,BR,,
-40.781,-19.0919,OSM,BR,,
-41.1088,-20.0437,OSM,BR,,
-40.3975,-20.3034,OSM,BR,,
-40.8448,-19.2495,OSM,BR,,
-40.8406,-19.2488,OSM,BR,,
-41.2174,-20.8273,OSM,BR,,
-41.613,-20.7406,OSM,BR,,
-41.0438,-19.0774,OSM,BR,,
-40.5614,-19.5203,OSM,BR,,
-40.8603,-20.2282,OSM,BR,,
-40.8605,-20.1877,OSM,BR,,
-41.562,-21.1463,OSM,BR,,
-40.5229,-19.5452,OSM,BR,,
-41.2523,-21.1023,OSM,BR,aggregate,
-41.268,-21.1032,OSM,BR,aggregate,
-41.2708,-21.1071,OSM,BR,aggregate,
-41.2601,-21.1188,OSM,BR,aggregate,
-41.3475,-21.0763,OSM,BR,,
-41.3016,-21.0668,OSM,BR,aggregate,
-41.3024,-21.0687,OSM,BR,aggregate,
-41.3323,-21.086,OSM,BR,aggregate,
-41.2945,-21.0904,OSM,BR,dimension_stone,
-41.3154,-21.1165,OSM,BR,aggregate,
-41.309,-21.1457,OSM,BR,aggregate,
-41.4658,-20.7581,OSM,BR,,
-41.4949,-20.769,OSM,BR,,
-40.675,-19.4844,OSM,BR,,
-40.6564,-19.5886,OSM,BR,,
-40.6318,-19.1478,OSM,BR,,
-40.4233,-19.2692,OSM,BR,,
-40.4227,-19.2838,OSM,BR,,
-40.4454,-19.2393,OSM,BR,,
-41.5117,-20.354,OSM,BR,,
-41.6121,-20.3308,OSM,BR,,
-40.6984,-20.4662,OSM,BR,,
-43.9634,-20.4633,OSM,BR,,
-41.6336,-20.367,OSM,BR,,
-41.1683,-20.5452,OSM,BR,,
-41.1402,-20.5463,OSM,BR,,
-41.1403,-20.544,OSM,BR,,
-41.1894,-20.5664,OSM,BR,,
-41.1434,-20.5441,OSM,BR,,
-41.5146,-20.9352,OSM,BR,,
-41.0054,-20.2986,OSM,BR,,
-41.03,-20.3039,OSM,BR,,
-41.2045,-20.3498,OSM,BR,,
-41.2032,-20.3508,OSM,BR,,
-41.2238,-20.3382,OSM,BR,,
-41.2088,-20.3463,OSM,BR,,
-41.2042,-20.312,OSM,BR,,
-41.2097,-20.3199,OSM,BR,,
-41.2493,-20.3214,OSM,BR,,
-41.2194,-20.2905,OSM,BR,,
-41.2186,-20.2914,OSM,BR,,
-41.2372,-20.3055,OSM,BR,,
-41.2185,-20.315,OSM,BR,,
-41.2019,-20.3109,OSM,BR,,
-41.1892,-20.3462,OSM,BR,,
-41.1588,-20.3062,OSM,BR,,
-41.1765,-20.3252,OSM,BR,,
-41.181,-20.3098,OSM,BR,,
-41.1854,-20.3166,OSM,BR,,
-41.1845,-20.313,OSM,BR,,
-41.177,-20.3071,OSM,BR,,
-41.196,-20.3207,OSM,BR,,
-41.1749,-20.3106,OSM,BR,,
-41.1711,-20.3153,OSM,BR,,
-41.1553,-20.3055,OSM,BR,,
-41.1631,-20.2987,OSM,BR,,
-41.0769,-20.3551,OSM,BR,,
-41.1057,-20.3802,OSM,BR,,
-40.3788,-19.7292,OSM,BR,,
-40.3491,-19.7272,OSM,BR,,
-40.3414,-19.6437,OSM,BR,,
-40.6843,-19.4251,OSM,BR,,
-40.7007,-19.464,OSM,BR,,
-41.3964,-20.603,OSM,BR,,
-41.2372,-20.6137,OSM,BR,,
-41.2332,-20.6208,OSM,BR,,
-41.224,-20.6517,OSM,BR,,
-41.2577,-20.5401,OSM,BR,,
-41.1372,-20.5227,OSM,BR,,
-41.137,-20.5197,OSM,BR,,
-41.1491,-20.5085,OSM,BR,,
-41.195,-20.5067,OSM,BR,,
-41.1468,-20.5068,OSM,BR,,
-41.15,-20.4873,OSM,BR,,
-41.1439,-20.5018,OSM,BR,,
-41.1529,-20.5405,OSM,BR,,
-41.1486,-20.5392,OSM,BR,,
-41.1513,-20.538,OSM,BR,,
-41.1577,-20.5229,OSM,BR,,
-41.1496,-20.5213,OSM,BR,,
-41.1526,-20.5178,OSM,BR,,
-41.154,-20.5188,OSM,BR,,
-41.1421,-20.5178,OSM,BR,,
-41.1483,-20.5362,OSM,BR,,
-41.1394,-20.5342,OSM,BR,,
-41.1509,-20.5161,OSM,BR,,
-41.1504,-20.5171,OSM,BR,,
-41.0591,-20.2037,OSM,BR,,
-41.057,-20.2047,OSM,BR,,
-41.4251,-20.5311,OSM,BR,,
-41.35,-20.4928,OSM,BR,,
-40.8278,-20.1588,OSM,BR,,
-40.8851,-20.1158,OSM,BR,,
-41.2024,-20.3516,OSM,BR,,
-41.2738,-20.3359,OSM,BR,,
-41.2907,-20.319,OSM,BR,,
-41.3321,-20.3917,OSM,BR,,
-41.3687,-20.3444,OSM,BR,,
-41.3351,-20.3552,OSM,BR,,
-41.355,-20.3491,OSM,BR,,
-41.3709,-20.3538,OSM,BR,,
-41.3453,-20.3571,OSM,BR,,
-41.3429,-20.4685,OSM,BR,,
-41.2291,-20.5554,OSM,BR,,
-40.3272,-20.3775,OSM,BR,aggregate,
-40.3405,-20.4136,OSM,BR,aggregate,
-40.3372,-20.3713,OSM,BR,aggregate,
-40.3641,-20.3967,OSM,BR,aggregate,
-40.354,-20.3658,OSM,BR,aggregate,
-40.3464,-20.425,OSM,BR,aggregate,
-40.3567,-20.4538,OSM,BR,aggregate,
-40.3588,-20.4582,OSM,BR,aggregate,
-40.3694,-20.4348,OSM,BR,aggregate,
-40.3653,-20.4488,OSM,BR,,
-40.3539,-20.4607,OSM,BR,aggregate,
-41.1656,-20.7269,OSM,BR,,
-40.4145,-20.5632,OSM,BR,,
-40.6523,-19.0718,OSM,BR,,
-40.6476,-19.0765,OSM,BR,,
-40.6486,-19.032,OSM,BR,,
-40.618,-19.0544,OSM,BR,,
-40.616,-18.9996,OSM,BR,,
-40.5364,-20.7166,OSM,BR,,
-40.3514,-19.7251,OSM,BR,,
-40.5122,-20.6911,OSM,BR,,
-40.5294,-20.7188,OSM,BR,,
-43.2849,-20.3923,OSM,BR,,
-43.6516,-20.1125,OSM,BR,,
-43.647,-20.1786,OSM,BR,,
-43.9267,-20.3035,OSM,BR,,
-43.6356,-22.8142,OSM,BR,clay,
-41.739,-22.3142,OSM,BR,,
-43.6346,-22.7977,OSM,BR,clay,
-42.9029,-22.8644,OSM,BR,,
-43.3038,-19.8979,OSM,BR,,
-43.2925,-19.8938,OSM,BR,,
-43.3827,-21.84,OSM,BR,,
-43.5924,-22.8664,OSM,BR,,
-43.5491,-22.939,OSM,BR,,
-43.2056,-22.6123,OSM,BR,,
-42.1063,-19.6187,OSM,BR,,
-43.1139,-22.6608,OSM,BR,,
-43.205,-19.7196,OSM,BR,,
-41.1721,-19.7526,OSM,BR,,
-41.1629,-19.7586,OSM,BR,,
-43.7828,-20.4453,OSM,BR,,
-43.8144,-20.436,OSM,BR,,
-43.8609,-20.4113,OSM,BR,,
-43.8701,-20.4331,OSM,BR,,
-40.7998,-20.1083,OSM,BR,,
-42.265,-21.9413,OSM,BR,,
-42.2765,-21.97,OSM,BR,,
-41.654,-21.6438,OSM,BR,,
-42.0433,-20.8171,OSM,BR,gravel;stone;concrete,
-42.9487,-19.0062,OSM,BR,granite,
-42.9249,-19.0187,OSM,BR,granite,
-43.8441,-19.8535,OSM,BR,,
-43.921,-20.3803,OSM,BR,,
-43.9246,-20.4966,OSM,BR,iron_ore,
-43.9169,-20.4777,OSM,BR,iron_ore,
-43.8365,-20.4304,OSM,BR,,
-43.8781,-22.6949,OSM,BR,,
-41.6406,-21.4904,OSM,BR,stone,
-41.6783,-21.3635,OSM,BR,limestone,
-41.4655,-21.6331,OSM,BR,aggregate;brita,
-41.5126,-21.6779,OSM,BR,aggregate;stone,
-41.4555,-21.8193,OSM,BR,aggregate;stone,
-41.4656,-21.8021,OSM,BR,aggregate;stone,
-41.8861,-21.263,OSM,BR,stone;aggregate,
-41.7736,-21.3426,OSM,BR,dimension_stone,
-41.8054,-21.3557,OSM,BR,dimension_stone,
-41.8041,-21.35,OSM,BR,dimension_stone,
-41.8018,-21.3509,OSM,BR,dimension_stone,
-42.6439,-20.845,OSM,BR,aggregate;stone,
-43.6648,-22.6674,OSM,BR,,
-43.1118,-22.8903,OSM,BR,,
-43.1045,-22.8761,OSM,BR,,
-43.4508,-19.8698,OSM,BR,aggregate,
-43.4515,-19.8982,OSM,BR,,
-43.32,-21.7886,OSM,BR,aggregate,
-42.1275,-19.7863,OSM,BR,,
-42.1559,-19.8197,OSM,BR,,
-43.6835,-22.6704,OSM,BR,,
-43.4763,-20.3038,OSM,BR,,
-43.8704,-19.9264,OSM,BR,,
-41.1296,-20.5526,OSM,BR,,
-54.0173,-14.5514,OSM,BR,,
-56.2612,-14.6388,OSM,BR,,
-54.0103,-14.6268,OSM,BR,,
-54.0489,-14.622,OSM,BR,,
-54.0623,-14.6226,OSM,BR,,
-54.0074,-14.6013,OSM,BR,,
-54.0811,-14.8852,OSM,BR,,
-57.8332,-14.7573,OSM,BR,,
-56.5435,-14.5069,OSM,BR,,
-56.5579,-14.5198,OSM,BR,,
-56.4924,-14.4756,OSM,BR,,
-56.5469,-14.5143,OSM,BR,,
-55.6128,-15.794,OSM,BR,,
-55.6202,-15.7945,OSM,BR,,
-55.6235,-15.7921,OSM,BR,,
-55.5096,-15.8097,OSM,BR,,
-56.3549,-14.767,OSM,BR,,
-56.343,-14.7462,OSM,BR,,
-56.3727,-14.7423,OSM,BR,,
-56.3243,-14.7395,OSM,BR,,
-56.3635,-14.735,OSM,BR,,
-56.3224,-14.7331,OSM,BR,,
-56.2959,-14.6761,OSM,BR,,
-56.3785,-15.777,OSM,BR,,
-58.2452,-18.9903,OSM,BR,,
-58.3241,-14.389,OSM,BR,,
-58.3319,-14.3871,OSM,BR,,
-58.154,-14.3478,OSM,BR,,
-56.3032,-14.6626,OSM,BR,,
-56.466,-14.3337,OSM,BR,,
-56.2889,-15.6597,OSM,BR,,
-56.3825,-14.7479,OSM,BR,,
-56.1924,-15.3574,OSM,BR,,
-56.1788,-15.3442,OSM,BR,,
-56.2395,-14.6067,OSM,BR,,
-55.6973,-14.6971,OSM,BR,,
-55.7156,-14.6993,OSM,BR,,
-55.7245,-14.6993,OSM,BR,,
-55.8138,-15.552,OSM,BR,,
-55.8215,-15.5599,OSM,BR,,
-56.6098,-16.2533,OSM,BR,,
-56.5921,-16.2452,OSM,BR,,
-56.6055,-16.2469,OSM,BR,,
-56.6086,-16.2341,OSM,BR,,
-56.5991,-16.2595,OSM,BR,,
-55.9757,-15.6174,OSM,BR,,
-56.0497,-15.534,OSM,BR,,
-57.8127,-18.0544,OSM,BR,,
-56.3022,-15.6854,OSM,BR,,
-56.4678,-14.354,OSM,BR,,
-56.451,-14.3608,OSM,BR,,
-56.625,-16.3048,OSM,BR,,
-56.3372,-15.655,OSM,BR,,
-56.3861,-15.6556,OSM,BR,,
-55.8838,-15.7348,OSM,BR,,
-55.5886,-15.7912,OSM,BR,,
-55.6316,-15.7955,OSM,BR,,
-47.9404,-15.8395,OSM,BR,,
-46.8796,-17.193,OSM,BR,gold,
-48.3252,-15.5199,OSM,BR,,
-48.4014,-14.3458,OSM,BR,,
-48.338,-14.1402,OSM,BR,,
-48.3562,-14.1233,OSM,BR,,
-48.3558,-14.1552,OSM,BR,,
-48.1972,-15.8866,OSM,BR,,
-48.9586,-15.0574,OSM,BR,,
-48.8547,-15.0592,OSM,BR,,
-48.8527,-15.0492,OSM,BR,,
-48.8461,-15.0443,OSM,BR,,
-48.9333,-15.0753,OSM,BR,nickel,
-48.8533,-15.055,OSM,BR,,
-48.3789,-14.2293,OSM,BR,,
-48.3714,-14.1973,OSM,BR,,
-48.6161,-15.8012,OSM,BR,,
-48.6526,-15.7977,OSM,BR,,
-48.7363,-16.1714,OSM,BR,,
-47.8566,-15.5605,OSM,BR,,
-48.8853,-16.3713,OSM,BR,,
-48.9315,-15.8386,OSM,BR,,
-48.9228,-15.8353,OSM,BR,,
-47.8011,-16.5218,OSM,BR,,
-48.8598,-15.8463,OSM,BR,,
-48.7557,-15.7856,OSM,BR,,
-47.7895,-15.5103,OSM,BR,,
-48.3298,-15.6341,OSM,BR,,
-48.2795,-15.6576,OSM,BR,,
-48.2593,-15.6645,OSM,BR,,
-44.0126,-14.0656,OSM,BR,,
-47.8754,-14.4718,OSM,BR,,
-47.9488,-15.6638,OSM,BR,,
-47.9519,-15.6628,OSM,BR,,
-47.8818,-18.1688,OSM,BR,,
-47.8022,-18.133,OSM,BR,niobium,
-47.6594,-15.4675,OSM,BR,,
-48.8023,-16.1988,OSM,BR,,
-48.796,-16.1931,OSM,BR,,
-48.2429,-15.5182,OSM,BR,,
-48.6975,-15.6639,OSM,BR,,
-46.8186,-17.4979,OSM,BR,,
-47.792,-17.9276,OSM,BR,,
-44.9607,-18.6622,OSM,BR,slate,
-45.1654,-18.5249,OSM,BR,slate,
-45.1008,-18.5592,OSM,BR,slate,
-45.0971,-18.5966,OSM,BR,slate,
-45.0909,-18.5886,OSM,BR,slate,
-45.0726,-18.5834,OSM,BR,slate,
-45.0594,-18.5827,OSM,BR,slate,
-45.0591,-18.5865,OSM,BR,slate,
-45.0537,-18.5945,OSM,BR,slate,
-45.0398,-18.597,OSM,BR,slate,
-45.074,-18.6132,OSM,BR,slate,
-45.0795,-18.6202,OSM,BR,slate,
-44.987,-18.5891,OSM,BR,slate,
-49.0064,-15.0949,OSM,BR,nickel,
-48.6371,-15.7736,OSM,BR,,
-48.6378,-15.7774,OSM,BR,,
-47.8706,-18.0497,OSM,BR,,
-47.7438,-15.1751,OSM,BR,,
-47.5386,-15.4905,OSM,BR,,
-46.0247,-17.0245,OSM,BR,,
-46.0232,-17.0289,OSM,BR,,
-46.0237,-17.0268,OSM,BR,,
-46.0122,-17.0331,OSM,BR,,
-45.2119,-18.1725,OSM,BR,,
-45.1951,-18.1811,OSM,BR,,
-47.8819,-16.1079,OSM,BR,,
-46.0378,-16.9977,OSM,BR,,
-44.8635,-17.3635,OSM,BR,,
-48.3294,-16.1082,OSM,BR,,
-46.4003,-14.101,OSM,BR,,
-49.003,-15.0744,OSM,BR,,
-48.6067,-15.8566,OSM,BR,,
-48.6113,-15.8592,OSM,BR,,
-48.6125,-15.8577,OSM,BR,,
-48.6916,-15.6619,OSM,BR,,
-48.7006,-15.6532,OSM,BR,,
-47.6706,-16.7815,OSM,BR,,
-47.8689,-18.0604,OSM,BR,,
-47.8888,-18.0512,OSM,BR,,
-47.7752,-17.9052,OSM,BR,,
-47.0428,-15.4372,OSM,BR,,
-47.0471,-15.4218,OSM,BR,,
-46.7823,-18.9983,OSM,BR,,
-45.9968,-18.4291,OSM,BR,,
-47.9528,-15.672,OSM,BR,,
-48.1917,-15.8904,OSM,BR,,
-48.4572,-14.5098,OSM,BR,,
-48.4496,-14.5322,OSM,BR,,
-48.4401,-14.523,OSM,BR,,
-48.4593,-14.5274,OSM,BR,,
-47.3686,-15.4749,OSM,BR,,
-46.7915,-17.1502,OSM,BR,,
-46.8022,-17.1434,OSM,BR,,
-46.7621,-17.1578,OSM,BR,,
-48.7752,-15.1359,OSM,BR,,
-46.8146,-17.9192,OSM,BR,,
-46.8198,-17.5066,OSM,BR,,
-46.8285,-17.5124,OSM,BR,,
-47.8439,-15.564,OSM,BR,,
-48.8557,-15.4747,OSM,BR,,
-48.751,-15.3459,OSM,BR,,
-48.2482,-15.562,OSM,BR,,
-48.2478,-15.576,OSM,BR,,
-47.5744,-16.7294,OSM,BR,,
-47.563,-16.739,OSM,BR,,
-45.4662,-14.0596,OSM,BR,,
-44.5127,-14.4123,OSM,BR,,
-44.5123,-14.4151,OSM,BR,,
-44.304,-14.2318,OSM,BR,,
-44.5128,-14.256,OSM,BR,,
-44.5318,-14.2266,OSM,BR,,
-48.058,-16.1196,OSM,BR,,
-48.2956,-18.8183,OSM,BR,,
-48.2966,-18.8231,OSM,BR,,
-48.2858,-18.8428,OSM,BR,,
-48.3324,-18.8764,OSM,BR,basalt,
-48.2896,-15.8199,OSM,BR,,
-48.2847,-18.8443,OSM,BR,,
-40.1998,-15.2576,OSM,BR,,
-40.2272,-15.2349,OSM,BR,,
-40.2338,-15.2301,OSM,BR,,
-40.2179,-15.2651,OSM,BR,,
-40.2175,-15.2654,OSM,BR,,
-41.6875,-14.1541,OSM,BR,,
-41.7428,-14.1925,OSM,BR,,
-41.6895,-14.1567,OSM,BR,,
-41.6864,-14.1129,OSM,BR,,
-40.4589,-18.7584,OSM,BR,,
-40.4462,-18.7534,OSM,BR,,
-40.2242,-15.2542,OSM,BR,,
-40.0924,-15.2362,OSM,BR,,
-40.133,-17.3921,OSM,BR,granite,
-40.6137,-18.1958,OSM,BR,,
-41.0043,-14.8149,OSM,BR,,
-43.7849,-18.0589,OSM,BR,,
-43.767,-18.0095,OSM,BR,,
-40.7069,-18.663,OSM,BR,,
-40.7155,-18.6716,OSM,BR,,
-39.8431,-15.4704,OSM,BR,,
-39.8182,-15.5526,OSM,BR,,
-39.8178,-15.5543,OSM,BR,,
-39.8161,-15.5539,OSM,BR,,
-39.8342,-15.4933,OSM,BR,,
-39.8467,-15.4626,OSM,BR,,
-40.6141,-14.7327,OSM,BR,,
-41.0744,-15.4526,OSM,BR,,
-42.7941,-14.2702,OSM,BR,,
-40.1331,-15.2197,OSM,BR,,
-42.451,-14.2025,OSM,BR,iron_ore,
-40.1005,-18.3449,OSM,BR,,
-40.73,-18.7619,OSM,BR,dimension_stone,
-40.2342,-18.7334,OSM,BR,,
-40.6583,-18.7839,OSM,BR,,
-40.6546,-18.7805,OSM,BR,,
-40.7171,-18.6941,OSM,BR,,
-40.812,-18.7102,OSM,BR,,
-40.6495,-18.7855,OSM,BR,,
-40.9271,-18.7713,OSM,BR,,
-40.5524,-18.5334,OSM,BR,,
-40.5473,-18.5246,OSM,BR,,
-40.9404,-18.3263,OSM,BR,,
-40.9421,-18.3242,OSM,BR,,
-40.9445,-18.3248,OSM,BR,,
-43.7553,-14.6741,OSM,BR,,
-40.9588,-18.2569,OSM,BR,,
-42.5398,-14.3411,OSM,BR,iron_ore,
-42.5472,-14.3582,OSM,BR,iron_ore,
-40.8031,-14.8391,OSM,BR,,
-40.8049,-14.8455,OSM,BR,,
-41.6769,-15.0654,OSM,BR,,
-41.2603,-16.8048,OSM,BR,,
-39.7124,-14.1942,OSM,BR,nickel,
-43.0813,-14.4118,OSM,BR,,
-43.6459,-18.4144,OSM,BR,,
-40.8861,-18.1844,OSM,BR,,
-40.9043,-18.2636,OSM,BR,,
-40.858,-18.6159,OSM,BR,,
-40.9017,-18.2692,OSM,BR,,
-40.8635,-18.2908,OSM,BR,,
-40.8589,-18.2946,OSM,BR,,
-40.8731,-18.2964,OSM,BR,,
-40.8479,-18.3296,OSM,BR,,
-40.8907,-18.2717,OSM,BR,,
-40.8882,-18.2753,OSM,BR,,
-40.8726,-18.3005,OSM,BR,,
-40.8459,-18.2951,OSM,BR,,
-40.8867,-18.273,OSM,BR,,
-40.9041,-18.2875,OSM,BR,,
-40.8667,-18.2865,OSM,BR,,
-42.0735,-18.0133,OSM,BR,,
-42.0794,-18.0112,OSM,BR,,
-40.7322,-18.5839,OSM,BR,,
-40.7124,-18.1516,OSM,BR,,
-40.7339,-18.2057,OSM,BR,,
-40.7601,-18.182,OSM,BR,,
-40.7621,-18.1789,OSM,BR,,
-40.7381,-18.6421,OSM,BR,,
-40.7212,-18.6394,OSM,BR,,
-40.775,-18.6258,OSM,BR,,
-40.7179,-18.6496,OSM,BR,,
-40.7226,-18.6497,OSM,BR,,
-40.7223,-18.6437,OSM,BR,,
-40.7339,-18.6108,OSM,BR,,
-40.7366,-18.6244,OSM,BR,,
-40.7472,-18.6319,OSM,BR,,
-40.8674,-18.8933,OSM,BR,,
-40.8585,-18.8669,OSM,BR,,
-40.8797,-18.9291,OSM,BR,,
-40.8795,-18.9286,OSM,BR,,
-40.8863,-18.9338,OSM,BR,,
-40.8611,-18.9358,OSM,BR,,
-40.8762,-18.9368,OSM,BR,,
-40.8995,-14.6077,OSM,BR,,
-40.8695,-18.8318,OSM,BR,,
-40.8887,-14.8001,OSM,BR,,
-40.903,-14.7953,OSM,BR,,
-40.9231,-18.5099,OSM,BR,,
-40.9621,-18.1761,OSM,BR,,
-41.0232,-17.5816,OSM,BR,,
-43.0175,-18.7208,OSM,BR,iron_ore,
-42.0341,-14.389,OSM,BR,,
-41.0216,-18.6628,OSM,BR,,
-40.5391,-18.3835,OSM,BR,,
-41.0043,-18.413,OSM,BR,,
-41.01,-18.4134,OSM,BR,,
-41.0085,-18.4064,OSM,BR,,
-41.012,-18.4042,OSM,BR,,
-40.9979,-18.413,OSM,BR,,
-40.9807,-18.4464,OSM,BR,,
-40.982,-18.4486,OSM,BR,,
-40.9857,-18.4368,OSM,BR,,
-41.0144,-18.4882,OSM,BR,,
-41.0215,-18.4814,OSM,BR,,
-41.0074,-18.4717,OSM,BR,,
-41.0151,-18.4813,OSM,BR,,
-41.0018,-18.4786,OSM,BR,,
-41.0151,-18.6485,OSM,BR,,
-41.0324,-18.6474,OSM,BR,,
-41.018,-18.6269,OSM,BR,,
-41.0239,-18.6256,OSM,BR,,
-41.0327,-18.631,OSM,BR,,
-40.9835,-18.6067,OSM,BR,,
-41.017,-18.6121,OSM,BR,,
-41.0307,-18.607,OSM,BR,,
-41.0014,-18.5923,OSM,BR,,
-41.4131,-16.207,OSM,BR,,
-40.6635,-18.1933,OSM,BR,,
-41.4663,-16.2137,OSM,BR,,
-41.4888,-16.194,OSM,BR,,
-41.3681,-16.3259,OSM,BR,,
-42.715,-14.1787,OSM,BR,,
-40.6667,-18.106,OSM,BR,,
-40.332,-18.3576,OSM,BR,,
-40.7901,-18.0329,OSM,BR,,
-40.8588,-18.5442,OSM,BR,,
-40.8419,-18.2395,OSM,BR,,
-40.8138,-18.2135,OSM,BR,,
-40.837,-18.2431,OSM,BR,,
-40.826,-18.2279,OSM,BR,,
-40.8095,-18.2756,OSM,BR,,
-40.7825,-18.3122,OSM,BR,,
-40.7798,-18.2802,OSM,BR,,
-40.8061,-18.2726,OSM,BR,,
-40.8336,-18.3184,OSM,BR,,
-40.8367,-17.95,OSM,BR,,
-40.8279,-18.1942,OSM,BR,,
-40.6739,-18.8853,OSM,BR,,
-40.7113,-18.6177,OSM,BR,,
-40.6934,-18.6458,OSM,BR,,
-40.6948,-18.6386,OSM,BR,,
-40.6918,-18.6414,OSM,BR,,
-40.6569,-18.6492,OSM,BR,,
-40.653,-18.6501,OSM,BR,,
-40.6651,-18.6228,OSM,BR,,
-40.6855,-18.6212,OSM,BR,,
-40.6839,-18.622,OSM,BR,,
-40.6642,-18.6365,OSM,BR,,
-40.6603,-18.652,OSM,BR,,
-40.6912,-18.6484,OSM,BR,,
-40.6735,-18.6317,OSM,BR,,
-40.7031,-18.6378,OSM,BR,,
-40.7001,-18.6219,OSM,BR,,
-40.6957,-18.5914,OSM,BR,,
-40.5053,-18.4438,OSM,BR,,
-40.4812,-18.522,OSM,BR,,
-40.6292,-18.1256,OSM,BR,,
-40.6278,-18.2299,OSM,BR,,
-40.6263,-18.2161,OSM,BR,,
-40.6315,-18.2209,OSM,BR,,
-40.6204,-18.211,OSM,BR,,
-40.6214,-18.2193,OSM,BR,,
-40.607,-18.4781,OSM,BR,,
-40.5935,-18.4742,OSM,BR,,
-40.1996,-18.3054,OSM,BR,,
-40.6367,-18.8422,OSM,BR,,
-40.6328,-18.6703,OSM,BR,,
-40.6254,-18.6639,OSM,BR,,
-40.5959,-18.666,OSM,BR,,
-40.5948,-18.6612,OSM,BR,,
-40.6383,-18.685,OSM,BR,,
-40.6383,-18.6709,OSM,BR,,
-40.6351,-18.6824,OSM,BR,,
-40.6213,-18.6876,OSM,BR,,
-40.639,-18.6861,OSM,BR,,
-40.6299,-18.69,OSM,BR,,
-40.6283,-18.6756,OSM,BR,,
-40.6474,-18.6858,OSM,BR,,
-40.6467,-18.6842,OSM,BR,,
-40.6318,-18.7075,OSM,BR,,
-40.4205,-18.5338,OSM,BR,,
-40.4269,-18.5335,OSM,BR,,
-40.426,-18.5317,OSM,BR,,
-40.3964,-18.7811,OSM,BR,,
-40.4015,-18.8198,OSM,BR,,
-40.4346,-18.4621,OSM,BR,,
-40.4401,-18.4502,OSM,BR,,
-40.3438,-18.0691,OSM,BR,,
-40.3697,-18.2026,OSM,BR,,
-40.3734,-18.2011,OSM,BR,,
-41.0529,-18.447,OSM,BR,,
-41.0745,-18.4473,OSM,BR,,
-41.081,-18.4221,OSM,BR,,
-41.0978,-18.4082,OSM,BR,,
-41.0806,-18.4492,OSM,BR,,
-41.0468,-18.4418,OSM,BR,,
-41.081,-18.4427,OSM,BR,,
-41.0641,-18.8735,OSM,BR,,
-41.0776,-18.9522,OSM,BR,,
-41.0716,-18.9497,OSM,BR,,
-41.091,-18.9378,OSM,BR,,
-41.1168,-18.4205,OSM,BR,,
-41.1131,-18.4103,OSM,BR,,
-41.1332,-18.443,OSM,BR,,
-41.1535,-18.4508,OSM,BR,,
-40.9301,-18.679,OSM,BR,,
-40.9767,-18.452,OSM,BR,,
-40.1323,-18.0884,OSM,BR,,
-39.9457,-18.8549,OSM,BR,,
-39.9214,-18.8473,OSM,BR,,
-39.9319,-18.8529,OSM,BR,,
-41.1082,-18.2797,OSM,BR,,
-40.7988,-18.858,OSM,BR,,
-40.8026,-18.8557,OSM,BR,,
-40.806,-18.8668,OSM,BR,,
-40.8476,-18.9018,OSM,BR,,
-40.7952,-18.9088,OSM,BR,,
-40.8157,-18.924,OSM,BR,,
-40.8183,-18.9262,OSM,BR,,
-40.8433,-18.9059,OSM,BR,,
-40.8325,-18.9087,OSM,BR,,
-40.7814,-18.6356,OSM,BR,,
-40.8168,-18.6305,OSM,BR,,
-40.8206,-18.6219,OSM,BR,,
-40.8288,-18.6145,OSM,BR,,
-40.7435,-18.2467,OSM,BR,,
-40.7236,-18.2248,OSM,BR,,
-40.7145,-18.2273,OSM,BR,,
-41.0063,-18.951,OSM,BR,,
-40.0203,-18.6979,OSM,BR,,
-40.0322,-18.6846,OSM,BR,,
-40.1897,-18.342,OSM,BR,,
-40.101,-18.3461,OSM,BR,,
-40.0695,-18.3487,OSM,BR,,
-39.9178,-18.8982,OSM,BR,,
-39.9198,-18.8514,OSM,BR,,
-39.8704,-18.8535,OSM,BR,,
-39.9826,-18.3924,OSM,BR,,
-40.6291,-18.2081,OSM,BR,,
-40.6382,-18.1649,OSM,BR,,
-40.6115,-18.1846,OSM,BR,,
-40.6164,-18.1878,OSM,BR,,
-40.6332,-18.1713,OSM,BR,,
-40.5989,-18.1912,OSM,BR,,
-40.6173,-18.2004,OSM,BR,,
-40.6133,-18.2031,OSM,BR,,
-40.6102,-18.1969,OSM,BR,,
-40.1932,-18.4794,OSM,BR,,
-40.9196,-18.7686,OSM,BR,,
-40.9143,-18.7144,OSM,BR,,
-40.928,-18.7679,OSM,BR,,
-40.9238,-18.7674,OSM,BR,,
-40.9164,-18.7681,OSM,BR,,
-40.9272,-18.738,OSM,BR,,
-40.9196,-18.773,OSM,BR,,
-40.3742,-18.4379,OSM,BR,,
-40.3615,-18.4386,OSM,BR,,
-42.0432,-14.1221,OSM,BR,,
-40.9987,-18.5586,OSM,BR,,
-40.9863,-18.5627,OSM,BR,,
-39.8088,-18.7441,OSM,BR,,
-39.8116,-18.7447,OSM,BR,,
-39.8083,-18.734,OSM,BR,,
-39.8189,-18.7546,OSM,BR,,
-40.3611,-18.7272,OSM,BR,,
-40.3627,-18.729,OSM,BR,,
-40.3645,-18.7245,OSM,BR,,
-40.3659,-18.7257,OSM,BR,,
-40.4098,-18.7088,OSM,BR,,
-40.4136,-18.7098,OSM,BR,,
-40.4464,-18.6864,OSM,BR,,
-40.4347,-18.6558,OSM,BR,,
-40.7183,-18.5029,OSM,BR,,
-43.9893,-14.8424,OSM,BR,,
-43.9966,-14.8438,OSM,BR,,
-43.9792,-14.8393,OSM,BR,,
-43.9888,-14.8371,OSM,BR,,
-40.3686,-18.96,OSM,BR,,
-40.3616,-18.9374,OSM,BR,,
-40.5784,-18.8105,OSM,BR,,
-40.5762,-18.8132,OSM,BR,,
-40.5543,-18.7916,OSM,BR,,
-40.3681,-18.4686,OSM,BR,,
-40.9127,-18.2038,OSM,BR,,
-40.9596,-18.2643,OSM,BR,,
-40.9327,-18.2642,OSM,BR,,
-40.966,-18.2222,OSM,BR,,
-40.9441,-18.2346,OSM,BR,,
-40.9287,-18.3264,OSM,BR,,
-40.9386,-18.2848,OSM,BR,,
-40.9378,-18.2748,OSM,BR,,
-40.9495,-18.306,OSM,BR,,
-40.9516,-18.3131,OSM,BR,,
-40.9203,-18.3038,OSM,BR,,
-40.9196,-18.2755,OSM,BR,,
-40.9736,-18.2842,OSM,BR,,
-40.9697,-18.2796,OSM,BR,,
-40.9721,-18.2771,OSM,BR,,
-40.9477,-18.3053,OSM,BR,,
-40.9675,-18.2945,OSM,BR,,
-40.9379,-18.2722,OSM,BR,,
-40.9375,-18.2799,OSM,BR,,
-40.9342,-18.2721,OSM,BR,,
-40.5808,-18.5928,OSM,BR,,
-40.6135,-18.6131,OSM,BR,,
-40.6301,-18.6439,OSM,BR,,
-40.6651,-18.2587,OSM,BR,,
-40.7,-18.2458,OSM,BR,,
-40.6703,-18.2732,OSM,BR,,
-40.6499,-18.3124,OSM,BR,,
-40.6528,-18.2885,OSM,BR,,
-40.6633,-18.2962,OSM,BR,,
-40.9764,-18.2944,OSM,BR,,
-40.8154,-18.3536,OSM,BR,,
-40.7829,-18.3579,OSM,BR,,
-40.8345,-18.351,OSM,BR,,
-40.616,-18.9996,OSM,BR,,
-40.625,-18.9861,OSM,BR,,
-40.6242,-18.9843,OSM,BR,,
-41.0031,-18.3787,OSM,BR,,
-41.0083,-18.3744,OSM,BR,,
-40.3872,-18.7247,OSM,BR,,
-40.3845,-18.728,OSM,BR,,
-40.3954,-18.727,OSM,BR,,
-40.4182,-18.2877,OSM,BR,,
-40.4268,-18.9847,OSM,BR,,
-40.424,-18.9763,OSM,BR,,
-40.9353,-18.3373,OSM,BR,,
-40.8641,-18.3813,OSM,BR,,
-40.8653,-18.3811,OSM,BR,,
-40.8761,-18.3698,OSM,BR,,
-40.581,-18.55,OSM,BR,,
-40.6072,-18.5384,OSM,BR,,
-40.6108,-18.5394,OSM,BR,,
-40.6072,-18.5356,OSM,BR,,
-40.5866,-18.5293,OSM,BR,,
-40.5895,-18.5313,OSM,BR,,
-40.5792,-18.5305,OSM,BR,dimension_stone,
-40.8827,-18.3968,OSM,BR,,
-40.8203,-18.4469,OSM,BR,,
-40.8362,-18.4473,OSM,BR,,
-40.8038,-18.484,OSM,BR,,
-40.8079,-18.4837,OSM,BR,,
-40.8057,-18.487,OSM,BR,,
-40.519,-18.5145,OSM,BR,,
-40.5499,-18.5162,OSM,BR,,
-40.8867,-18.7094,OSM,BR,,
-40.8684,-18.6501,OSM,BR,,
-40.8761,-18.6922,OSM,BR,,
-40.8533,-18.6976,OSM,BR,,
-40.8579,-18.6996,OSM,BR,,
-40.8761,-18.6817,OSM,BR,,
-40.8484,-18.701,OSM,BR,,
-40.8947,-18.6613,OSM,BR,,
-40.8019,-18.6764,OSM,BR,,
-40.8131,-18.7047,OSM,BR,,
-40.7839,-18.6789,OSM,BR,,
-40.8082,-18.6697,OSM,BR,,
-40.8162,-18.6702,OSM,BR,,
-40.7981,-18.689,OSM,BR,,
-40.7889,-18.7036,OSM,BR,,
-40.7961,-18.6744,OSM,BR,,
-40.7798,-18.6748,OSM,BR,,
-40.7995,-18.6634,OSM,BR,,
-40.83,-18.677,OSM,BR,,
-41.4686,-15.4839,OSM,BR,,
-40.7189,-15.1972,OSM,BR,,
-41.7157,-15.046,OSM,BR,,
-41.6525,-14.1339,OSM,BR,,
-40.8787,-14.6722,OSM,BR,,
-40.6516,-14.6843,OSM,BR,,
-40.6446,-14.2468,OSM,BR,,
-41.0429,-14.6988,OSM,BR,,
-41.9452,-18.9396,OSM,BR,,
-40.7845,-18.7757,OSM,BR,,
-40.567,-18.584,OSM,BR,,
-40.5647,-18.5261,OSM,BR,,
-40.5421,-18.527,OSM,BR,,
-40.7657,-18.7049,OSM,BR,,
-40.7607,-18.6723,OSM,BR,,
-40.7656,-18.6809,OSM,BR,,
-40.756,-18.6804,OSM,BR,,
-40.7235,-18.66,OSM,BR,,
-40.7212,-18.6605,OSM,BR,,
-40.7328,-18.6842,OSM,BR,,
-40.75,-18.6894,OSM,BR,,
-40.7497,-18.6794,OSM,BR,,
-40.7399,-18.6697,OSM,BR,,
-40.7171,-18.6883,OSM,BR,,
-40.7171,-18.6902,OSM,BR,,
-40.7177,-18.6995,OSM,BR,,
-40.7242,-18.7025,OSM,BR,,
-40.7248,-18.7156,OSM,BR,,
-40.7194,-18.7077,OSM,BR,,
-40.7749,-18.6801,OSM,BR,,
-40.768,-18.6897,OSM,BR,,
-40.7569,-18.6878,OSM,BR,,
-40.7605,-18.7067,OSM,BR,,
-40.7643,-18.6863,OSM,BR,,
-40.7661,-18.6861,OSM,BR,,
-40.7556,-18.684,OSM,BR,,
-40.7566,-18.6917,OSM,BR,,
-40.768,-18.6732,OSM,BR,,
-40.7745,-18.6748,OSM,BR,,
-40.7679,-18.6581,OSM,BR,,
-40.7627,-18.662,OSM,BR,,
-40.7147,-18.7108,OSM,BR,,
-40.7166,-18.7154,OSM,BR,,
-40.7499,-18.7682,OSM,BR,,
-40.7509,-18.7655,OSM,BR,,
-40.7479,-18.7628,OSM,BR,,
-40.7204,-18.7628,OSM,BR,,
-40.7213,-18.7517,OSM,BR,,
-40.7197,-18.716,OSM,BR,,
-40.7319,-18.7369,OSM,BR,,
-40.7375,-18.7391,OSM,BR,,
-40.7382,-18.7459,OSM,BR,,
-40.7294,-18.727,OSM,BR,,
-40.7368,-18.7716,OSM,BR,,
-40.7411,-18.7704,OSM,BR,,
-40.7317,-18.7567,OSM,BR,,
-40.7494,-18.7593,OSM,BR,,
-40.7477,-18.7564,OSM,BR,,
-40.7237,-18.7241,OSM,BR,,
-40.716,-18.7398,OSM,BR,,
-40.7638,-18.7435,OSM,BR,,
-40.7643,-18.7739,OSM,BR,,
-40.7637,-18.7696,OSM,BR,,
-40.773,-18.7695,OSM,BR,,
-40.7731,-18.7714,OSM,BR,,
-40.7605,-18.7622,OSM,BR,,
-40.6537,-18.6535,OSM,BR,,
-40.6558,-18.6523,OSM,BR,,
-40.6938,-18.6652,OSM,BR,,
-40.6961,-18.6926,OSM,BR,,
-40.6964,-18.6614,OSM,BR,,
-40.6921,-18.6635,OSM,BR,,
-40.686,-18.6709,OSM,BR,,
-40.6714,-18.6547,OSM,BR,,
-40.6506,-18.6544,OSM,BR,,
-40.6735,-18.6659,OSM,BR,,
-40.7068,-18.6523,OSM,BR,,
-40.7035,-18.6531,OSM,BR,,
-40.6954,-18.6903,OSM,BR,,
-40.6797,-18.6881,OSM,BR,,
-40.6757,-18.6928,OSM,BR,,
-40.673,-18.6914,OSM,BR,,
-40.677,-18.6811,OSM,BR,,
-40.7025,-18.6898,OSM,BR,,
-40.6913,-18.688,OSM,BR,,
-40.7045,-18.6945,OSM,BR,,
-40.7072,-18.6927,OSM,BR,,
-40.7099,-18.695,OSM,BR,,
-40.6503,-18.6594,OSM,BR,,
-40.6748,-18.7005,OSM,BR,,
-40.6855,-18.6989,OSM,BR,,
-40.7102,-18.7037,OSM,BR,,
-42.6378,-14.8369,OSM,BR,,
-42.006,-15.1147,OSM,BR,,
-42.393,-14.8177,OSM,BR,,
-43.0193,-18.7129,OSM,BR,iron_ore,
-41.2023,-14.132,OSM,BR,,
-43.5075,-18.1119,OSM,BR,,
-43.1331,-16.0666,OSM,BR,,
-43.1381,-16.0593,OSM,BR,,
-41.9449,-14.4476,OSM,BR,,
-42.3404,-14.1756,OSM,BR,,
-42.3433,-14.1678,OSM,BR,,
-39.0691,-14.7932,OSM,BR,,
-39.1073,-14.7474,OSM,BR,,
-39.2841,-14.849,OSM,BR,,
-39.3821,-14.8464,OSM,BR,,
-39.6591,-16.334,OSM,BR,,
-41.1161,-14.2117,OSM,BR,,
-41.1029,-14.2235,OSM,BR,,
-39.6378,-16.2972,OSM,BR,,
-39.7268,-16.4025,OSM,BR,,
-43.7491,-14.3637,OSM,BR,,
-39.6513,-16.3084,OSM,BR,,
-40.8773,-14.3707,OSM,BR,,
-41.4394,-14.7419,OSM,BR,,
-41.5765,-14.2329,OSM,BR,,
-41.516,-14.1605,OSM,BR,,
-41.9982,-14.3589,OSM,BR,,
-41.3111,-18.2811,OSM,BR,,
-41.9062,-14.2634,OSM,BR,,
-41.9655,-14.6023,OSM,BR,,
-40.4517,-18.9257,OSM,BR,,
-40.4477,-18.9432,OSM,BR,,
-40.3861,-18.8437,OSM,BR,,
-42.9378,-17.9004,OSM,BR,,
-40.5093,-18.7042,OSM,BR,,
-40.5091,-18.7034,OSM,BR,,
-40.5061,-18.7025,OSM,BR,,
-40.4788,-18.6762,OSM,BR,,
-40.4809,-18.6715,OSM,BR,,
-40.4789,-18.6718,OSM,BR,,
-40.4794,-18.6678,OSM,BR,,
-40.4793,-18.6704,OSM,BR,,
-40.4787,-18.6557,OSM,BR,,
-40.6971,-18.7274,OSM,BR,,
-40.7048,-18.7175,OSM,BR,,
-40.6601,-18.777,OSM,BR,,
-40.679,-18.7669,OSM,BR,,
-40.7012,-18.7303,OSM,BR,,
-40.7028,-18.7379,OSM,BR,,
-40.6989,-18.7336,OSM,BR,,
-40.6953,-18.7176,OSM,BR,,
-40.6924,-18.7359,OSM,BR,,
-40.6864,-18.7586,OSM,BR,,
-40.6985,-18.7665,OSM,BR,,
-40.6792,-18.9368,OSM,BR,,
-40.503,-18.8458,OSM,BR,,
-40.5057,-18.8413,OSM,BR,,
-40.4963,-18.794,OSM,BR,,
-40.4984,-18.7945,OSM,BR,,
-40.4704,-18.7957,OSM,BR,,
-40.4934,-18.7941,OSM,BR,,
-40.7971,-18.8361,OSM,BR,,
-40.7834,-18.809,OSM,BR,,
-40.7831,-18.8115,OSM,BR,,
-40.788,-18.8003,OSM,BR,,
-40.8078,-18.8157,OSM,BR,,
-40.8238,-18.8126,OSM,BR,,
-40.6093,-18.7228,OSM,BR,,
-40.4533,-18.753,OSM,BR,,
-40.7543,-18.9181,OSM,BR,,
-40.7533,-18.9402,OSM,BR,,
-40.7637,-18.7817,OSM,BR,,
-40.751,-18.8019,OSM,BR,,
-40.7584,-18.8067,OSM,BR,,
-40.7628,-18.7773,OSM,BR,,
-40.7465,-18.7834,OSM,BR,,
-40.7478,-18.8126,OSM,BR,,
-40.7479,-18.7802,OSM,BR,,
-40.7201,-18.7974,OSM,BR,,
-40.7188,-18.8027,OSM,BR,,
-40.7807,-18.8212,OSM,BR,,
-40.7731,-18.7942,OSM,BR,,
-40.7575,-18.7822,OSM,BR,,
-40.7686,-18.7807,OSM,BR,,
-40.7631,-18.7926,OSM,BR,,
-40.7619,-18.7965,OSM,BR,,
-40.7061,-18.7833,OSM,BR,,
-40.5867,-18.8154,OSM,BR,,
-40.5906,-18.8178,OSM,BR,,
-43.4206,-18.8965,OSM,BR,iron_ore,
-41.9497,-14.4904,OSM,BR,,
-41.9223,-15.0402,OSM,BR,,
-41.9369,-15.046,OSM,BR,,
-40.0952,-15.214,OSM,BR,,
-40.0979,-15.2194,OSM,BR,,
-40.0984,-15.2166,OSM,BR,,
-40.0993,-15.2119,OSM,BR,,
-40.4142,-15.7747,OSM,BR,,
-40.1724,-14.9822,OSM,BR,,
-40.6227,-14.1044,OSM,BR,,
-39.2785,-15.8495,OSM,BR,granite,
-39.3241,-15.8577,OSM,BR,,
-39.2178,-15.8885,OSM,BR,,
-41.8828,-14.074,OSM,BR,,
-41.5042,-14.148,OSM,BR,,
-39.9361,-16.1975,OSM,BR,,
-39.9251,-16.2055,OSM,BR,graphite,
-39.6081,-16.0411,OSM,BR,aggregate;stone,
-40.2574,-14.3733,OSM,BR,,
-40.2572,-14.3752,OSM,BR,,
-41.0227,-14.6268,OSM,BR,,
-41.0601,-14.4637,OSM,BR,,
-40.9207,-14.6064,OSM,BR,,
-40.9228,-14.6049,OSM,BR,,
-40.8774,-14.5976,OSM,BR,,
-40.9047,-14.5975,OSM,BR,,
-40.9007,-14.6004,OSM,BR,,
-40.9329,-14.6478,OSM,BR,,
-41.001,-14.6835,OSM,BR,,
-41.0096,-14.7348,OSM,BR,,
-41.1216,-14.6386,OSM,BR,,
-39.7827,-15.339,OSM,BR,,
-39.7822,-15.3441,OSM,BR,,
-39.7789,-15.3444,OSM,BR,,
-39.5293,-15.8209,OSM,BR,,
-39.5711,-15.7572,OSM,BR,granite,
-39.5683,-15.7504,OSM,BR,,
-40.0781,-14.7604,OSM,BR,,
-40.08,-14.7588,OSM,BR,,
-41.7528,-14.6272,OSM,BR,,
-41.7567,-14.6287,OSM,BR,,
-40.0404,-15.73,OSM,BR,,
-40.0899,-15.7639,OSM,BR,,
-40.093,-15.7658,OSM,BR,,
-42.9124,-14.7084,OSM,BR,,
-40.4171,-17.4221,OSM,BR,granite,
-40.4566,-17.0878,OSM,BR,granite,
-40.7155,-15.2088,OSM,BR,,
-41.6956,-14.1907,OSM,BR,,
-41.7044,-14.1811,OSM,BR,,
-41.7448,-14.1979,OSM,BR,,
-41.7212,-14.1982,OSM,BR,,
-41.7241,-14.2025,OSM,BR,,
-41.7361,-14.2374,OSM,BR,,
-41.2581,-14.0057,OSM,BR,,
-39.5433,-16.6167,OSM,BR,stone,
-39.5407,-16.6169,OSM,BR,stone,
-42.7251,-14.2023,OSM,BR,,
-42.5241,-14.2714,OSM,BR,,
-43.8574,-16.951,OSM,BR,,
-41.9094,-16.7475,OSM,BR,lítio,
-39.9925,-16.5391,OSM,BR,stone,
-39.922,-16.1236,OSM,BR,granite,
-39.6894,-15.8964,OSM,BR,granite,
-42.5853,-15.3379,OSM,BR,granite,
-39.0338,-14.0244,OSM,BR,,
-41.6329,-15.8068,OSM,BR,,
-42.2703,-16.1304,OSM,BR,aggregate,
-41.6427,-14.8568,OSM,BR,,
-41.4189,-14.7545,OSM,BR,,
-39.7413,-14.1506,OSM,BR,,
-39.6242,-14.5784,OSM,BR,,
-39.6097,-16.0906,OSM,BR,,
-43.0441,-16.998,OSM,BR,,
-40.093,-14.8434,OSM,BR,,
-42.9705,-16.8641,OSM,BR,,
-42.4858,-14.2739,OSM,BR,,
-42.481,-14.2669,OSM,BR,,
-42.4582,-14.2164,OSM,BR,,
-42.4628,-14.2203,OSM,BR,,
-42.5738,-13.9994,OSM,BR,,
-43.0954,-14.0007,OSM,BR,,
-42.8292,-14.2528,OSM,BR,,
-43.0626,-13.9996,OSM,BR,,
-43.1788,-14.3043,OSM,BR,areia,
-41.9335,-16.0974,OSM,BR,,
-39.621,-15.7363,OSM,BR,granite,
-39.6385,-15.729,OSM,BR,granite,
-40.124,-15.7568,OSM,BR,aggregate;granite;gravel;stone,
-39.6168,-15.7463,OSM,BR,granite,
-40.2939,-15.5737,OSM,BR,dimension_stone,
-40.4553,-15.6161,OSM,BR,dimension_stone,
-41.9657,-18.8286,OSM,BR,,
-41.4598,-15.4508,OSM,BR,,
-40.8958,-15.4986,OSM,BR,stone;granite,
-40.7528,-15.1747,OSM,BR,dimension_stone,
-40.4434,-15.0466,OSM,BR,dimension_stone,
-40.9034,-14.7516,OSM,BR,aggregate,
-40.9528,-14.8157,OSM,BR,aggregate,
-41.9559,-18.8866,OSM,BR,sand,
-41.9547,-18.8837,OSM,BR,sand,
-41.9531,-18.8785,OSM,BR,sand,
-41.9345,-18.8504,OSM,BR,sand,
-41.9629,-18.8945,OSM,BR,sand,
-41.9739,-18.8968,OSM,BR,sand,
-41.9733,-18.8965,OSM,BR,sand,
-41.9809,-18.902,OSM,BR,sand,
-41.98,-18.9013,OSM,BR,sand,
-42.5285,-14.2673,OSM,BR,,
-41.825,-18.8559,OSM,BR,,
-42.4282,-14.8361,OSM,BR,,
-42.3946,-14.8505,OSM,BR,,
-42.422,-14.8419,OSM,BR,,
-42.4225,-14.8968,OSM,BR,,
-65.1975,-9.433,OSM,BR,fixme,
-65.1301,-9.4906,OSM,BR,fixme,
-65.6789,-9.5258,OSM,BR,,
-65.0683,-9.4716,OSM,BR,,
-65.0228,-9.4211,OSM,BR,,
-65.5168,-9.6714,OSM,BR,,
-65.3733,-10.8077,OSM,BR,,
-65.7557,-9.1319,OSM,BR,,
-65.549,-9.76,OSM,BR,,
-68.984,-12.4878,OSM,BR,,
-67.6837,-10.5988,OSM,BR,,
-61.1916,-9.2709,OSM,BR,,
-61.2672,-9.2635,OSM,BR,,
-61.3772,-9.2599,OSM,BR,,
-61.3809,-9.2437,OSM,BR,,
-61.1944,-9.2798,OSM,BR,,
-61.1881,-9.2804,OSM,BR,,
-61.2469,-9.2611,OSM,BR,,
-61.3696,-9.2741,OSM,BR,,
-61.372,-9.2573,OSM,BR,,
-61.3356,-9.2545,OSM,BR,,
-61.361,-9.247,OSM,BR,,
-61.3453,-9.2463,OSM,BR,,
-61.3848,-9.2527,OSM,BR,,
-61.3508,-9.2443,OSM,BR,,
-61.1974,-9.2651,OSM,BR,,
-61.2034,-9.3814,OSM,BR,,
-61.1992,-9.3008,OSM,BR,,
-62.7075,-9.268,OSM,BR,aggregate,
-60.3126,-11.5155,OSM,BR,,
-60.3091,-11.5368,OSM,BR,,
-60.3404,-11.5184,OSM,BR,,
-59.1878,-11.6826,OSM,BR,,
-63.1265,-9.3852,OSM,BR,,
-63.1146,-9.3918,OSM,BR,,
-62.4365,-11.1352,OSM,BR,,
-63.4295,-10.0622,OSM,BR,,
-63.4794,-9.9381,OSM,BR,,
-63.3793,-9.9774,OSM,BR,tin,
-63.4386,-9.9656,OSM,BR,tin,
-63.7992,-10.5376,OSM,BR,,
-59.0973,-13.2116,OSM,BR,,
-59.0495,-13.3926,OSM,BR,,
-59.7267,-12.1615,OSM,BR,aggregate,
-63.4355,-10.0169,OSM,BR,,
-63.4182,-10.0379,OSM,BR,,
-63.0751,-9.8658,OSM,BR,sand;sandstone,
-63.359,-10.0322,OSM,BR,tin,
-63.4804,-9.9607,OSM,BR,tin,
-63.3658,-9.9126,OSM,BR,,
-63.3754,-9.9307,OSM,BR,,
-63.3819,-9.9498,OSM,BR,,
-63.3814,-9.9666,OSM,BR,,
-63.4116,-9.9619,OSM,BR,,
-63.4145,-9.9781,OSM,BR,,
-63.4208,-9.9862,OSM,BR,,
-63.4079,-10.0071,OSM,BR,,
-62.7658,-9.7394,OSM,BR,tin,
-62.7434,-9.7709,OSM,BR,tin,
-62.7247,-9.6529,OSM,BR,,
-62.7079,-9.6614,OSM,BR,,
-63.0753,-9.4571,OSM,BR,,
-63.0588,-9.445,OSM,BR,tin,
-63.0286,-9.4429,OSM,BR,,
-63.0515,-9.3656,OSM,BR,,
-63.0693,-9.3757,OSM,BR,,
-62.8862,-9.3894,OSM,BR,,
-62.893,-9.3628,OSM,BR,,
-63.0808,-9.2091,OSM,BR,,
-63.564,-9.7955,OSM,BR,,
-63.4543,-10.0055,OSM,BR,,
-63.5069,-10.6402,OSM,BR,,
-63.5052,-10.5941,OSM,BR,,
-63.5003,-10.5937,OSM,BR,,
-63.4899,-10.5914,OSM,BR,,
-63.4954,-9.9895,OSM,BR,tin,
-63.4749,-9.995,OSM,BR,tin,
-62.3988,-9.5956,OSM,BR,tin,
-62.4092,-9.5819,OSM,BR,,
-62.4047,-9.5769,OSM,BR,tin,
-62.39,-9.568,OSM,BR,tin,
-62.377,-9.5641,OSM,BR,tin,
-62.3732,-9.577,OSM,BR,,
-62.3681,-9.5476,OSM,BR,tin,
-62.3691,-9.5377,OSM,BR,tin,
-62.3731,-9.5239,OSM,BR,tin,
-62.3868,-9.5479,OSM,BR,,
-63.3412,-10.0222,OSM,BR,tin,
-63.3432,-10.0321,OSM,BR,tin,
-63.4005,-10.0103,OSM,BR,tin,
-63.3797,-10.0269,OSM,BR,tin,
-63.421,-10.0234,OSM,BR,tin,
-63.5142,-10.6503,OSM,BR,tin,
-62.8624,-9.2828,OSM,BR,tin,
-62.9108,-9.1286,OSM,BR,tin,
-62.0937,-13.6092,OSM,BR,,
-63.6113,-10.6393,OSM,BR,,
-63.382,-10.0521,OSM,BR,,
-63.3792,-10.059,OSM,BR,,
-63.3722,-10.062,OSM,BR,,
-63.3952,-10.069,OSM,BR,,
-63.3467,-10.0733,OSM,BR,,
-48.2416,-13.5292,OSM,BR,asbestos,
-48.5485,-12.9039,OSM,BR,,
-48.3243,-13.8318,OSM,BR,,
-45.8816,-13.8002,OSM,BR,,
-47.9337,-9.2671,OSM,BR,aggregate,
-45.9376,-12.1506,OSM,BR,,
-45.897,-12.1356,OSM,BR,,
-45.0777,-12.6476,OSM,BR,,
-44.9723,-12.3839,OSM,BR,,
-44.9786,-12.3743,OSM,BR,,
-44.9825,-12.3686,OSM,BR,,
-46.5214,-9.1394,OSM,BR,,
-46.4017,-13.3121,OSM,BR,,
-46.5132,-12.4125,OSM,BR,,
-47.4529,-11.6637,OSM,BR,,
-45.0107,-13.6587,OSM,BR,,
-45.9618,-13.9433,OSM,BR,,
-46.1177,-13.6818,OSM,BR,,
-44.0812,-9.7738,OSM,BR,limestone,
-44.2188,-9.8313,OSM,BR,,
-44.7626,-10.5269,OSM,BR,aggregate,
-44.1991,-13.4065,OSM,BR,,
-47.5007,-11.7003,OSM,BR,,
-46.0444,-13.272,OSM,BR,,
-48.5215,-13.5114,OSM,BR,,
-48.5103,-13.4986,OSM,BR,,
-48.5196,-13.4955,OSM,BR,,
-44.6409,-13.329,OSM,BR,,
-47.1554,-11.6989,OSM,BR,,
-46.9867,-13.632,OSM,BR,,
-48.5111,-13.4831,OSM,BR,,
-44.858,-12.1765,OSM,BR,,
-44.5763,-12.2556,OSM,BR,,
-44.896,-12.2359,OSM,BR,,
-44.2284,-12.3851,OSM,BR,,
-44.1158,-12.9025,OSM,BR,,
-44.1013,-12.9076,OSM,BR,,
-44.0544,-12.9561,OSM,BR,,
-44.8652,-12.5862,OSM,BR,,
-44.6303,-12.7295,OSM,BR,,
-45.2893,-12.4705,OSM,BR,,
-45.4903,-12.8989,OSM,BR,,
-45.8868,-12.1281,OSM,BR,,
-45.9442,-12.1557,OSM,BR,,
-45.9321,-12.1535,OSM,BR,,
-45.8696,-12.4065,OSM,BR,,
-45.8172,-12.1487,OSM,BR,,
-45.8272,-12.1987,OSM,BR,,
-45.3218,-12.1902,OSM,BR,,
-45.0952,-12.4076,OSM,BR,,
-45.0966,-12.4033,OSM,BR,,
-45.2616,-12.1112,OSM,BR,,
-45.3416,-13.5737,OSM,BR,,
-44.9327,-13.7516,OSM,BR,,
-44.9339,-13.7531,OSM,BR,,
-44.9359,-13.7671,OSM,BR,,
-44.7088,-12.7316,OSM,BR,,
-44.7101,-12.7326,OSM,BR,,
-44.4792,-13.5348,OSM,BR,,
-44.5735,-13.3834,OSM,BR,,
-44.5198,-13.7008,OSM,BR,,
-44.517,-13.7007,OSM,BR,,
-44.437,-13.8675,OSM,BR,,
-44.4406,-13.8687,OSM,BR,,
-44.4443,-13.8728,OSM,BR,,
-44.4493,-13.8655,OSM,BR,,
-44.2144,-13.433,OSM,BR,,
-44.1262,-13.3886,OSM,BR,,
-44.1249,-13.3922,OSM,BR,,
-46.7516,-12.938,OSM,BR,,
-46.7624,-12.9376,OSM,BR,,
-46.8746,-13.7422,OSM,BR,,
-36.6441,-9.678,OSM,BR,,
-36.6882,-9.4337,OSM,BR,,
-35.8334,-9.4156,OSM,BR,,
-35.838,-9.417,OSM,BR,,
-36.1198,-9.7904,OSM,BR,,
-37.844,-11.3819,OSM,BR,,
-37.8333,-11.3622,OSM,BR,,
-37.1717,-10.848,OSM,BR,limestone,
-37.3193,-10.9888,OSM,BR,,
-37.844,-11.3744,OSM,BR,,
-38.39,-12.8724,OSM,BR,,
-38.4162,-12.8753,OSM,BR,,
-38.4459,-12.8747,OSM,BR,,
-38.3481,-12.8639,OSM,BR,,
-36.0023,-9.5776,OSM,BR,,
-36.0062,-9.5757,OSM,BR,,
-38.4321,-12.9742,OSM,BR,,
-37.7164,-10.9716,OSM,BR,aggregate,
-36.6417,-9.4096,OSM,BR,stone;sand,
-37.8404,-11.381,OSM,BR,,
-37.841,-11.3803,OSM,BR,,
-37.8399,-11.3794,OSM,BR,,
-37.8404,-11.3782,OSM,BR,,
-37.8414,-11.3791,OSM,BR,,
-37.2281,-11.1767,OSM,BR,,
-37.2268,-11.1784,OSM,BR,,
-37.2288,-11.181,OSM,BR,,
-37.2335,-11.1665,OSM,BR,,
-37.2289,-11.1687,OSM,BR,,
-37.2302,-11.1674,OSM,BR,,
-37.7099,-10.8767,OSM,BR,,
-37.2853,-11.2428,OSM,BR,,
-37.2769,-11.2392,OSM,BR,,
-37.2805,-11.2323,OSM,BR,,
-37.289,-11.2323,OSM,BR,,
-37.282,-11.2381,OSM,BR,,
-37.2824,-11.2361,OSM,BR,,
-37.2777,-11.2362,OSM,BR,,
-38.7726,-11.6321,OSM,BR,,
-38.9994,-13.0279,OSM,BR,,
-38.9946,-13.0264,OSM,BR,,
-38.9693,-13.0073,OSM,BR,,
-38.9738,-13.0115,OSM,BR,,
-38.9827,-13.0081,OSM,BR,,
-37.5095,-11.6985,OSM,BR,,
-37.5008,-11.6777,OSM,BR,,
-37.499,-11.6788,OSM,BR,,
-37.2867,-9.1803,OSM,BR,,
-37.2845,-9.1782,OSM,BR,,
-38.9972,-10.3327,OSM,BR,limestone,
-38.9811,-10.3243,OSM,BR,limestone,
-38.9807,-10.359,OSM,BR,limestone,
-38.9531,-9.6928,OSM,BR,aggregate,
-37.8091,-10.6666,OSM,BR,limestone;aggregate;concrete;stone,
-37.591,-10.6947,OSM,BR,stone;granite,
-36.7335,-9.6653,OSM,BR,,
-36.0075,-9.5838,OSM,BR,,
-35.9476,-9.4667,OSM,BR,,
-36.4881,-9.6456,OSM,BR,,
-36.6367,-9.7404,OSM,BR,,
-69.7863,-8.6017,OSM,BR,,
-72.8807,-7.4911,OSM,BR,,
-72.8811,-7.4938,OSM,BR,,
-72.8686,-7.4871,OSM,BR,,
-72.8695,-7.484,OSM,BR,,
-72.896,-7.5063,OSM,BR,,
-72.9705,-7.5936,OSM,BR,,
-63.1623,-7.2744,OSM,BR,aggregate,
-63.1105,-7.0813,OSM,BR,aggregate,
-63.1499,-7.241,OSM,BR,aggregate,
-63.1502,-7.2415,OSM,BR,aggregate,
-63.1299,-7.1921,OSM,BR,aggregate,
-63.1188,-7.1535,OSM,BR,aggregate,
-63.1142,-7.1157,OSM,BR,aggregate,
-61.3053,-4.7389,OSM,BR,aggregate,
-61.4756,-4.9085,OSM,BR,aggregate,
-61.5365,-4.9516,OSM,BR,aggregate,
-61.7043,-5.1015,OSM,BR,aggregate,
-63.2699,-7.5619,OSM,BR,aggregate,
-63.2113,-7.4085,OSM,BR,aggregate,
-63.1038,-7.0255,OSM,BR,aggregate,
-61.1713,-8.4435,OSM,BR,,
-59.4214,-7.1257,OSM,BR,,
-60.1566,-6.7353,OSM,BR,,
-60.1341,-6.7007,OSM,BR,,
-61.1814,-8.5694,OSM,BR,,
-61.1557,-8.5787,OSM,BR,,
-60.9065,-8.9617,OSM,BR,,
-60.913,-8.9622,OSM,BR,,
-62.7761,-6.3301,OSM,BR,,
-59.6593,-6.7507,OSM,BR,,
-59.6413,-6.7411,OSM,BR,,
-59.754,-7.1593,OSM,BR,,
-59.493,-6.5313,OSM,BR,,
-59.6226,-6.6355,OSM,BR,,
-62.871,-6.4413,OSM,BR,,
-62.8209,-6.3831,OSM,BR,,
-62.7681,-6.3171,OSM,BR,,
-62.7814,-6.3386,OSM,BR,,
-62.761,-7.5855,OSM,BR,,
-62.6869,-7.6175,OSM,BR,,
-62.5412,-7.7081,OSM,BR,,
-62.4294,-7.7733,OSM,BR,,
-62.4323,-7.7748,OSM,BR,,
-59.053,-8.9824,OSM,BR,,
-63.8396,-8.7203,OSM,BR,,
-63.8669,-8.7241,OSM,BR,,
-63.8666,-8.7312,OSM,BR,,
-61.1315,-8.4358,OSM,BR,,
-48.7363,-7.5983,OSM,BR,,
-47.2037,-4.3331,OSM,BR,,
-47.9596,-4.6448,OSM,BR,,
-44.6075,-8.3291,OSM,BR,gravel;sand,
-44.1546,-8.7369,OSM,BR,,
-36.4718,-6.7473,OSM,BR,,
-36.4137,-6.7941,OSM,BR,,
-36.4652,-6.7493,OSM,BR,,
-37.0316,-5.6787,OSM,BR,,
-34.8934,-7.1354,OSM,BR,,
-37.33,-7.0062,OSM,BR,,
-37.3251,-7.0053,OSM,BR,,
-37.3245,-7.0081,OSM,BR,,
-37.4405,-6.9244,OSM,BR,,
-37.107,-6.4622,OSM,BR,,
-37.0821,-6.4432,OSM,BR,,
-37.0239,-6.6694,OSM,BR,,
-37.0226,-6.6678,OSM,BR,,
-37.0213,-6.6677,OSM,BR,,
-37.0264,-6.6708,OSM,BR,,
-37.116,-6.4685,OSM,BR,,
-37.1123,-6.4732,OSM,BR,,
-37.1047,-6.4634,OSM,BR,,
-37.1037,-6.4637,OSM,BR,,
-37.1067,-6.4674,OSM,BR,,
-37.1016,-6.4623,OSM,BR,,
-37.1018,-6.4609,OSM,BR,,
-37.0881,-6.4583,OSM,BR,,
-37.0862,-6.4511,OSM,BR,,
-34.8571,-7.5232,OSM,BR,,
-36.0428,-7.1755,OSM,BR,,
-36.0477,-7.162,OSM,BR,,
-37.2932,-7.0672,OSM,BR,,
-37.9402,-5.2535,OSM,BR,,
-37.9519,-5.2559,OSM,BR,,
-35.2548,-6.3161,OSM,BR,,
-35.3777,-5.9001,OSM,BR,,
-35.4671,-6.1353,OSM,BR,,
-37.1812,-6.9781,OSM,BR,dimension_stone,
-36.7283,-8.4491,OSM,BR,,
-36.7667,-8.4491,OSM,BR,,
-37.3255,-7.0499,OSM,BR,,
-37.3306,-7.0518,OSM,BR,,
-36.4506,-6.3984,OSM,BR,,
-36.7226,-6.9986,OSM,BR,,
-35.3976,-7.1702,OSM,BR,,
-35.3985,-7.1657,OSM,BR,,
-35.2303,-7.1481,OSM,BR,,
-35.8941,-7.7423,OSM,BR,,
-35.8939,-7.747,OSM,BR,,
-35.8862,-7.7414,OSM,BR,,
-35.8871,-7.7439,OSM,BR,,
-35.8651,-7.7683,OSM,BR,,
-35.8766,-7.7724,OSM,BR,,
-35.874,-7.7652,OSM,BR,,
-35.8775,-7.7649,OSM,BR,,
-35.8821,-7.7628,OSM,BR,,
-35.8788,-7.76,OSM,BR,,
-35.8867,-7.7586,OSM,BR,,
-35.8837,-7.7563,OSM,BR,,
-35.8888,-7.7537,OSM,BR,,
-35.8868,-7.7534,OSM,BR,,
-35.8899,-7.7473,OSM,BR,,
-35.881,-7.7819,OSM,BR,,
-35.8779,-7.7815,OSM,BR,,
-35.8721,-7.7848,OSM,BR,,
-35.8929,-7.7792,OSM,BR,,
-35.8841,-7.7842,OSM,BR,,
-35.3351,-5.8795,OSM,BR,,
-36.9788,-5.8711,OSM,BR,,
-35.959,-7.2255,OSM,BR,,
-35.8315,-7.1951,OSM,BR,,
-36.8035,-6.929,OSM,BR,,
-36.7988,-6.9289,OSM,BR,,
-36.8131,-6.9435,OSM,BR,,
-36.7534,-6.9829,OSM,BR,,
-36.763,-6.997,OSM,BR,,
-36.777,-7.0197,OSM,BR,,
-36.7609,-7.0115,OSM,BR,,
-36.7646,-7.0056,OSM,BR,,
-36.7694,-7.0097,OSM,BR,,
-36.7758,-7.0144,OSM,BR,,
-36.7618,-6.9145,OSM,BR,,
-36.7662,-6.9924,OSM,BR,,
-36.7747,-6.9905,OSM,BR,,
-36.7803,-6.9548,OSM,BR,,
-36.7732,-6.949,OSM,BR,,
-36.7965,-6.966,OSM,BR,,
-36.7936,-6.9677,OSM,BR,,
-35.1728,-8.1179,OSM,BR,,
-35.4203,-7.1921,OSM,BR,,
-35.421,-7.1958,OSM,BR,,
-35.418,-7.1983,OSM,BR,,
-35.2088,-7.9049,OSM,BR,,
-35.1566,-7.3603,OSM,BR,,
-35.1542,-7.3476,OSM,BR,,
-34.8589,-7.617,OSM,BR,,
-35.6088,-5.6788,OSM,BR,,
-34.9819,-8.1919,OSM,BR,,
-34.9771,-8.1884,OSM,BR,,
-35.009,-8.2053,OSM,BR,,
-34.998,-8.2132,OSM,BR,,
-36.145,-7.2659,OSM,BR,,
-36.1959,-7.2433,OSM,BR,,
-36.2082,-7.2391,OSM,BR,,
-36.2256,-7.3543,OSM,BR,,
-36.1877,-7.3399,OSM,BR,,
-35.8088,-8.2926,OSM,BR,,
-35.2212,-8.1211,OSM,BR,,
-35.2303,-8.116,OSM,BR,,
-35.2631,-8.1303,OSM,BR,,
-35.9045,-7.3508,OSM,BR,,
-36.1557,-7.945,OSM,BR,,
-35.23,-7.1527,OSM,BR,,
-34.8769,-7.1031,OSM,BR,,
-34.8731,-7.0982,OSM,BR,aggregate;stone;granite,
-38.1803,-6.8811,OSM,BR,,
-37.9926,-6.7262,OSM,BR,,
-35.1968,-7.8664,OSM,BR,,
-34.9911,-8.1478,OSM,BR,,
-34.9862,-8.1507,OSM,BR,,
-34.9869,-8.1267,OSM,BR,,
-34.9995,-8.1304,OSM,BR,,
-34.9987,-8.1345,OSM,BR,,
-34.9997,-8.1357,OSM,BR,,
-35.0003,-8.1381,OSM,BR,,
-34.993,-8.1326,OSM,BR,,
-36.0048,-7.1725,OSM,BR,,
-37.5679,-6.9292,OSM,BR,,
-37.5698,-6.9287,OSM,BR,,
-36.4132,-5.9908,OSM,BR,,
-36.6302,-6.686,OSM,BR,,
-36.6332,-6.6827,OSM,BR,,
-37.2619,-7.0066,OSM,BR,,
-34.8901,-7.3918,OSM,BR,,
-36.6523,-7.4714,OSM,BR,,
-34.9781,-6.502,OSM,BR,,
-34.9755,-6.4958,OSM,BR,,
-36.5482,-6.3262,OSM,BR,,
-36.6667,-7.0701,OSM,BR,,
-35.3297,-5.8087,OSM,BR,,
-35.9416,-6.9884,OSM,BR,,
-35.9465,-6.9903,OSM,BR,,
-35.9542,-6.9921,OSM,BR,,
-35.9606,-6.9915,OSM,BR,,
-36.2607,-6.8313,OSM,BR,,
-36.265,-6.8289,OSM,BR,,
-36.2685,-6.832,OSM,BR,,
-36.2754,-6.8348,OSM,BR,,
-35.5328,-7.2104,OSM,BR,,
-35.534,-7.2138,OSM,BR,,
-36.4611,-6.8357,OSM,BR,,
-36.4538,-6.8416,OSM,BR,,
-36.4503,-6.8416,OSM,BR,,
-36.4441,-6.8295,OSM,BR,,
-36.4456,-6.8238,OSM,BR,,
-36.4594,-6.7839,OSM,BR,,
-36.4654,-6.7858,OSM,BR,,
-36.4742,-6.7726,OSM,BR,,
-36.459,-6.8567,OSM,BR,,
-36.4598,-6.8589,OSM,BR,,
-36.4651,-6.8642,OSM,BR,,
-36.4572,-6.8627,OSM,BR,,
-36.4667,-6.8708,OSM,BR,,
-36.4593,-6.8691,OSM,BR,,
-36.6316,-6.9504,OSM,BR,,
-36.6356,-6.9617,OSM,BR,,
-36.6397,-6.9669,OSM,BR,,
-36.6327,-6.9684,OSM,BR,,
-36.6387,-6.9711,OSM,BR,,
-36.6359,-6.9719,OSM,BR,,
-36.068,-7.1693,OSM,BR,,
-36.0546,-7.1759,OSM,BR,,
-36.1557,-7.2487,OSM,BR,,
-36.152,-7.2493,OSM,BR,,
-36.1459,-7.2499,OSM,BR,,
-36.1399,-7.25,OSM,BR,,
-36.1351,-7.2504,OSM,BR,,
-36.1309,-7.2498,OSM,BR,,
-36.1256,-7.2498,OSM,BR,,
-36.1155,-7.2494,OSM,BR,,
-36.0968,-7.248,OSM,BR,,
-37.9529,-4.9183,OSM,BR,,
-37.9523,-4.915,OSM,BR,,
-34.8525,-7.4748,OSM,BR,,
-35.2612,-7.7088,OSM,BR,,
-36.1656,-8.3618,OSM,BR,,
-35.1704,-8.8139,OSM,BR,,
-35.8794,-7.2824,OSM,BR,,
-35.8864,-8.2975,OSM,BR,,
-35.8898,-8.3071,OSM,BR,,
-37.0075,-6.7364,OSM,BR,,
-36.9851,-6.7067,OSM,BR,,
-36.9875,-6.7103,OSM,BR,,
-36.9873,-6.7112,OSM,BR,,
-36.9881,-6.7119,OSM,BR,,
-36.9942,-6.7201,OSM,BR,,
-37.002,-6.7305,OSM,BR,,
-36.9019,-7.0292,OSM,BR,,
-36.976,-7.0013,OSM,BR,,
-36.9708,-7.0064,OSM,BR,,
-36.9638,-7.0069,OSM,BR,,
-37.0161,-6.953,OSM,BR,,
-37.0128,-6.9619,OSM,BR,,
-36.9618,-6.9647,OSM,BR,,
-36.9186,-6.9276,OSM,BR,,
-34.9014,-7.7465,OSM,BR,,
-35.2121,-6.2455,OSM,BR,,
-36.6701,-6.9709,OSM,BR,,
-36.668,-6.9668,OSM,BR,,
-36.6663,-6.9548,OSM,BR,,
-36.6677,-6.9567,OSM,BR,,
-36.6697,-6.9583,OSM,BR,,
-36.6523,-6.9568,OSM,BR,,
-36.6614,-6.959,OSM,BR,,
-36.6601,-6.9619,OSM,BR,,
-36.6573,-6.9622,OSM,BR,,
-36.6524,-6.9735,OSM,BR,,
-36.6552,-6.9765,OSM,BR,,
-36.6608,-6.9802,OSM,BR,,
-36.6677,-6.979,OSM,BR,,
-36.6738,-6.9789,OSM,BR,,
-36.733,-7.0104,OSM,BR,,
-36.7379,-7.0136,OSM,BR,,
-36.7404,-7.0152,OSM,BR,,
-36.7476,-7.0193,OSM,BR,,
-36.7272,-7.0276,OSM,BR,,
-36.7176,-7.0236,OSM,BR,,
-36.7173,-7.0198,OSM,BR,,
-36.7157,-7.0143,OSM,BR,,
-36.7227,-7.0119,OSM,BR,,
-36.7069,-6.9595,OSM,BR,,
-36.7115,-6.9615,OSM,BR,,
-36.7135,-6.9636,OSM,BR,,
-36.7138,-6.967,OSM,BR,,
-36.716,-6.9685,OSM,BR,,
-36.7176,-6.9705,OSM,BR,,
-36.7183,-6.9714,OSM,BR,,
-36.7179,-6.9728,OSM,BR,,
-36.7133,-6.9777,OSM,BR,,
-36.7413,-6.9883,OSM,BR,,
-36.7397,-6.9889,OSM,BR,,
-36.7299,-6.9875,OSM,BR,,
-36.7384,-6.9918,OSM,BR,,
-36.7345,-6.9918,OSM,BR,,
-36.7376,-6.9939,OSM,BR,,
-36.7094,-6.9898,OSM,BR,,
-36.7081,-6.9774,OSM,BR,,
-36.688,-6.9747,OSM,BR,,
-36.689,-6.97,OSM,BR,,
-36.6933,-6.9654,OSM,BR,,
-36.6931,-6.9603,OSM,BR,,
-36.6822,-6.9626,OSM,BR,,
-36.6859,-6.9647,OSM,BR,,
-36.6821,-6.9653,OSM,BR,,
-36.6827,-6.9665,OSM,BR,,
-36.6824,-6.9684,OSM,BR,,
-36.6749,-6.971,OSM,BR,,
-36.6796,-6.9716,OSM,BR,,
-36.6765,-6.9744,OSM,BR,,
-36.6802,-6.9753,OSM,BR,,
-36.7403,-7.0713,OSM,BR,,
-36.8152,-7.069,OSM,BR,,
-36.8632,-7.0709,OSM,BR,,
-36.8931,-7.075,OSM,BR,,
-36.8921,-7.0741,OSM,BR,,
-36.8907,-7.0725,OSM,BR,,
-36.8945,-7.0709,OSM,BR,,
-36.8837,-7.0697,OSM,BR,,
-36.8869,-7.073,OSM,BR,,
-36.8905,-7.0761,OSM,BR,,
-36.8939,-7.078,OSM,BR,,
-36.898,-7.0749,OSM,BR,,
-36.8703,-7.0744,OSM,BR,,
-36.8721,-7.0786,OSM,BR,,
-36.8768,-7.0812,OSM,BR,,
-36.9026,-7.0912,OSM,BR,,
-36.8576,-7.0709,OSM,BR,,
-36.8612,-7.0816,OSM,BR,,
-36.8609,-7.0838,OSM,BR,,
-36.8573,-7.0846,OSM,BR,,
-36.8406,-7.0801,OSM,BR,,
-36.8343,-7.0805,OSM,BR,,
-36.8307,-7.0785,OSM,BR,,
-36.8294,-7.0783,OSM,BR,,
-36.8275,-7.0791,OSM,BR,,
-36.8269,-7.0801,OSM,BR,,
-36.8591,-7.0551,OSM,BR,,
-36.8632,-7.0543,OSM,BR,,
-36.8268,-7.0388,OSM,BR,,
-36.8166,-7.0379,OSM,BR,,
-36.8137,-7.0324,OSM,BR,,
-36.808,-7.0265,OSM,BR,,
-36.8049,-7.0317,OSM,BR,,
-36.8047,-7.0397,OSM,BR,,
-36.7904,-6.9996,OSM,BR,,
-36.7988,-7.0204,OSM,BR,,
-36.796,-7.0177,OSM,BR,,
-36.789,-7.0087,OSM,BR,,
-36.7888,-7.0129,OSM,BR,,
-36.7887,-7.0215,OSM,BR,,
-36.7942,-7.0273,OSM,BR,,
-36.797,-7.0374,OSM,BR,,
-36.7921,-7.0374,OSM,BR,,
-36.7722,-7.0375,OSM,BR,,
-36.7793,-7.031,OSM,BR,,
-36.788,-7.0358,OSM,BR,,
-36.7375,-7.0202,OSM,BR,,
-36.7564,-7.0415,OSM,BR,,
-36.7729,-7.0429,OSM,BR,,
-36.7812,-7.051,OSM,BR,,
-36.7888,-7.057,OSM,BR,,
-36.7915,-7.0538,OSM,BR,,
-36.8084,-7.0756,OSM,BR,,
-36.8031,-7.0738,OSM,BR,,
-36.7995,-7.0743,OSM,BR,,
-36.7628,-7.0957,OSM,BR,,
-36.7883,-7.0689,OSM,BR,,
-36.7832,-7.0647,OSM,BR,,
-36.7806,-7.0629,OSM,BR,,
-36.7778,-7.062,OSM,BR,,
-36.7694,-7.0583,OSM,BR,,
-36.7647,-7.0559,OSM,BR,,
-36.7645,-7.0539,OSM,BR,,
-36.7643,-7.0508,OSM,BR,,
-36.7517,-7.0528,OSM,BR,,
-36.7495,-7.0524,OSM,BR,,
-36.7493,-7.0471,OSM,BR,,
-36.7476,-7.049,OSM,BR,,
-36.7491,-7.0509,OSM,BR,,
-36.7425,-7.0393,OSM,BR,,
-36.7405,-7.0421,OSM,BR,,
-36.733,-7.0454,OSM,BR,,
-36.6681,-7.036,OSM,BR,,
-36.6543,-7.0245,OSM,BR,,
-36.66,-7.0271,OSM,BR,,
-36.6581,-7.0295,OSM,BR,,
-36.4612,-6.7634,OSM,BR,,
-36.4691,-6.7638,OSM,BR,,
-36.4731,-6.7656,OSM,BR,,
-36.5288,-6.6657,OSM,BR,,
-36.5295,-6.6561,OSM,BR,,
-36.5293,-6.6569,OSM,BR,,
-36.5323,-6.6569,OSM,BR,,
-36.5308,-6.6544,OSM,BR,,
-36.5004,-6.7099,OSM,BR,,
-36.5092,-6.7028,OSM,BR,,
-36.5057,-6.7014,OSM,BR,,
-36.5011,-6.703,OSM,BR,,
-36.4446,-6.7038,OSM,BR,,
-36.4479,-6.69,OSM,BR,,
-36.4409,-6.6804,OSM,BR,,
-36.4435,-6.6822,OSM,BR,,
-36.4459,-6.6836,OSM,BR,,
-36.4662,-6.689,OSM,BR,,
-35.9049,-7.7429,OSM,BR,,
-35.9203,-7.7588,OSM,BR,,
-35.9184,-7.7615,OSM,BR,,
-35.9177,-7.7594,OSM,BR,,
-35.9084,-7.7517,OSM,BR,,
-35.9062,-7.7536,OSM,BR,,
-35.905,-7.7568,OSM,BR,,
-35.9079,-7.7551,OSM,BR,,
-35.8994,-7.7699,OSM,BR,,
-35.8969,-7.7733,OSM,BR,,
-35.9097,-7.7648,OSM,BR,,
-35.9141,-7.7654,OSM,BR,,
-35.9116,-7.7668,OSM,BR,,
-35.9104,-7.7688,OSM,BR,,
-35.9082,-7.7681,OSM,BR,,
-35.9068,-7.7686,OSM,BR,,
-35.908,-7.7713,OSM,BR,,
-35.9063,-7.7711,OSM,BR,,
-35.903,-7.7729,OSM,BR,,
-35.901,-7.773,OSM,BR,,
-35.9001,-7.7744,OSM,BR,,
-35.899,-7.7741,OSM,BR,,
-35.8975,-7.776,OSM,BR,,
-35.8903,-7.7736,OSM,BR,,
-35.8882,-7.7768,OSM,BR,,
-36.4376,-6.7962,OSM,BR,,
-36.4263,-6.8004,OSM,BR,,
-36.4233,-6.809,OSM,BR,,
-36.4711,-6.8194,OSM,BR,,
-36.4712,-6.8211,OSM,BR,,
-36.4722,-6.8216,OSM,BR,,
-36.4661,-6.8241,OSM,BR,,
-36.4595,-6.822,OSM,BR,,
-36.457,-6.8235,OSM,BR,,
-36.4583,-6.8247,OSM,BR,,
-36.5077,-6.8582,OSM,BR,,
-36.5311,-6.8484,OSM,BR,,
-36.4858,-6.8018,OSM,BR,,
-36.4851,-6.7977,OSM,BR,,
-36.4763,-6.7967,OSM,BR,,
-36.4763,-6.7994,OSM,BR,,
-36.4833,-6.816,OSM,BR,,
-36.4733,-6.8314,OSM,BR,,
-36.4749,-6.8342,OSM,BR,,
-36.4755,-6.8398,OSM,BR,,
-36.4658,-6.8442,OSM,BR,,
-36.4812,-6.8521,OSM,BR,,
-36.4813,-6.8559,OSM,BR,,
-36.4879,-6.8675,OSM,BR,,
-36.4951,-6.8732,OSM,BR,,
-36.5313,-6.8649,OSM,BR,,
-36.5299,-6.8628,OSM,BR,,
-36.531,-6.8589,OSM,BR,,
-36.5466,-6.8363,OSM,BR,,
-36.5433,-6.775,OSM,BR,,
-36.5392,-6.7767,OSM,BR,,
-36.5416,-6.7878,OSM,BR,,
-36.5497,-6.7957,OSM,BR,,
-36.5522,-6.8005,OSM,BR,,
-36.5669,-6.7974,OSM,BR,,
-36.571,-6.7936,OSM,BR,,
-36.5735,-6.794,OSM,BR,,
-36.5731,-6.7957,OSM,BR,,
-36.5733,-6.8006,OSM,BR,,
-36.5801,-6.797,OSM,BR,,
-36.5928,-6.7992,OSM,BR,,
-36.6027,-6.8118,OSM,BR,,
-36.5991,-6.8433,OSM,BR,,
-36.5876,-6.8497,OSM,BR,,
-36.5923,-6.8513,OSM,BR,,
-36.6475,-6.8076,OSM,BR,,
-36.648,-6.7884,OSM,BR,,
-36.6483,-6.7793,OSM,BR,,
-36.6865,-6.7682,OSM,BR,,
-36.6849,-6.8101,OSM,BR,,
-36.6844,-6.8159,OSM,BR,,
-36.6791,-6.8128,OSM,BR,,
-36.6774,-6.8224,OSM,BR,,
-36.6108,-6.9104,OSM,BR,,
-36.6122,-6.9102,OSM,BR,,
-36.6199,-6.91,OSM,BR,,
-36.6214,-6.9113,OSM,BR,,
-36.6214,-6.9144,OSM,BR,,
-36.6563,-6.8453,OSM,BR,,
-36.669,-6.869,OSM,BR,,
-36.6682,-6.8657,OSM,BR,,
-36.6758,-6.8894,OSM,BR,,
-36.6843,-6.8908,OSM,BR,,
-36.6915,-6.8878,OSM,BR,,
-36.6971,-6.8874,OSM,BR,,
-36.6943,-6.8929,OSM,BR,,
-36.6964,-6.898,OSM,BR,,
-36.698,-6.9004,OSM,BR,,
-36.6914,-6.9046,OSM,BR,,
-36.7218,-6.9088,OSM,BR,,
-36.7244,-6.9093,OSM,BR,,
-36.7264,-6.905,OSM,BR,,
-36.7306,-6.9148,OSM,BR,,
-36.7189,-6.9176,OSM,BR,,
-36.7244,-6.9195,OSM,BR,,
-36.7258,-6.9214,OSM,BR,,
-36.725,-6.922,OSM,BR,,
-36.7238,-6.9288,OSM,BR,,
-36.7178,-6.9306,OSM,BR,,
-36.714,-6.9287,OSM,BR,,
-36.7079,-6.9269,OSM,BR,,
-36.7119,-6.9221,OSM,BR,,
-36.7067,-6.919,OSM,BR,,
-36.7052,-6.9219,OSM,BR,,
-36.7898,-6.9629,OSM,BR,,
-36.7707,-6.9433,OSM,BR,,
-36.6971,-6.9211,OSM,BR,,
-36.6935,-6.9119,OSM,BR,,
-36.6859,-6.9091,OSM,BR,,
-36.6881,-6.9144,OSM,BR,,
-36.6913,-6.9199,OSM,BR,,
-36.6697,-6.9361,OSM,BR,,
-36.6693,-6.9394,OSM,BR,,
-36.6665,-6.9597,OSM,BR,,
-36.6694,-6.9634,OSM,BR,,
-36.6704,-6.9642,OSM,BR,,
-36.6717,-6.9491,OSM,BR,,
-36.6543,-6.9384,OSM,BR,,
-36.6481,-6.9605,OSM,BR,,
-36.6541,-6.9544,OSM,BR,,
-36.7042,-6.9275,OSM,BR,,
-36.6743,-6.898,OSM,BR,,
-36.6727,-6.9016,OSM,BR,,
-36.675,-6.9084,OSM,BR,,
-36.6746,-6.9169,OSM,BR,,
-36.6781,-6.9226,OSM,BR,,
-36.6882,-6.9245,OSM,BR,,
-36.692,-6.9278,OSM,BR,,
-36.6951,-6.9327,OSM,BR,,
-36.6968,-6.9351,OSM,BR,,
-36.695,-6.9353,OSM,BR,,
-36.7015,-6.9422,OSM,BR,,
-36.6996,-6.9411,OSM,BR,,
-36.697,-6.9428,OSM,BR,,
-36.7034,-6.9462,OSM,BR,,
-36.7013,-6.9494,OSM,BR,,
-36.7093,-6.9529,OSM,BR,,
-36.7075,-6.9542,OSM,BR,,
-36.7057,-6.9523,OSM,BR,,
-36.7027,-6.9534,OSM,BR,,
-36.0189,-7.1741,OSM,BR,,
-36.0152,-7.1735,OSM,BR,,
-36.0099,-7.1735,OSM,BR,,
-34.9762,-6.5207,OSM,BR,,
-35.1132,-8.3707,OSM,BR,,
-38.3749,-6.6093,OSM,BR,,
-38.526,-6.8893,OSM,BR,,
-35.4153,-5.8412,OSM,BR,,
-35.4147,-7.1394,OSM,BR,,
-35.7913,-7.1912,OSM,BR,,
-35.3659,-6.0836,OSM,BR,,
-36.2385,-5.1144,OSM,BR,salt,
-37.7924,-6.5169,OSM,BR,,
-36.1878,-6.4609,OSM,BR,,
-36.8312,-7.3068,OSM,BR,limestone,
-35.6026,-8.6846,OSM,BR,,
-36.3241,-8.1838,OSM,BR,,
-36.3922,-6.6015,OSM,BR,,
-36.3877,-6.5559,OSM,BR,,
-36.3958,-6.4566,OSM,BR,,
-35.7624,-8.2745,OSM,BR,,
-36.4426,-6.7774,OSM,BR,,
-36.4197,-6.7752,OSM,BR,,
-36.4237,-6.7675,OSM,BR,,
-35.8168,-5.5283,OSM,BR,,
-36.9748,-6.6882,OSM,BR,,
-36.4716,-6.7472,OSM,BR,,
-36.4654,-6.7495,OSM,BR,,
-37.3455,-7.036,OSM,BR,,
-37.0238,-5.6822,OSM,BR,,
-37.0157,-5.6828,OSM,BR,,
-35.1053,-6.8359,OSM,BR,,
-35.0202,-7.7122,OSM,BR,,
-35.0223,-7.7108,OSM,BR,,
-60.5161,-0.9102,OSM,BR,,
-60.4113,0.9904,OSM,BR,,
-59.8983,-0.6661,OSM,BR,,
-60.1034,-0.7723,OSM,BR,,
-61.5662,-1.5617,OSM,BR,,
-61.6267,-1.4875,OSM,BR,,
-61.6231,-1.4724,OSM,BR,,
-61.638,-1.472,OSM,BR,,
-61.7552,-1.4061,OSM,BR,,
-60.3908,-1.3073,OSM,BR,,
-59.9971,-0.7052,OSM,BR,,
-59.9287,-0.7232,OSM,BR,,
-59.9721,-0.6938,OSM,BR,,
-59.9296,-0.6336,OSM,BR,,
-59.9753,-0.6304,OSM,BR,,
-59.8961,-0.6081,OSM,BR,,
-59.8483,-0.6023,OSM,BR,,
-59.8104,-0.605,OSM,BR,,
-60.1044,-0.7396,OSM,BR,,
-60.1754,-0.7332,OSM,BR,,
-60.1515,-0.7672,OSM,BR,,
-52.3769,-0.8922,OSM,BR,kaolin,
-50.3085,-3.5611,OSM,BR,,
-51.3842,0.6809,OSM,BR,aggregate,
-53.1433,-0.0627,OSM,BR,,
-53.4193,-0.0331,OSM,BR,,
-53.3143,-0.1048,OSM,BR,,
-53.1708,-0.0332,OSM,BR,,
-53.1183,-0.0926,OSM,BR,,
-53.1121,-0.0859,OSM,BR,,
-53.1196,-0.0827,OSM,BR,,
-53.2163,-0.1589,OSM,BR,,
-53.2875,-0.1279,OSM,BR,,
-53.2884,-0.1349,OSM,BR,,
-53.3645,0.162,OSM,BR,,
-53.2364,0.0759,OSM,BR,,
-53.2365,0.0848,OSM,BR,,
-53.1638,-0.0123,OSM,BR,,
-53.144,-0.0438,OSM,BR,,
-52.7568,-0.4293,OSM,BR,,
-52.773,-0.3537,OSM,BR,,
-52.9575,-0.2156,OSM,BR,,
-52.9817,-0.3015,OSM,BR,,
-53.0373,-0.295,OSM,BR,,
-53.0049,-0.3142,OSM,BR,,
-52.9644,-0.2808,OSM,BR,,
-52.9934,-0.2776,OSM,BR,,
-53.0223,-0.29,OSM,BR,,
-53.0414,-0.2611,OSM,BR,,
-53.0449,-0.2522,OSM,BR,,
-53.0508,-0.2378,OSM,BR,,
-53.0507,-0.2325,OSM,BR,,
-53.0254,-0.1967,OSM,BR,,
-53.0261,-0.2014,OSM,BR,,
-53.0247,-0.1879,OSM,BR,,
-53.0231,-0.1856,OSM,BR,,
-53.1882,-0.2284,OSM,BR,,
-53.035,-0.2514,OSM,BR,,
-53.0156,-0.2978,OSM,BR,,
-53.836,0.3547,OSM,BR,,
-53.839,0.3685,OSM,BR,,
-53.6695,0.527,OSM,BR,,
-53.7485,0.5027,OSM,BR,,
-53.7522,0.5053,OSM,BR,,
-53.7709,0.4176,OSM,BR,,
-53.757,0.4027,OSM,BR,,
-53.7044,0.485,OSM,BR,,
-53.6831,0.505,OSM,BR,,
-53.7107,0.5172,OSM,BR,,
-53.7028,0.5245,OSM,BR,,
-53.6478,0.553,OSM,BR,,
-53.6691,0.5633,OSM,BR,,
-53.6709,0.5569,OSM,BR,,
-53.6733,0.5523,OSM,BR,,
-53.8239,0.362,OSM,BR,,
-53.7257,0.5062,OSM,BR,,
-53.6882,0.528,OSM,BR,,
-53.655,0.558,OSM,BR,,
-53.6572,0.5457,OSM,BR,,
-53.7143,0.5139,OSM,BR,,
-53.747,0.3828,OSM,BR,,
-52.9519,-0.2415,OSM,BR,,
-53.2879,-0.0239,OSM,BR,,
-53.2381,-0.0806,OSM,BR,,
-52.834,-0.3256,OSM,BR,,
-52.7621,-0.3376,OSM,BR,,
-52.7438,-0.3335,OSM,BR,,
-52.74,-0.3347,OSM,BR,,
-53.2617,-0.1458,OSM,BR,,
-53.2437,0.055,OSM,BR,,
-53.2084,-0.1842,OSM,BR,,
-53.2172,-0.1889,OSM,BR,,
-53.1843,-0.2263,OSM,BR,,
-53.1808,-0.2237,OSM,BR,,
-53.1144,-0.0133,OSM,BR,,
-51.8894,-3.6546,OSM,BR,,
-51.8416,0.3462,OSM,BR,,
-51.8519,0.3443,OSM,BR,,
-72.777,5.9137,OSM,BR,coal,
-72.7764,5.9133,OSM,BR,coal,
-72.7729,5.9117,OSM,BR,coal,
-72.7725,5.9116,OSM,BR,coal,
-72.7779,5.9134,OSM,BR,coal,
-72.7724,5.9113,OSM,BR,coal,
-72.7727,5.911,OSM,BR,coal,
-72.7718,5.9107,OSM,BR,coal,
-73.0586,5.812,OSM,BR,,
-73.0594,5.8205,OSM,BR,,
-73.0587,5.8063,OSM,BR,,
-73.0581,5.8248,OSM,BR,,
-73.0536,5.8245,OSM,BR,,
-73.0562,5.8246,OSM,BR,,
-73.0007,5.8249,OSM,BR,,
-73.7825,4.4842,OSM,BR,,
-73.9961,4.6562,OSM,BR,,
-73.9931,4.9279,OSM,BR,,
-73.9954,4.9252,OSM,BR,,
-73.9981,4.9063,OSM,BR,,
-72.9958,5.6075,OSM,BR,,
-73.0519,5.8264,OSM,BR,,
-73.6857,5.1396,OSM,BR,,
-73.6903,5.1407,OSM,BR,,
-73.7332,5.2737,OSM,BR,,
-73.7291,5.2719,OSM,BR,aggregate,
-73.7371,5.2641,OSM,BR,,
-73.7392,5.2636,OSM,BR,,
-73.7381,5.2638,OSM,BR,,
-73.7401,5.2632,OSM,BR,,
-73.7416,5.263,OSM,BR,,
-73.7048,5.3423,OSM,BR,coal,
-73.7016,5.3315,OSM,BR,coal,
-73.7036,5.3322,OSM,BR,coal,
-73.7046,5.3199,OSM,BR,coal,
-73.7009,5.3334,OSM,BR,coal,
-73.7223,5.3199,OSM,BR,coal,
-73.7252,5.3201,OSM,BR,coal,
-73.7214,5.3227,OSM,BR,coal,
-73.7362,5.3121,OSM,BR,coal,
-73.7341,5.3093,OSM,BR,coal,
-73.7234,5.3204,OSM,BR,coal,
-73.7201,5.326,OSM,BR,coal,
-73.7175,5.3237,OSM,BR,coal,
-73.7194,5.3255,OSM,BR,coal,
-73.7212,5.3237,OSM,BR,,
-73.7215,5.3257,OSM,BR,coal,
-73.748,5.2985,OSM,BR,coal,
-73.7453,5.2973,OSM,BR,coal,
-73.7558,5.2943,OSM,BR,coal,
-73.7502,5.2958,OSM,BR,coal,
-73.7506,5.295,OSM,BR,coal,
-73.7505,5.2932,OSM,BR,coal,
-73.7539,5.2932,OSM,BR,coal,
-73.7469,5.2981,OSM,BR,coal,
-73.7567,5.292,OSM,BR,coal,
-73.7494,5.2941,OSM,BR,coal,
-73.755,5.2924,OSM,BR,coal,
-73.7433,5.3031,OSM,BR,coal,
-73.7409,5.307,OSM,BR,coal,
-73.7741,5.274,OSM,BR,coal,
-73.7664,5.2841,OSM,BR,coal,
-73.7658,5.2836,OSM,BR,coal,
-73.7681,5.2812,OSM,BR,coal,
-73.766,5.2848,OSM,BR,coal,
-73.7709,5.2784,OSM,BR,coal,
-73.7614,5.2868,OSM,BR,coal,
-73.7661,5.2825,OSM,BR,coal,
-73.761,5.2882,OSM,BR,coal,
-73.7689,5.282,OSM,BR,coal,
-73.7629,5.2884,OSM,BR,coal,
-73.7687,5.2806,OSM,BR,coal,
-73.7613,5.2876,OSM,BR,coal,
-73.698,5.3545,OSM,BR,coal,
-73.6889,5.3572,OSM,BR,coal,
-73.6872,5.3679,OSM,BR,coal,
-73.6919,5.3652,OSM,BR,coal,
-73.7017,5.3433,OSM,BR,coal,
-73.6901,5.3756,OSM,BR,coal,
-73.6895,5.3675,OSM,BR,coal,
-73.693,5.3631,OSM,BR,coal,
-73.6905,5.365,OSM,BR,coal,
-73.6887,5.3685,OSM,BR,coal,
-73.6878,5.3691,OSM,BR,coal,
-73.6987,5.3508,OSM,BR,coal,
-73.7178,5.2693,OSM,BR,aggregate,
-73.7038,5.318,OSM,BR,coal,
-73.6862,5.3691,OSM,BR,coal,
-73.7158,5.2694,OSM,BR,aggregate,
-73.6957,5.3547,OSM,BR,coal,
-73.7001,5.3426,OSM,BR,coal,
-73.6899,5.3578,OSM,BR,coal,
-73.687,5.3752,OSM,BR,coal,
-73.7022,5.3206,OSM,BR,coal,
-73.701,5.3437,OSM,BR,coal,
-73.7034,5.3679,OSM,BR,coal,
-73.6989,5.3545,OSM,BR,coal,
-73.7032,5.3192,OSM,BR,coal,
-73.7177,5.2697,OSM,BR,aggregate,
-73.6938,5.3562,OSM,BR,,
-73.6971,5.3552,OSM,BR,coal,
-73.6964,5.3569,OSM,BR,coal,
-73.6925,5.3567,OSM,BR,coal,
-73.6946,5.3574,OSM,BR,coal,
-73.8002,5.2367,OSM,BR,coal,
-73.8083,5.2298,OSM,BR,coal,
-73.8073,5.2296,OSM,BR,coal,
-73.8066,5.2311,OSM,BR,coal,
-73.8047,5.232,OSM,BR,coal,
-73.7982,5.3517,OSM,BR,aggregate,
-73.8194,5.3406,OSM,BR,aggregate,
-73.7936,5.3482,OSM,BR,aggregate,
-73.797,5.3484,OSM,BR,aggregate,
-73.7973,5.3452,OSM,BR,aggregate,
-73.7968,5.3514,OSM,BR,aggregate,
-73.7957,5.3502,OSM,BR,aggregate,
-73.7975,5.3528,OSM,BR,aggregate,
-73.7992,5.35,OSM,BR,aggregate,
-73.7953,5.3464,OSM,BR,aggregate,
-73.7967,5.3506,OSM,BR,aggregate,
-73.8006,5.3502,OSM,BR,aggregate,
-73.766,5.2379,OSM,BR,limestone,
-73.7632,5.2605,OSM,BR,aggregate,
-73.7881,5.2199,OSM,BR,aggregate,
-73.7772,5.2332,OSM,BR,coal,
-73.777,5.229,OSM,BR,coal,
-73.7764,5.2304,OSM,BR,coal,
-72.9325,5.9921,OSM,BR,,
-73.0575,5.7902,OSM,BR,,
-71.5339,3.8058,OSM,BR,,
-73.8148,4.9421,OSM,BR,,
-71.436,3.7405,OSM,BR,,
-73.9521,4.7107,OSM,BR,,
-73.6913,5.2699,OSM,BR,coal,
-73.7071,5.2499,OSM,BR,coal,
-73.6882,5.2876,OSM,BR,aggregate,
-73.9405,4.9005,OSM,BR,,
-73.9622,4.7034,OSM,BR,aggregate,
-73.9635,4.7023,OSM,BR,aggregate,
-73.933,4.4773,OSM,BR,,
-73.5605,4.7525,OSM,BR,,
-73.4104,3.992,OSM,BR,aggregate,
-73.7564,5.2891,OSM,BR,coal,
-73.7593,5.2858,OSM,BR,coal,
-73.7614,5.2846,OSM,BR,coal,
-73.7579,5.2872,OSM,BR,coal,
-72.9016,5.78,OSM,BR,,
-72.9235,5.7707,OSM,BR,,
-72.9061,5.776,OSM,BR,,
-72.909,5.7753,OSM,BR,,
-72.912,5.7745,OSM,BR,,
-72.908,5.7708,OSM,BR,,
-72.9153,5.77,OSM,BR,,
-73.093,5.7933,OSM,BR,,
-72.9649,5.7165,OSM,BR,,
-73.5522,5.8467,OSM,BR,aggregate,
-73.542,5.847,OSM,BR,aggregate,
-73.5459,5.8483,OSM,BR,aggregate,
-73.5398,5.8468,OSM,BR,aggregate,
-72.9112,5.7728,OSM,BR,,
-72.9052,5.768,OSM,BR,,
-72.9911,5.6902,OSM,BR,,
-72.9909,5.7038,OSM,BR,,
-72.9895,5.6914,OSM,BR,,
-72.9927,5.6913,OSM,BR,,
-73.9903,4.4281,OSM,BR,aggregate,
-73.9876,4.4233,OSM,BR,aggregate,
-72.9443,5.984,OSM,BR,aggregate,
-73.04,5.6109,OSM,BR,,
-73.9077,5.1311,OSM,BR,coal,
-73.9101,5.1338,OSM,BR,aggregate,
-73.9148,5.1638,OSM,BR,coal,
-73.9069,5.1371,OSM,BR,aggregate,
-73.9203,5.1554,OSM,BR,coal,
-73.9319,5.1361,OSM,BR,coal,
-73.9232,5.1446,OSM,BR,coal,
-72.9921,5.734,OSM,BR,,
-73.009,5.6167,OSM,BR,,
-72.867,5.8147,OSM,BR,,
-73.3173,5.378,OSM,BR,,
-73.3276,5.3741,OSM,BR,,
-72.4815,5.2627,OSM,BR,aggregate,
-72.4825,5.2612,OSM,BR,aggregate,
-72.4705,5.2579,OSM,BR,aggregate,
-72.4594,5.2541,OSM,BR,aggregate,
-72.4822,5.2729,OSM,BR,aggregate,
-72.4649,5.2572,OSM,BR,aggregate,
-73.052,5.0045,OSM,BR,,
-73.8532,3.7033,OSM,BR,aggregate,
-73.8235,5.2818,OSM,BR,,
-73.0408,5.7313,OSM,BR,,
-73.0016,5.7031,OSM,BR,,
-72.9971,5.6911,OSM,BR,,
-73.0451,5.7971,OSM,BR,,
-72.951,5.6796,OSM,BR,sand,
-72.76,5.9461,OSM,BR,iron_ore,
-72.9462,5.7518,OSM,BR,,
-73.8125,4.2127,OSM,BR,aggregate,
-73.8332,4.2812,OSM,BR,aggregate,
-73.8792,4.3353,OSM,BR,aggregate,
-73.8802,4.6896,OSM,BR,aggregate,
-73.8809,4.6947,OSM,BR,aggregate,
-73.8818,4.6985,OSM,BR,aggregate,
-73.8955,5.3458,OSM,BR,aggregate,
-73.9002,5.3572,OSM,BR,aggregate,
-73.9046,5.3564,OSM,BR,aggregate,
-73.8938,5.3561,OSM,BR,aggregate,
-73.985,5.1893,OSM,BR,aggregate,
-73.6874,5.1991,OSM,BR,aggregate,
-73.4878,4.9863,OSM,BR,aggregate,
-73.491,4.9862,OSM,BR,aggregate,
-73.819,4.7171,OSM,BR,,
-73.9348,5.6242,OSM,BR,aggregate,
-72.7374,5.9681,OSM,BR,,
-73.3325,5.5364,OSM,BR,,
-72.74,5.9982,OSM,BR,coal,
-72.7436,5.9949,OSM,BR,coal,
-73.3911,5.0019,OSM,BR,aggregate,
-73.9084,4.3881,OSM,BR,aggregate,
-73.9081,4.3783,OSM,BR,aggregate,
-73.7208,4.0217,OSM,BR,aggregate,
-73.7384,4.0349,OSM,BR,aggregate,
-73.7348,4.0368,OSM,BR,aggregate,
-73.7611,4.0472,OSM,BR,aggregate,
-73.7664,4.048,OSM,BR,aggregate,
-73.7667,4.0422,OSM,BR,aggregate,
-73.7533,4.0476,OSM,BR,aggregate,
-73.9603,5.073,OSM,BR,,
-73.9631,5.0556,OSM,BR,,
-73.9705,5.0514,OSM,BR,,
-73.9549,5.0752,OSM,BR,,
-73.9602,5.069,OSM,BR,,
-73.9597,5.0664,OSM,BR,,
-73.9578,5.0613,OSM,BR,,
-73.9593,5.0618,OSM,BR,,
-73.9588,5.0591,OSM,BR,,
-73.9443,5.0748,OSM,BR,,
-73.4696,4.7819,OSM,BR,iron_ore,
-73.9061,4.9519,OSM,BR,,
-73.9036,4.9602,OSM,BR,,
-73.9039,4.9576,OSM,BR,,
-73.875,4.9798,OSM,BR,,
-73.8605,4.9929,OSM,BR,,
-73.855,5.0079,OSM,BR,,
-73.6101,5.2445,OSM,BR,,
-73.6232,5.2435,OSM,BR,,
-73.6186,5.2423,OSM,BR,,
-73.6077,5.2494,OSM,BR,,
-73.6383,5.2287,OSM,BR,,
-73.6089,5.2243,OSM,BR,,
-73.8563,2.0639,OSM,BR,,
-72.3684,5.3531,OSM,BR,gravel;sand;sandstone;concrete,
-73.922,4.5897,OSM,BR,aggregate,
-73.5577,5.7568,OSM,BR,aggregate,
-73.3816,4.8517,OSM,BR,,
-73.3877,4.8431,OSM,BR,,
-73.8964,4.7723,OSM,BR,aggregate,
-73.9263,4.8691,OSM,BR,aggregate,
-73.9109,4.8159,OSM,BR,aggregate,
-73.0971,5.7273,OSM,BR,stone,
-72.8744,5.4891,OSM,BR,,
-72.9412,5.6809,OSM,BR,,
-72.9731,5.6378,OSM,BR,,
-72.974,5.6358,OSM,BR,,
-72.9496,5.6802,OSM,BR,,
-72.9397,5.6351,OSM,BR,,
-72.9387,5.6331,OSM,BR,gravel,
-72.9312,5.704,OSM,BR,,
-72.9298,5.7049,OSM,BR,,
-72.9292,5.7048,OSM,BR,,
-72.9422,5.6255,OSM,BR,,
-72.9342,5.6343,OSM,BR,,
-72.934,5.6311,OSM,BR,,
-72.9243,5.6442,OSM,BR,,
-72.9217,5.6489,OSM,BR,,
-72.9249,5.6492,OSM,BR,,
-72.9304,5.6806,OSM,BR,,
-72.9295,5.6992,OSM,BR,,
-72.9385,5.6951,OSM,BR,sand,
-72.9378,5.6928,OSM,BR,sand,
-72.9476,5.6826,OSM,BR,,
-72.938,5.6914,OSM,BR,sand,
-72.9411,5.6903,OSM,BR,sand,
-72.942,5.6921,OSM,BR,sand,
-72.9423,5.6906,OSM,BR,sand,
-72.9432,5.6886,OSM,BR,,
-72.9435,5.6877,OSM,BR,,
-72.944,5.6875,OSM,BR,,
-72.945,5.6871,OSM,BR,,
-72.9436,5.686,OSM,BR,,
-72.9439,5.6861,OSM,BR,,
-72.9313,5.6883,OSM,BR,,
-72.9308,5.6876,OSM,BR,,
-72.9395,5.6981,OSM,BR,,
-72.9077,5.6926,OSM,BR,,
-72.8964,5.6758,OSM,BR,,
-72.895,5.6747,OSM,BR,,
-72.8704,5.62,OSM,BR,,
-72.8958,5.6068,OSM,BR,,
-72.8941,5.6066,OSM,BR,,
-72.8729,5.6134,OSM,BR,,
-72.8658,5.6022,OSM,BR,,
-72.8674,5.6014,OSM,BR,,
-72.8709,5.5988,OSM,BR,,
-72.8796,5.5863,OSM,BR,,
-72.8851,5.584,OSM,BR,,
-72.8511,5.5584,OSM,BR,,
-72.8462,5.5009,OSM,BR,,
-72.8552,5.4828,OSM,BR,,
-72.8551,5.4822,OSM,BR,,
-72.8615,5.5163,OSM,BR,,
-72.861,5.5116,OSM,BR,,
-72.8665,5.5135,OSM,BR,,
-72.8615,5.526,OSM,BR,,
-72.8788,5.5643,OSM,BR,,
-72.8987,5.5042,OSM,BR,,
-72.9,5.4994,OSM,BR,,
-72.8879,5.5021,OSM,BR,,
-72.887,5.5029,OSM,BR,,
-72.8875,5.5027,OSM,BR,,
-72.8925,5.4978,OSM,BR,,
-72.8889,5.5035,OSM,BR,,
-72.9658,5.4726,OSM,BR,,
-72.97,5.5092,OSM,BR,,
-73.9976,4.6825,OSM,BR,,
-72.9665,5.5049,OSM,BR,,
-72.9648,5.5041,OSM,BR,,
-72.9677,5.5066,OSM,BR,,
-72.9633,5.475,OSM,BR,,
-72.9811,5.4928,OSM,BR,,
-72.9813,5.486,OSM,BR,,
-72.9922,5.5283,OSM,BR,,
-72.9542,5.5334,OSM,BR,,
-72.9473,5.5733,OSM,BR,,
-72.924,5.5861,OSM,BR,,
-72.93,4.588,OSM,BR,,
-72.9219,5.5075,OSM,BR,,
-73.1451,5.3934,OSM,BR,coal,
-72.9907,5.6118,OSM,BR,,
-73.1112,5.4446,OSM,BR,,
-73.111,5.4455,OSM,BR,,
-72.9742,5.6351,OSM,BR,,
-72.9744,5.6359,OSM,BR,,
-72.9506,5.6245,OSM,BR,,
-72.9581,5.6089,OSM,BR,,
-72.9355,5.6,OSM,BR,,
-72.9351,5.6002,OSM,BR,,
-72.9301,5.6034,OSM,BR,,
-73.8033,5.2338,OSM,BR,coal,
-72.9738,5.5951,OSM,BR,,
-73.7655,5.2032,OSM,BR,,
-73.949,4.7167,OSM,BR,,
-73.862,4.5399,OSM,BR,,
-73.2017,4.8186,OSM,BR,,
-73.3987,5.5315,OSM,BR,,
-73.3459,5.6331,OSM,BR,,
-73.3496,5.6312,OSM,BR,,
-73.3278,5.6103,OSM,BR,,
-73.3137,5.6237,OSM,BR,,
-73.3414,5.6424,OSM,BR,,
-72.9459,5.4601,OSM,BR,,
-72.95,5.464,OSM,BR,,
-73.4844,5.7538,OSM,BR,,
-73.4878,5.7528,OSM,BR,,
-73.9173,4.9502,OSM,BR,,
-73.8101,4.936,OSM,BR,,
-73.6465,4.8195,OSM,BR,,
-73.2525,5.9529,OSM,BR,gravel;peat,
-73.6418,4.8158,OSM,BR,,
-71.8707,5.8651,OSM,BR,,
-71.9666,5.0975,OSM,BR,,
-71.9791,5.2585,OSM,BR,,
-71.9727,5.2607,OSM,BR,,
-71.9832,5.2495,OSM,BR,,
-72.0049,5.3491,OSM,BR,,
-72.0269,5.3333,OSM,BR,,
-72.8861,4.8664,OSM,BR,,
-72.7996,4.999,OSM,BR,,
-73.8803,5.1894,OSM,BR,coal,
-73.8819,5.1864,OSM,BR,coal,
-73.8732,5.1944,OSM,BR,coal,
-73.8767,5.1897,OSM,BR,coal,
-72.7603,5.0214,OSM,BR,,
-66.8183,3.8219,OSM,BR,,
-65.9171,4.5636,OSM,BR,,
-66.8183,3.6465,OSM,BR,,
-66.8133,3.6494,OSM,BR,,
-66.92,3.892,OSM,BR,,
-67.583,5.7309,OSM,BR,,
-65.9196,4.5651,OSM,BR,,
-65.925,4.5643,OSM,BR,,
-65.9047,4.5544,OSM,BR,,
-65.9064,4.5572,OSM,BR,,
-65.9099,4.5627,OSM,BR,,
-63.1737,3.5626,OSM,BR,,
-63.1743,3.5651,OSM,BR,,
-59.5649,2.0215,OSM,BR,,
-59.5824,2.0266,OSM,BR,,
-59.584,2.0073,OSM,BR,,
-59.5348,2.015,OSM,BR,,
-59.5614,2.0265,OSM,BR,,
-59.5848,2.0285,OSM,BR,,
-59.5674,2.0179,OSM,BR,,
-59.5807,2.0294,OSM,BR,,
-61.4198,2.3641,OSM,BR,aggregate,
-60.3792,1.0705,OSM,BR,,
-60.3109,5.6902,OSM,BR,,
-60.3074,5.6799,OSM,BR,,
-60.3143,5.6764,OSM,BR,,
-60.3197,5.6759,OSM,BR,,
-60.33,5.6967,OSM,BR,,
-59.0609,5.1631,OSM,BR,,
-59.0793,5.1435,OSM,BR,,
-59.083,5.132,OSM,BR,,
-59.1187,5.1189,OSM,BR,,
-59.072,5.1356,OSM,BR,,
-59.0526,5.1662,OSM,BR,,
-59.0491,5.1761,OSM,BR,,
-59.0072,5.2745,OSM,BR,,
-59.0183,5.2675,OSM,BR,,
-59.0217,5.2391,OSM,BR,,
-59.0163,5.2499,OSM,BR,,
-59.0279,5.2483,OSM,BR,,
-59.0101,5.2497,OSM,BR,,
-59.0076,5.2568,OSM,BR,,
-59.0075,5.2643,OSM,BR,,
-60.3796,1.0719,OSM,BR,,
-61.2657,5.4441,OSM,BR,,
-62.3261,5.9728,OSM,BR,,
-62.3203,5.9765,OSM,BR,,
-62.3219,5.9792,OSM,BR,,
-62.2942,5.8935,OSM,BR,,
-62.8986,6.0168,OSM,BR,,
-62.8516,5.9912,OSM,BR,,
-62.8698,5.9509,OSM,BR,,
-62.8627,5.9602,OSM,BR,,
-62.9075,5.9774,OSM,BR,,
-62.4556,5.1896,OSM,BR,,
-62.4964,5.2347,OSM,BR,,
-61.6303,4.8036,OSM,BR,,
-61.6229,4.7972,OSM,BR,,
-61.4993,4.7029,OSM,BR,,
-62.4038,4.8487,OSM,BR,,
-62.3408,4.7686,OSM,BR,,
-62.343,4.7818,OSM,BR,,
-62.3453,4.7435,OSM,BR,,
-63.6194,2.5116,OSM,BR,,
-59.6432,5.7583,OSM,BR,,
-59.6906,5.6154,OSM,BR,,
-59.7068,5.6362,OSM,BR,,
-63.8835,5.8803,OSM,BR,,
-61.2821,4.9707,OSM,BR,,
-61.3826,4.9675,OSM,BR,,
-61.5689,4.7176,OSM,BR,,
-61.3925,4.92,OSM,BR,,
-63.2338,6.0004,OSM,BR,,
-62.4207,4.8673,OSM,BR,,
-62.4231,4.8712,OSM,BR,,
-63.6225,3.7426,OSM,BR,,
-59.1361,5.2737,OSM,BR,gold,
-59.1328,5.3004,OSM,BR,gold,
-63.6536,2.519,OSM,BR,,
-63.7344,2.5049,OSM,BR,,
-63.7609,2.5268,OSM,BR,,
-63.8509,2.591,OSM,BR,,
-63.2856,3.0115,OSM,BR,,
-63.7207,3.2797,OSM,BR,,
-62.3635,2.364,OSM,BR,,
-63.3069,3.5752,OSM,BR,,
-63.295,3.5834,OSM,BR,,
-63.2806,3.6005,OSM,BR,,
-63.2839,3.6028,OSM,BR,,
-63.2796,3.6077,OSM,BR,,
-63.283,3.6179,OSM,BR,,
-63.276,3.6386,OSM,BR,,
-63.285,3.6378,OSM,BR,,
-63.6684,3.7205,OSM,BR,,
-63.6499,3.7361,OSM,BR,,
-63.6375,3.7385,OSM,BR,,
-63.5733,3.7343,OSM,BR,,
-63.5748,3.7138,OSM,BR,,
-63.564,3.7002,OSM,BR,,
-63.5624,3.6991,OSM,BR,,
-63.5044,3.6851,OSM,BR,,
-63.4878,3.6716,OSM,BR,,
-63.4427,3.6414,OSM,BR,,
-63.3825,3.6238,OSM,BR,,
-63.72,3.1335,OSM,BR,,
-63.7032,3.1246,OSM,BR,,
-63.7782,3.1613,OSM,BR,,
-63.7823,3.1615,OSM,BR,,
-63.7869,3.1649,OSM,BR,,
-63.757,3.2537,OSM,BR,,
-63.7354,3.2534,OSM,BR,,
-63.729,3.2613,OSM,BR,,
-63.579,2.5126,OSM,BR,,
-63.6664,2.5208,OSM,BR,,
-63.7163,2.5057,OSM,BR,,
-63.7868,2.5061,OSM,BR,,
-63.7942,2.5067,OSM,BR,,
-63.7958,2.5242,OSM,BR,,
-63.7826,2.5387,OSM,BR,,
-63.7859,2.526,OSM,BR,,
-63.7294,2.4738,OSM,BR,,
-63.286,3.659,OSM,BR,,
-63.612,2.5127,OSM,BR,,
-63.6086,2.5127,OSM,BR,,
-63.0231,2.6087,OSM,BR,,
-63.0429,2.6202,OSM,BR,,
-63.3191,2.6494,OSM,BR,,
-63.3299,2.6505,OSM,BR,,
-63.3293,2.6539,OSM,BR,,
-63.335,2.6682,OSM,BR,,
-63.3414,2.6752,OSM,BR,,
-63.7836,3.2779,OSM,BR,,
-63.8661,3.2602,OSM,BR,,
-63.8487,3.2733,OSM,BR,,
-63.8805,3.2716,OSM,BR,,
-63.691,3.1047,OSM,BR,,
-63.7692,3.3915,OSM,BR,,
-63.7959,2.5392,OSM,BR,,
-63.7103,2.5068,OSM,BR,,
-63.6224,2.5115,OSM,BR,,
-63.6255,2.5119,OSM,BR,,
-63.0098,2.5981,OSM,BR,,
-63.0159,2.5914,OSM,BR,,
-63.6718,3.7152,OSM,BR,,
-63.6593,3.7238,OSM,BR,,
-63.6582,3.7207,OSM,BR,,
-63.6098,3.7363,OSM,BR,,
-63.5901,3.7433,OSM,BR,,
-63.589,3.7447,OSM,BR,,
-63.597,3.7376,OSM,BR,,
-63.5702,3.7139,OSM,BR,,
-63.5698,3.7182,OSM,BR,,
-63.5354,3.6884,OSM,BR,,
-63.5087,3.6893,OSM,BR,,
-63.4738,3.6586,OSM,BR,,
-63.4763,3.6637,OSM,BR,,
-63.4721,3.6609,OSM,BR,,
-63.4617,3.6623,OSM,BR,,
-63.4619,3.6655,OSM,BR,,
-63.4561,3.652,OSM,BR,,
-63.4472,3.6477,OSM,BR,,
-63.3544,3.6205,OSM,BR,,
-63.3345,3.5909,OSM,BR,,
-63.3044,3.5872,OSM,BR,,
-63.2666,3.6638,OSM,BR,,
-63.267,3.6663,OSM,BR,,
-63.7766,3.1568,OSM,BR,,
-63.7782,3.1577,OSM,BR,,
-62.7767,3.2411,OSM,BR,,
-63.2131,3.6729,OSM,BR,,
-63.7146,3.1349,OSM,BR,,
-63.7618,3.2542,OSM,BR,,
-63.6323,3.7409,OSM,BR,,
-63.626,3.7395,OSM,BR,,
-63.6268,3.7383,OSM,BR,,
-63.5298,3.6885,OSM,BR,,
-63.5187,3.7041,OSM,BR,,
-63.5208,3.7038,OSM,BR,,
-63.5247,3.7056,OSM,BR,,
-63.5182,3.6873,OSM,BR,,
-63.502,3.677,OSM,BR,,
-63.4912,3.6702,OSM,BR,,
-63.4858,3.6691,OSM,BR,,
-63.4618,3.6568,OSM,BR,,
-63.7028,2.5088,OSM,BR,,
-63.7498,2.5058,OSM,BR,,
-63.7651,2.5093,OSM,BR,,
-63.7803,2.5121,OSM,BR,,
-63.5767,2.5103,OSM,BR,,
-63.6269,2.5128,OSM,BR,,
-63.6416,2.5184,OSM,BR,,
-63.7604,3.3028,OSM,BR,,
-62.2098,2.2745,OSM,BR,,
-62.334,2.3453,OSM,BR,,
-63.8553,2.5654,OSM,BR,,
-63.8626,2.581,OSM,BR,,
-63.8108,2.5202,OSM,BR,,
-63.7658,2.5331,OSM,BR,,
-63.7976,2.5792,OSM,BR,,
-63.181,3.5489,OSM,BR,,
-63.1989,3.666,OSM,BR,,
-63.2091,3.6757,OSM,BR,,
-63.2324,3.6684,OSM,BR,,
-63.2531,3.6682,OSM,BR,,
-63.7414,3.5775,OSM,BR,,
-63.7409,3.6015,OSM,BR,,
-63.7341,3.6268,OSM,BR,,
-63.7222,3.6613,OSM,BR,,
-63.0402,2.6032,OSM,BR,,
-63.0379,2.5865,OSM,BR,,
-63.053,2.5981,OSM,BR,,
-63.0631,2.6046,OSM,BR,,
-63.0765,2.596,OSM,BR,,
-63.0314,3.3778,OSM,BR,,
-63.1735,3.5176,OSM,BR,,
-63.407,3.6251,OSM,BR,,
-63.4144,3.627,OSM,BR,,
-63.2437,2.3544,OSM,BR,,
-62.9935,2.6718,OSM,BR,,
-62.9711,2.5896,OSM,BR,,
-62.8492,2.7672,OSM,BR,,
-62.8642,2.7677,OSM,BR,,
-62.8596,2.7666,OSM,BR,,
-63.036,2.6439,OSM,BR,,
-63.0283,2.6641,OSM,BR,,
-62.985,2.6796,OSM,BR,,
-62.9674,2.6891,OSM,BR,,
-62.9872,2.6843,OSM,BR,,
-62.9315,2.7104,OSM,BR,,
-63.5396,3.1091,OSM,BR,,
-63.5373,3.1187,OSM,BR,,
-63.5683,3.6989,OSM,BR,,
-63.365,3.6202,OSM,BR,,
-63.3113,3.5758,OSM,BR,,
-63.286,3.5993,OSM,BR,,
-63.2893,3.5952,OSM,BR,,
-63.236,2.6022,OSM,BR,,
-63.387,3.6143,OSM,BR,,
-63.0209,2.6716,OSM,BR,,
-63.0112,2.6756,OSM,BR,,
-63.0016,2.6793,OSM,BR,,
-63.007,2.6785,OSM,BR,,
-62.9752,2.685,OSM,BR,,
-62.9708,2.6865,OSM,BR,,
-62.8457,2.7641,OSM,BR,,
-62.9041,2.7546,OSM,BR,,
-62.9041,2.7614,OSM,BR,,
-62.8741,2.7589,OSM,BR,,
-62.9133,2.7417,OSM,BR,,
-62.8357,2.7537,OSM,BR,,
-62.348,2.3557,OSM,BR,,
-62.3164,2.3492,OSM,BR,,
-63.7703,3.2972,OSM,BR,,
-62.9391,2.3534,OSM,BR,,
-63.477,2.6126,OSM,BR,,
-63.4814,2.608,OSM,BR,,
-62.5611,2.2986,OSM,BR,,
-62.583,2.3278,OSM,BR,,
-62.588,2.3396,OSM,BR,,
-62.42,2.3488,OSM,BR,,
-63.2793,2.2652,OSM,BR,,
-63.6151,3.7428,OSM,BR,,
-63.1858,3.6535,OSM,BR,,
-63.8022,3.538,OSM,BR,,
-63.6448,2.5194,OSM,BR,,
-63.4724,2.7083,OSM,BR,,
-62.124,3.4096,OSM,BR,,
-62.1056,3.4088,OSM,BR,,
-62.1128,3.4126,OSM,BR,,
-62.1463,3.461,OSM,BR,,
-62.1511,3.4522,OSM,BR,,
-62.1454,3.4504,OSM,BR,,
-62.1493,3.4524,OSM,BR,,
-62.0628,4.1313,OSM,BR,,
-62.0626,4.1332,OSM,BR,,
-62.0474,4.1377,OSM,BR,,
-62.0502,4.1393,OSM,BR,,
-62.0559,4.1409,OSM,BR,,
-62.0574,4.1402,OSM,BR,,
-62.0609,4.1417,OSM,BR,,
-62.0693,4.1446,OSM,BR,,
-62.0707,4.1421,OSM,BR,,
-61.9078,3.4618,OSM,BR,gold,
-61.9087,3.4571,OSM,BR,gold,
-61.9132,3.4501,OSM,BR,gold,
-61.9042,3.4467,OSM,BR,gold,
-61.9174,3.4476,OSM,BR,gold,
-62.8027,3.6739,OSM,BR,,
-63.274,3.6691,OSM,BR,,
-62.7776,3.2387,OSM,BR,,
-63.2844,3.5954,OSM,BR,,
-62.6281,2.2823,OSM,BR,,
-62.3362,2.3584,OSM,BR,,
-62.3661,2.3517,OSM,BR,,
-62.3706,2.357,OSM,BR,,
-62.373,2.3585,OSM,BR,,
-62.9121,2.7303,OSM,BR,,
-63.0942,2.6512,OSM,BR,,
-63.0286,2.607,OSM,BR,,
-63.024,2.5948,OSM,BR,,
-62.8136,2.4298,OSM,BR,,
-62.8159,2.4355,OSM,BR,,
-62.8217,2.4428,OSM,BR,,
-62.8241,2.4395,OSM,BR,,
-62.8163,2.4199,OSM,BR,,
-62.8246,2.4297,OSM,BR,,
-62.8549,2.4597,OSM,BR,,
-63.3636,2.6977,OSM,BR,,
-63.1588,2.9156,OSM,BR,,
-63.1545,2.9047,OSM,BR,,
-62.4084,2.3508,OSM,BR,,
-62.2366,2.2924,OSM,BR,,
-62.2965,2.2897,OSM,BR,,
-62.8618,2.1415,OSM,BR,,
-62.8617,2.1444,OSM,BR,,
-62.8333,2.1324,OSM,BR,,
-62.8573,2.132,OSM,BR,,
-62.4973,2.0871,OSM,BR,,
-62.8085,2.7323,OSM,BR,,
-62.8503,2.7609,OSM,BR,,
-61.8988,3.3837,OSM,BR,,
-61.9075,3.3946,OSM,BR,,
-61.9091,3.3998,OSM,BR,,
-61.9113,3.4042,OSM,BR,,
-62.999,2.573,OSM,BR,,
-63.0238,2.6032,OSM,BR,,
-63.0387,2.6394,OSM,BR,,
-63.6124,3.7363,OSM,BR,,
-63.3629,3.6207,OSM,BR,,
-63.2753,3.6319,OSM,BR,,
-63.7876,3.8985,OSM,BR,,
-63.8623,3.8949,OSM,BR,,
-63.7928,3.851,OSM,BR,,
-63.8099,3.8528,OSM,BR,,
-63.8128,3.8506,OSM,BR,,
-63.8454,3.8598,OSM,BR,,
-63.8677,3.8957,OSM,BR,,
-63.8556,3.8957,OSM,BR,,
-63.8537,3.8962,OSM,BR,,
-63.8564,3.8939,OSM,BR,,
-63.8597,3.891,OSM,BR,,
-63.8312,3.8786,OSM,BR,,
-63.8406,3.884,OSM,BR,,
-63.8619,3.8691,OSM,BR,,
-63.8399,3.8789,OSM,BR,,
-63.8519,3.8785,OSM,BR,,
-63.8581,3.8818,OSM,BR,,
-62.8268,2.1356,OSM,BR,,
-63.2908,3.6202,OSM,BR,,
-63.3457,3.6089,OSM,BR,,
-63.5742,3.7152,OSM,BR,,
-63.2767,3.6316,OSM,BR,,
-63.6342,3.7411,OSM,BR,,
-63.6089,3.7426,OSM,BR,,
-63.6042,3.7393,OSM,BR,,
-63.5991,3.74,OSM,BR,,
-63.5978,3.7399,OSM,BR,,
-63.5909,3.7408,OSM,BR,,
-63.5896,3.7371,OSM,BR,,
-63.5668,3.7203,OSM,BR,,
-63.5727,3.7063,OSM,BR,,
-63.5751,3.703,OSM,BR,,
-63.5662,3.6974,OSM,BR,,
-63.5493,3.6843,OSM,BR,,
-63.5287,3.6847,OSM,BR,,
-63.5261,3.683,OSM,BR,,
-63.4667,3.664,OSM,BR,,
-63.211,3.6769,OSM,BR,,
-63.3544,3.6231,OSM,BR,,
-63.4058,3.6199,OSM,BR,,
-63.4067,3.6204,OSM,BR,,
-63.7904,3.5311,OSM,BR,,
-63.7905,3.5299,OSM,BR,,
-63.7901,3.5301,OSM,BR,,
-63.7442,3.5743,OSM,BR,,
-63.3517,3.593,OSM,BR,,
-63.348,3.5914,OSM,BR,,
-63.7458,3.5668,OSM,BR,,
-63.2673,3.675,OSM,BR,,
-63.2778,3.636,OSM,BR,,
-63.3045,3.5787,OSM,BR,,
-63.4847,3.6671,OSM,BR,,
-63.4738,3.6666,OSM,BR,,
-63.6714,3.718,OSM,BR,,
-63.6723,3.7176,OSM,BR,,
-63.6733,3.717,OSM,BR,,
-63.4582,3.6576,OSM,BR,,
-63.362,3.6163,OSM,BR,,
-63.7805,3.275,OSM,BR,,
-63.7825,3.2843,OSM,BR,,
-63.7829,3.3085,OSM,BR,,
-63.8613,3.2658,OSM,BR,,
-63.903,3.2407,OSM,BR,,
-63.2853,3.6538,OSM,BR,,
-63.3394,3.587,OSM,BR,,
-62.1175,3.4097,OSM,BR,,
-62.8016,3.6662,OSM,BR,,
-63.7736,3.4196,OSM,BR,,
-63.7935,3.3243,OSM,BR,,
-63.7723,3.2671,OSM,BR,,
-63.7486,3.2538,OSM,BR,,
-63.7507,3.2552,OSM,BR,,
-63.7799,3.2704,OSM,BR,,
-63.7774,3.2682,OSM,BR,,
-60.9525,2.4404,OSM,BR,,
-60.2595,5.6148,OSM,BR,,
-60.2622,5.619,OSM,BR,,
-60.2603,5.6121,OSM,BR,,
-60.2715,5.702,OSM,BR,,
-60.2558,5.7158,OSM,BR,,
-59.1047,5.2813,OSM,BR,gold,
-59.1193,5.2646,OSM,BR,gold,
-59.1446,5.2417,OSM,BR,gold,
-61.0129,4.98,OSM,BR,gold,
-61.0032,5.0014,OSM,BR,,
-61.8397,4.2603,OSM,BR,gold,
-61.8355,4.2645,OSM,BR,gold,
-61.9024,4.2428,OSM,BR,gold,
-62.0322,4.2007,OSM,BR,gold,
-62.0033,4.1973,OSM,BR,gold,
-61.8703,4.2376,OSM,BR,gold,
-61.9023,4.2275,OSM,BR,gold,
-61.9048,4.2242,OSM,BR,gold,
-61.9014,4.2181,OSM,BR,gold,
-61.9036,4.2201,OSM,BR,gold,
-61.9537,4.2112,OSM,BR,gold,
-61.965,4.203,OSM,BR,gold,
-62.0545,4.1694,OSM,BR,gold,
-62.0791,4.1763,OSM,BR,gold,
-62.0732,4.1712,OSM,BR,gold,
-62.0793,4.1712,OSM,BR,gold,
-62.0828,4.1725,OSM,BR,gold,
-62.0805,4.1629,OSM,BR,gold,
-62.0798,4.1584,OSM,BR,gold,
-62.1327,4.1794,OSM,BR,gold,
-62.1162,4.1828,OSM,BR,gold,
-62.1143,4.1786,OSM,BR,gold,
-62.1148,4.1769,OSM,BR,gold,
-62.0985,4.1786,OSM,BR,gold,
-62.1005,4.1751,OSM,BR,gold,
-62.0968,4.1749,OSM,BR,gold,
-61.7234,4.3223,OSM,BR,gold,
-61.7344,4.323,OSM,BR,gold,
-61.7338,4.3275,OSM,BR,gold,
-61.7349,4.3259,OSM,BR,gold,
-61.7277,4.3262,OSM,BR,gold,
-61.7322,4.3253,OSM,BR,gold,
-61.7239,4.3318,OSM,BR,gold,
-61.7157,4.3367,OSM,BR,gold,
-61.7188,4.3357,OSM,BR,gold,
-61.7301,4.3401,OSM,BR,gold,
-61.7349,4.3394,OSM,BR,gold,
-61.7345,4.3377,OSM,BR,gold,
-61.7286,4.3335,OSM,BR,gold,
-61.7287,4.3358,OSM,BR,gold,
-61.7289,4.3506,OSM,BR,gold,
-61.7231,4.3479,OSM,BR,gold,
-61.7119,4.3414,OSM,BR,gold,
-61.6981,4.3496,OSM,BR,gold,
-61.717,4.3276,OSM,BR,gold,
-61.7539,4.3222,OSM,BR,gold,
-61.7399,4.3192,OSM,BR,gold,
-61.7383,4.3213,OSM,BR,gold,
-61.7442,4.3207,OSM,BR,gold,
-61.7451,4.3247,OSM,BR,gold,
-61.7448,4.3287,OSM,BR,gold,
-61.7455,4.3298,OSM,BR,gold,
-61.7383,4.332,OSM,BR,gold,
-61.7373,4.3318,OSM,BR,gold,
-61.7388,4.3337,OSM,BR,gold,
-61.7372,4.3338,OSM,BR,gold,
-61.7792,4.2986,OSM,BR,gold,
-61.7779,4.2998,OSM,BR,gold,
-61.8175,4.2707,OSM,BR,gold,
-61.8272,4.2616,OSM,BR,gold,
-61.8372,4.2668,OSM,BR,gold,
-61.8265,4.2573,OSM,BR,gold,
-61.8271,4.2549,OSM,BR,gold,
-61.8317,4.2583,OSM,BR,gold,
-61.8311,4.2685,OSM,BR,gold,
-61.8281,4.2685,OSM,BR,gold,
-61.8246,4.2694,OSM,BR,gold,
-61.7987,4.291,OSM,BR,gold,
-61.7945,4.2963,OSM,BR,gold,
-61.7919,4.2974,OSM,BR,gold,
-61.7874,4.3004,OSM,BR,gold,
-61.8194,4.2756,OSM,BR,gold,
-61.82,4.2748,OSM,BR,gold,
-61.7395,4.306,OSM,BR,gold,
-61.7824,4.2721,OSM,BR,gold,
-61.8114,4.2778,OSM,BR,gold,
-61.761,4.3073,OSM,BR,gold,
-61.7538,4.3122,OSM,BR,gold,
-61.8183,4.2513,OSM,BR,gold,
-61.8222,4.2511,OSM,BR,gold,
-61.7959,4.2615,OSM,BR,gold,
-61.8026,4.2636,OSM,BR,gold,
-62.029,4.1819,OSM,BR,gold,
-61.9417,4.2157,OSM,BR,gold,
-61.9444,4.2137,OSM,BR,gold,
-61.9416,4.2116,OSM,BR,gold,
-61.9324,4.2146,OSM,BR,gold,
-61.9101,4.2273,OSM,BR,gold,
-61.9042,4.2291,OSM,BR,gold,
-61.8942,4.2407,OSM,BR,gold,
-61.8586,4.2531,OSM,BR,gold,
-61.8526,4.2464,OSM,BR,gold,
-61.8425,4.2452,OSM,BR,gold,
-61.8419,4.2411,OSM,BR,gold,
-61.8333,4.2418,OSM,BR,gold,
-61.8374,4.2418,OSM,BR,gold,
-61.8368,4.2503,OSM,BR,gold,
-61.8331,4.2446,OSM,BR,gold,
-61.8052,4.2788,OSM,BR,gold,
-61.7695,4.3512,OSM,BR,gold,
-61.7703,4.3449,OSM,BR,gold,
-61.7898,4.3464,OSM,BR,gold,
-61.7893,4.3447,OSM,BR,gold,
-61.7704,4.3374,OSM,BR,gold,
-61.7675,4.3352,OSM,BR,gold,
-61.7897,4.3234,OSM,BR,gold,
-61.7966,4.3382,OSM,BR,gold,
-61.7963,4.3372,OSM,BR,gold,
-61.7979,4.337,OSM,BR,gold,
-61.7976,4.3311,OSM,BR,gold,
-61.797,4.3294,OSM,BR,gold,
-61.7933,4.333,OSM,BR,gold,
-61.7855,4.3266,OSM,BR,gold,
-61.7868,4.3317,OSM,BR,gold,
-61.7803,4.329,OSM,BR,gold,
-61.8502,4.2787,OSM,BR,gold,
-61.8457,4.2709,OSM,BR,gold,
-61.7777,4.3387,OSM,BR,gold,
-62.2046,4.291,OSM,BR,gold,
-62.1685,4.2092,OSM,BR,gold,
-62.1614,4.2194,OSM,BR,gold,
-62.1612,4.2143,OSM,BR,gold,
-62.1725,4.2294,OSM,BR,gold,
-62.1713,4.2266,OSM,BR,gold,
-62.1668,4.2237,OSM,BR,gold,
-62.1741,4.2276,OSM,BR,gold,
-62.1755,4.2776,OSM,BR,gold,
-62.1669,4.2663,OSM,BR,gold,
-62.1662,4.2684,OSM,BR,gold,
-62.1599,4.2589,OSM,BR,gold,
-62.1502,4.2472,OSM,BR,gold,
-62.1578,4.2375,OSM,BR,gold,
-62.1609,4.2352,OSM,BR,gold,
-62.2736,4.6723,OSM,BR,gold,
-62.2757,4.6684,OSM,BR,gold,
-62.2597,4.6473,OSM,BR,gold,
-62.2545,4.647,OSM,BR,gold,
-62.2538,4.6308,OSM,BR,gold,
-62.2381,4.6065,OSM,BR,gold,
-62.3075,4.6231,OSM,BR,gold,
-62.2846,4.6175,OSM,BR,gold,
-62.2664,4.6015,OSM,BR,gold,
-62.2633,4.5846,OSM,BR,gold,
-62.2668,4.5828,OSM,BR,gold,
-62.2437,4.4683,OSM,BR,gold,
-62.2542,4.4703,OSM,BR,gold,
-62.2671,4.453,OSM,BR,gold,
-62.1797,4.3998,OSM,BR,gold,
-62.1766,4.3973,OSM,BR,gold,
-62.1944,4.4159,OSM,BR,gold,
-62.1982,4.4339,OSM,BR,gold,
-62.2004,4.4331,OSM,BR,gold,
-62.2027,4.4433,OSM,BR,gold,
-62.1969,4.4553,OSM,BR,gold,
-62.1944,4.4834,OSM,BR,gold,
-62.1944,4.4808,OSM,BR,gold,
-62.1983,4.4943,OSM,BR,gold,
-62.1965,4.5033,OSM,BR,gold,
-62.2122,4.5669,OSM,BR,gold,
-62.2139,4.5694,OSM,BR,gold,
-62.2919,4.6915,OSM,BR,gold,
-62.196,4.3469,OSM,BR,gold,
-62.1975,4.3462,OSM,BR,gold,
-62.1859,4.3715,OSM,BR,gold,
-62.1834,4.3876,OSM,BR,gold,
-62.166,4.3411,OSM,BR,gold,
-62.1406,4.2829,OSM,BR,gold,
-62.1442,4.286,OSM,BR,gold,
-62.1487,4.2946,OSM,BR,gold,
-62.1616,4.3007,OSM,BR,gold,
-62.1507,4.302,OSM,BR,gold,
-62.1583,4.3194,OSM,BR,gold,
-62.1558,4.3185,OSM,BR,gold,
-62.1079,4.2761,OSM,BR,gold,
-62.1093,4.276,OSM,BR,gold,
-62.1308,4.2817,OSM,BR,gold,
-62.2515,4.6383,OSM,BR,gold,
-62.1925,4.4285,OSM,BR,gold,
-62.2135,4.5551,OSM,BR,gold,
-62.2287,4.5991,OSM,BR,gold,
-62.1421,4.3019,OSM,BR,gold,
-62.1683,4.3585,OSM,BR,gold,
-62.1794,4.3775,OSM,BR,gold,
-62.1055,4.2726,OSM,BR,gold,
-61.478,4.7405,OSM,BR,gold,
-61.4836,4.7447,OSM,BR,gold,
-61.4877,4.7404,OSM,BR,gold,
-61.4757,4.7483,OSM,BR,gold,
-61.4801,4.7524,OSM,BR,gold,
-61.4936,4.7596,OSM,BR,gold,
-61.4998,4.7313,OSM,BR,gold,
-61.4966,4.7367,OSM,BR,gold,
-61.4984,4.7396,OSM,BR,gold,
-61.508,4.7435,OSM,BR,gold,
-61.4794,4.7347,OSM,BR,gold,
-61.4685,4.7381,OSM,BR,gold,
-61.4701,4.7356,OSM,BR,gold,
-61.4752,4.7662,OSM,BR,gold,
-61.4737,4.7637,OSM,BR,gold,
-61.4695,4.7561,OSM,BR,gold,
-61.4787,4.7573,OSM,BR,gold,
-61.481,4.763,OSM,BR,gold,
-61.4814,4.7661,OSM,BR,gold,
-61.4779,4.7695,OSM,BR,gold,
-61.4696,4.7736,OSM,BR,gold,
-61.4378,4.809,OSM,BR,gold,
-61.4351,4.8134,OSM,BR,gold,
-61.4486,4.8056,OSM,BR,gold,
-61.4541,4.808,OSM,BR,gold,
-61.4612,4.7942,OSM,BR,gold,
-61.4744,4.7946,OSM,BR,gold,
-61.4764,4.7881,OSM,BR,gold,
-61.4683,4.7817,OSM,BR,gold,
-61.4666,4.7794,OSM,BR,gold,
-61.4355,4.831,OSM,BR,gold,
-61.4293,4.821,OSM,BR,gold,
-61.4262,4.8212,OSM,BR,gold,
-61.4393,4.8221,OSM,BR,gold,
-61.4333,4.8657,OSM,BR,gold,
-61.4386,4.8642,OSM,BR,gold,
-61.3928,4.8499,OSM,BR,gold,
-61.3913,4.8458,OSM,BR,gold,
-61.3859,4.8485,OSM,BR,gold,
-61.3899,4.8285,OSM,BR,gold,
-61.3042,4.9688,OSM,BR,gold,
-61.3132,4.9714,OSM,BR,gold,
-61.3096,4.9698,OSM,BR,gold,
-61.3112,4.9674,OSM,BR,gold,
-61.3104,4.9529,OSM,BR,gold,
-61.3163,4.9608,OSM,BR,gold,
-61.3418,4.971,OSM,BR,gold,
-61.3315,4.9647,OSM,BR,gold,
-61.364,4.9676,OSM,BR,gold,
-61.3469,4.8717,OSM,BR,gold,
-61.3403,4.8716,OSM,BR,gold,
-61.3787,4.85,OSM,BR,gold,
-61.3741,4.8546,OSM,BR,gold,
-61.3551,4.8787,OSM,BR,gold,
-61.3771,4.8923,OSM,BR,gold,
-61.36,4.8934,OSM,BR,gold,
-61.3771,4.9135,OSM,BR,gold,
-61.3764,4.9063,OSM,BR,gold,
-61.3694,4.9028,OSM,BR,gold,
-61.2666,4.9475,OSM,BR,gold,
-61.261,4.9367,OSM,BR,gold,
-61.2679,4.9305,OSM,BR,gold,
-61.2401,4.9336,OSM,BR,gold,
-61.2978,4.8714,OSM,BR,gold,
-61.2843,4.8727,OSM,BR,gold,
-61.3475,4.7896,OSM,BR,gold,
-61.3553,4.7947,OSM,BR,gold,
-61.2307,4.9256,OSM,BR,gold,
-61.2209,4.9175,OSM,BR,gold,
-61.2065,4.8678,OSM,BR,gold,
-61.206,4.8625,OSM,BR,gold,
-61.2127,4.8881,OSM,BR,gold,
-61.2276,4.9054,OSM,BR,gold,
-61.2201,4.8844,OSM,BR,gold,
-61.1757,4.7962,OSM,BR,gold,
-61.1754,4.7894,OSM,BR,gold,
-61.1845,4.7781,OSM,BR,gold,
-61.276,4.7659,OSM,BR,gold,
-61.2791,4.7645,OSM,BR,gold,
-61.2768,4.7627,OSM,BR,gold,
-61.2369,4.7632,OSM,BR,gold,
-61.2352,4.8554,OSM,BR,gold,
-61.2701,4.8518,OSM,BR,gold,
-61.2468,4.8493,OSM,BR,gold,
-61.247,4.8529,OSM,BR,gold,
-61.2698,4.8391,OSM,BR,gold,
-61.2853,4.832,OSM,BR,gold,
-61.2808,4.8317,OSM,BR,gold,
-61.2722,4.7834,OSM,BR,gold,
-61.2665,4.784,OSM,BR,gold,
-61.2613,4.7607,OSM,BR,gold,
-61.2995,4.7547,OSM,BR,gold,
-61.3033,4.7545,OSM,BR,gold,
-61.2912,4.7606,OSM,BR,gold,
-61.284,4.761,OSM,BR,gold,
-61.2594,4.7822,OSM,BR,gold,
-61.2497,4.7809,OSM,BR,gold,
-61.2497,4.7845,OSM,BR,gold,
-61.147,4.7564,OSM,BR,gold,
-61.1393,4.7971,OSM,BR,gold,
-61.1481,4.8074,OSM,BR,gold,
-61.1515,4.83,OSM,BR,gold,
-61.1637,4.8371,OSM,BR,gold,
-61.1577,4.8275,OSM,BR,gold,
-61.1693,4.8137,OSM,BR,gold,
-61.129,4.5863,OSM,BR,gold,
-61.1327,4.5936,OSM,BR,gold,
-61.1102,4.6248,OSM,BR,gold,
-61.1006,4.6193,OSM,BR,gold,
-61.1583,4.7668,OSM,BR,gold,
-61.1875,4.7362,OSM,BR,gold,
-61.1778,4.7392,OSM,BR,gold,
-61.1743,4.7366,OSM,BR,gold,
-61.1648,4.7386,OSM,BR,gold,
-61.1343,4.7328,OSM,BR,gold,
-61.1446,4.7248,OSM,BR,gold,
-61.1634,4.7264,OSM,BR,gold,
-61.1506,4.7213,OSM,BR,gold,
-61.1612,4.7026,OSM,BR,gold,
-61.148,4.6972,OSM,BR,gold,
-61.1464,4.7056,OSM,BR,gold,
-61.1147,4.7196,OSM,BR,gold,
-61.1316,4.6988,OSM,BR,gold,
-61.1185,4.7018,OSM,BR,gold,
-61.1405,4.6684,OSM,BR,gold,
-61.1399,4.6708,OSM,BR,gold,
-61.1218,4.6743,OSM,BR,gold,
-61.0822,4.6366,OSM,BR,gold,
-61.7474,4.3553,OSM,BR,gold,
-61.75,4.343,OSM,BR,gold,
-61.7628,4.4323,OSM,BR,,
-61.735,4.4258,OSM,BR,gold,
-61.7448,4.4212,OSM,BR,gold,
-61.755,4.4185,OSM,BR,gold,
-61.7537,4.4152,OSM,BR,gold,
-61.758,4.412,OSM,BR,gold,
-61.7561,4.4088,OSM,BR,gold,
-61.756,4.3977,OSM,BR,gold,
-61.7614,4.3974,OSM,BR,gold,
-61.7615,4.3852,OSM,BR,gold,
-61.764,4.3836,OSM,BR,gold,
-61.7659,4.3786,OSM,BR,gold,
-61.7847,4.3587,OSM,BR,gold,
-61.7222,4.4282,OSM,BR,gold,
-61.6717,4.4614,OSM,BR,gold,
-61.676,4.4564,OSM,BR,gold,
-61.6817,4.4611,OSM,BR,gold,
-61.6959,4.459,OSM,BR,gold,
-61.6993,4.4446,OSM,BR,gold,
-61.7001,4.4474,OSM,BR,gold,
-61.7103,4.4438,OSM,BR,gold,
-61.728,4.4272,OSM,BR,gold,
-61.6213,4.4535,OSM,BR,gold,
-61.6193,4.4605,OSM,BR,gold,
-61.6262,4.4894,OSM,BR,gold,
-61.639,4.4846,OSM,BR,gold,
-61.6601,4.4708,OSM,BR,gold,
-61.6344,4.4435,OSM,BR,gold,
-61.6244,4.4492,OSM,BR,gold,
-61.5709,4.4812,OSM,BR,gold,
-61.5772,4.4816,OSM,BR,gold,
-61.5797,4.4776,OSM,BR,gold,
-61.5798,4.4747,OSM,BR,gold,
-61.5763,4.4746,OSM,BR,gold,
-61.573,4.4758,OSM,BR,gold,
-61.5726,4.4756,OSM,BR,gold,
-61.5788,4.4676,OSM,BR,gold,
-61.5797,4.4607,OSM,BR,gold,
-61.5817,4.4571,OSM,BR,gold,
-61.5815,4.4542,OSM,BR,gold,
-61.5817,4.4554,OSM,BR,gold,
-61.5728,4.459,OSM,BR,gold,
-61.5754,4.4618,OSM,BR,gold,
-61.5774,4.4621,OSM,BR,gold,
-61.5763,4.4641,OSM,BR,gold,
-61.5712,4.465,OSM,BR,gold,
-61.5615,4.4658,OSM,BR,gold,
-61.5619,4.5094,OSM,BR,gold,
-61.5636,4.5087,OSM,BR,gold,
-61.5602,4.4932,OSM,BR,gold,
-61.5608,4.491,OSM,BR,gold,
-61.5375,4.4833,OSM,BR,gold,
-61.5382,4.4823,OSM,BR,gold,
-61.5387,4.4882,OSM,BR,gold,
-61.5371,4.4907,OSM,BR,gold,
-61.5494,4.5057,OSM,BR,gold,
-61.5484,4.5058,OSM,BR,gold,
-61.5478,4.5062,OSM,BR,gold,
-61.5471,4.505,OSM,BR,gold,
-61.5461,4.5036,OSM,BR,gold,
-61.4137,4.6382,OSM,BR,gold,
-61.4525,4.589,OSM,BR,gold,
-61.4571,4.5844,OSM,BR,gold,
-61.4665,4.5769,OSM,BR,gold,
-61.4608,4.5711,OSM,BR,gold,
-61.4516,4.5781,OSM,BR,gold,
-61.5555,4.5615,OSM,BR,gold,
-61.5536,4.5578,OSM,BR,gold,
-61.5552,4.5554,OSM,BR,gold,
-61.5515,4.5692,OSM,BR,gold,
-61.5489,4.5702,OSM,BR,gold,
-61.5282,4.5708,OSM,BR,gold,
-61.5324,4.576,OSM,BR,gold,
-61.5353,4.5698,OSM,BR,gold,
-61.5288,4.5667,OSM,BR,gold,
-61.5271,4.5664,OSM,BR,gold,
-61.5242,4.5658,OSM,BR,gold,
-61.5262,4.5429,OSM,BR,gold,
-61.5235,4.5425,OSM,BR,gold,
-61.5135,4.5452,OSM,BR,gold,
-61.519,4.5444,OSM,BR,gold,
-61.4883,4.5897,OSM,BR,gold,
-61.4911,4.5873,OSM,BR,gold,
-61.4734,4.6109,OSM,BR,gold,
-61.4487,4.6117,OSM,BR,gold,
-61.4555,4.6024,OSM,BR,gold,
-61.4257,4.5502,OSM,BR,gold,
-61.4241,4.5483,OSM,BR,gold,
-61.4263,4.5475,OSM,BR,gold,
-61.844,4.3119,OSM,BR,gold,
-61.8462,4.3089,OSM,BR,gold,
-61.6357,4.5172,OSM,BR,gold,
-61.6313,4.519,OSM,BR,gold,
-61.6159,4.5312,OSM,BR,gold,
-61.6926,4.6075,OSM,BR,gold,
-61.8962,5.3195,OSM,BR,gold,
-61.8558,5.2165,OSM,BR,gold,
-61.8653,5.2243,OSM,BR,gold,
-61.8607,5.2082,OSM,BR,gold,
-61.8589,5.1792,OSM,BR,gold,
-61.8063,5.1251,OSM,BR,gold,
-61.8122,5.1111,OSM,BR,gold,
-61.7705,5.0363,OSM,BR,gold,
-61.7784,5.032,OSM,BR,gold,
-62.283,5.6392,OSM,BR,,
-62.2835,5.6379,OSM,BR,,
-62.2798,5.6439,OSM,BR,,
-62.2811,5.6414,OSM,BR,,
-63.1375,5.217,OSM,BR,,
-63.1366,5.2168,OSM,BR,,
-62.9703,5.4748,OSM,BR,,
-63.6714,5.588,OSM,BR,,
-53.9916,5.0906,OSM,BR,,
-52.3153,4.9077,OSM,BR,sand;gravel,
-52.3959,4.7041,OSM,BR,,
-52.435,4.7456,OSM,BR,,
-53.0094,5.4237,OSM,BR,,
-51.8742,3.9805,OSM,BR,,
-52.7704,5.1029,OSM,BR,,
-53.2028,3.6251,OSM,BR,,
-53.963,5.3555,OSM,BR,,
-53.2704,4.8306,OSM,BR,,
-53.2837,4.8139,OSM,BR,,
-53.2697,4.7871,OSM,BR,,
-53.2969,4.8317,OSM,BR,,
-53.2557,4.8014,OSM,BR,,
-52.4403,4.9524,OSM,BR,,
-52.5855,5.0047,OSM,BR,,
-53.9811,3.6915,OSM,BR,,
-53.9739,3.6919,OSM,BR,,
-53.9737,3.6988,OSM,BR,,
-52.3015,4.3108,OSM,BR,,
-52.3469,4.3281,OSM,BR,,
-52.3182,4.3177,OSM,BR,,
-52.3154,4.2677,OSM,BR,,
-52.3007,4.3066,OSM,BR,,
-52.3094,4.3124,OSM,BR,,
-52.3062,4.3183,OSM,BR,,
-52.2896,4.2894,OSM,BR,,
-52.4766,3.2262,OSM,BR,gold,
-52.4821,3.2378,OSM,BR,gold,
-52.5004,3.2305,OSM,BR,gold,
-52.5156,3.234,OSM,BR,gold,
-52.5022,3.2407,OSM,BR,gold,
-52.5141,3.2415,OSM,BR,gold,
-52.4753,3.2207,OSM,BR,gold,
-52.4713,3.225,OSM,BR,gold,
-52.4669,3.2254,OSM,BR,gold,
-52.4576,3.2319,OSM,BR,gold,
-52.4669,3.2369,OSM,BR,gold,
-52.4498,3.2298,OSM,BR,gold,
-52.4528,3.2322,OSM,BR,gold,
-52.5006,3.2128,OSM,BR,gold,
-52.4984,3.2165,OSM,BR,gold,
-52.4897,3.1942,OSM,BR,gold,
-52.4946,3.2047,OSM,BR,gold,
-52.4918,3.2074,OSM,BR,gold,
-52.4916,3.2098,OSM,BR,gold,
-52.3398,4.8282,OSM,BR,,
-53.1967,5.007,OSM,BR,,
-53.1446,5.0159,OSM,BR,,
-54.0005,5.1037,OSM,BR,,
-53.9887,5.0899,OSM,BR,,
-53.9782,5.067,OSM,BR,,
-53.9781,5.0712,OSM,BR,,
-52.4296,4.1502,OSM,BR,,
-52.4791,4.1361,OSM,BR,gold,
-52.5437,4.1509,OSM,BR,,
-52.4941,4.208,OSM,BR,,
-52.4582,4.1984,OSM,BR,,
-52.6193,4.1906,OSM,BR,,
-52.4153,4.482,OSM,BR,,
-52.3976,4.4985,OSM,BR,,
-52.5682,4.2668,OSM,BR,,
-52.535,4.2608,OSM,BR,,
-52.2912,3.2124,OSM,BR,gold,
-52.2937,3.206,OSM,BR,gold,
-52.4083,4.1526,OSM,BR,,
-52.5283,4.0935,OSM,BR,gold,
-52.5201,4.0923,OSM,BR,gold,
-52.5604,4.0354,OSM,BR,gold,
-52.4591,4.0635,OSM,BR,gold,
-52.4578,4.0667,OSM,BR,gold,
-52.4635,4.0686,OSM,BR,gold,
-53.1931,4.857,OSM,BR,,
-53.175,4.832,OSM,BR,,
-52.5122,4.2202,OSM,BR,,
-52.5069,4.2211,OSM,BR,,
-53.0805,4.758,OSM,BR,,
-52.1146,4.0358,OSM,BR,,
-52.4303,4.197,OSM,BR,,
-52.4122,4.1863,OSM,BR,,
-52.5448,4.0611,OSM,BR,,
-52.2482,3.2573,OSM,BR,,
-52.8537,3.2461,OSM,BR,,
-52.8586,3.2511,OSM,BR,,
-52.8626,3.2568,OSM,BR,,
-52.7533,3.3059,OSM,BR,,
-52.7742,3.3076,OSM,BR,,
-52.7423,3.2831,OSM,BR,,
-52.6755,5.1534,OSM,BR,,
-52.9044,3.3687,OSM,BR,,
-52.8051,3.3722,OSM,BR,,
-52.5851,5.1005,OSM,BR,,
-53.2895,4.8506,OSM,BR,,
-53.1244,4.7697,OSM,BR,,
-53.1232,4.7736,OSM,BR,,
-53.1407,4.7804,OSM,BR,,
-53.1498,4.7817,OSM,BR,,
-53.1519,4.8044,OSM,BR,,
-53.1545,4.8034,OSM,BR,,
-53.1573,4.8031,OSM,BR,,
-53.1579,4.805,OSM,BR,,
-53.122,2.36,OSM,BR,,
-53.1047,2.3595,OSM,BR,,
-52.9102,3.411,OSM,BR,,
-53.0371,3.2874,OSM,BR,,
-53.0291,3.283,OSM,BR,,
-53.0377,3.2799,OSM,BR,,
-53.0395,3.2689,OSM,BR,,
-52.9669,3.1749,OSM,BR,,
-53.7513,3.4003,OSM,BR,,
-53.5885,3.7537,OSM,BR,,
-53.5554,3.7174,OSM,BR,,
-53.5343,3.6872,OSM,BR,,
-53.534,3.7008,OSM,BR,,
-53.5087,3.7244,OSM,BR,,
-53.5246,3.7259,OSM,BR,,
-53.5236,3.7418,OSM,BR,,
-53.5367,3.7456,OSM,BR,,
-53.5697,3.7634,OSM,BR,,
-53.5866,3.767,OSM,BR,,
-53.3782,3.851,OSM,BR,,
-53.3975,3.8776,OSM,BR,,
-53.3699,3.8575,OSM,BR,,
-53.3683,3.8493,OSM,BR,,
-53.3371,3.856,OSM,BR,,
-53.2518,4.8637,OSM,BR,,
-53.2679,4.8685,OSM,BR,,
-53.2755,4.8591,OSM,BR,,
-53.2858,4.8648,OSM,BR,,
-53.2636,4.888,OSM,BR,gold,
-53.2609,4.8205,OSM,BR,,
-53.2573,4.8106,OSM,BR,,
-53.2714,4.8464,OSM,BR,,
-53.275,4.8407,OSM,BR,,
-53.249,4.8434,OSM,BR,,
-53.2311,4.8479,OSM,BR,,
-53.2343,4.8647,OSM,BR,,
-53.2609,4.7989,OSM,BR,,
-53.2604,4.7992,OSM,BR,,
-53.2607,4.8099,OSM,BR,,
-53.265,4.8093,OSM,BR,,
-53.2694,4.8056,OSM,BR,,
-53.2547,4.793,OSM,BR,,
-53.2559,4.7752,OSM,BR,,
-53.3024,4.8035,OSM,BR,,
-53.2765,4.7617,OSM,BR,,
-53.2581,4.7668,OSM,BR,,
-53.2573,4.7532,OSM,BR,,
-53.4638,4.9294,OSM,BR,,
-53.4658,4.9314,OSM,BR,,
-53.5101,4.9997,OSM,BR,,
-53.5168,5.0096,OSM,BR,,
-53.3867,4.919,OSM,BR,,
-53.3847,4.9166,OSM,BR,,
-53.3752,4.9147,OSM,BR,,
-53.4353,4.9358,OSM,BR,,
-53.4258,4.936,OSM,BR,,
-53.4229,4.9305,OSM,BR,,
-53.4172,4.9238,OSM,BR,,
-53.4143,4.9284,OSM,BR,,
-53.4114,4.9287,OSM,BR,,
-53.2972,4.8577,OSM,BR,,
-53.5703,3.6109,OSM,BR,,
-53.5602,3.6108,OSM,BR,,
-53.5949,3.5846,OSM,BR,,
-53.6199,3.6947,OSM,BR,,
-53.7067,3.655,OSM,BR,,
-53.7067,3.6282,OSM,BR,,
-53.705,3.6191,OSM,BR,,
-53.692,3.6114,OSM,BR,,
-53.5967,3.6312,OSM,BR,,
-53.6256,3.6366,OSM,BR,,
-53.6234,3.6453,OSM,BR,,
-53.6264,3.6443,OSM,BR,,
-53.6116,3.647,OSM,BR,,
-53.62,3.6556,OSM,BR,,
-53.6355,3.6634,OSM,BR,,
-53.6342,3.6659,OSM,BR,,
-53.6364,3.6376,OSM,BR,,
-53.4921,3.6253,OSM,BR,,
-53.4922,3.6029,OSM,BR,,
-53.5191,3.6568,OSM,BR,,
-53.9231,3.8076,OSM,BR,,
-53.906,3.8491,OSM,BR,,
-53.9063,3.8548,OSM,BR,,
-53.8911,3.8365,OSM,BR,,
-53.8805,3.8484,OSM,BR,,
-53.8754,3.8515,OSM,BR,,
-53.774,3.797,OSM,BR,,
-53.7692,3.7875,OSM,BR,,
-53.5966,3.8453,OSM,BR,,
-53.5769,3.8253,OSM,BR,,
-53.5227,3.7839,OSM,BR,,
-53.5296,3.7849,OSM,BR,,
-53.5395,3.7952,OSM,BR,,
-53.5498,3.8254,OSM,BR,,
-53.5622,3.829,OSM,BR,,
-53.4038,3.8555,OSM,BR,,
-53.7838,3.7645,OSM,BR,,
-53.7914,3.763,OSM,BR,,
-53.5014,3.9697,OSM,BR,,
-53.4882,3.9627,OSM,BR,,
-53.4531,3.9466,OSM,BR,,
-53.5878,3.9631,OSM,BR,,
-53.5957,3.9652,OSM,BR,,
-53.605,3.9655,OSM,BR,,
-53.5864,3.9325,OSM,BR,,
-53.5613,3.9223,OSM,BR,,
-53.5708,3.9116,OSM,BR,,
-53.5742,3.8741,OSM,BR,,
-53.5718,3.8717,OSM,BR,,
-53.8741,3.8598,OSM,BR,,
-53.8926,3.8617,OSM,BR,,
-53.9936,3.8668,OSM,BR,,
-52.8033,3.2504,OSM,BR,,
-52.7836,3.252,OSM,BR,,
-52.8462,3.2214,OSM,BR,,
-52.8448,3.2472,OSM,BR,,
-52.8743,3.2522,OSM,BR,,
-52.8746,3.2556,OSM,BR,,
-52.8896,3.2586,OSM,BR,,
-53.9654,5.0727,OSM,BR,,
-53.939,4.8251,OSM,BR,,
-53.843,4.8636,OSM,BR,,
-53.8433,4.8356,OSM,BR,,
-53.8608,4.8518,OSM,BR,,
-53.8426,4.8482,OSM,BR,,
-53.8804,4.8541,OSM,BR,,
-53.7426,5.0196,OSM,BR,,
-53.7377,5.0182,OSM,BR,,
-53.7422,5.0303,OSM,BR,,
-53.7477,5.0546,OSM,BR,,
-53.6741,5.0468,OSM,BR,gold,
-53.7146,5.0383,OSM,BR,gold,
-53.5982,5.022,OSM,BR,,
-53.5682,4.9973,OSM,BR,,
-53.5607,4.9907,OSM,BR,,
-53.5593,4.9886,OSM,BR,,
-53.5867,5.0583,OSM,BR,,
-53.5964,5.057,OSM,BR,,
-53.5843,5.0075,OSM,BR,,
-53.9641,4.8652,OSM,BR,,
-53.77,4.7556,OSM,BR,,
-53.7654,4.726,OSM,BR,,
-53.7713,4.7201,OSM,BR,,
-53.7611,4.7098,OSM,BR,,
-53.82,4.6918,OSM,BR,,
-53.8236,4.7351,OSM,BR,,
-53.8013,4.739,OSM,BR,,
-53.8005,4.7476,OSM,BR,,
-53.8196,4.7584,OSM,BR,,
-53.7786,4.7348,OSM,BR,,
-53.7947,4.8278,OSM,BR,,
-53.8074,4.7663,OSM,BR,,
-53.774,4.7698,OSM,BR,,
-53.7924,4.7866,OSM,BR,,
-53.8165,4.8107,OSM,BR,,
-53.8148,4.8181,OSM,BR,,
-53.8124,4.8224,OSM,BR,,
-53.6754,4.7394,OSM,BR,,
-53.8318,4.7033,OSM,BR,,
-53.8335,4.7234,OSM,BR,,
-53.8257,4.7376,OSM,BR,,
-53.851,4.7428,OSM,BR,,
-53.8488,4.7512,OSM,BR,,
-53.8761,4.7477,OSM,BR,,
-53.8845,4.7473,OSM,BR,,
-53.9078,4.7159,OSM,BR,,
-53.9008,4.7305,OSM,BR,,
-53.8876,4.69,OSM,BR,,
-53.9117,4.6706,OSM,BR,,
-53.9525,4.7429,OSM,BR,,
-53.9594,4.7402,OSM,BR,,
-53.9636,4.7359,OSM,BR,,
-53.9506,4.7363,OSM,BR,,
-53.9407,4.7316,OSM,BR,,
-53.9529,4.7202,OSM,BR,,
-53.9568,4.7127,OSM,BR,,
-53.9538,4.7208,OSM,BR,,
-53.9491,4.7051,OSM,BR,,
-53.9784,4.7552,OSM,BR,,
-53.9444,4.7451,OSM,BR,,
-53.9379,4.742,OSM,BR,,
-53.9341,4.7418,OSM,BR,,
-53.9271,4.7424,OSM,BR,,
-53.923,4.74,OSM,BR,,
-53.9177,4.7406,OSM,BR,,
-53.9165,4.7325,OSM,BR,,
-53.9208,4.7186,OSM,BR,,
-53.9171,4.6712,OSM,BR,,
-53.9562,4.8216,OSM,BR,,
-53.947,4.8249,OSM,BR,,
-53.9833,4.7714,OSM,BR,,
-53.9797,4.777,OSM,BR,,
-53.8313,4.7943,OSM,BR,,
-53.8445,4.7791,OSM,BR,,
-53.8538,4.7699,OSM,BR,,
-53.8635,4.7641,OSM,BR,,
-53.9202,5.0194,OSM,BR,,
-53.9261,5.0206,OSM,BR,,
-53.9366,5.0249,OSM,BR,,
-53.9618,5.0332,OSM,BR,,
-53.9544,5.0383,OSM,BR,,
-53.9164,5.0764,OSM,BR,gold,
-53.938,5.0645,OSM,BR,,
-53.9464,5.0648,OSM,BR,,
-53.9512,5.053,OSM,BR,,
-53.9419,5.0581,OSM,BR,,
-53.9137,5.079,OSM,BR,,
-53.8946,5.0673,OSM,BR,,
-53.8873,5.0659,OSM,BR,,
-53.8687,5.0638,OSM,BR,,
-53.8344,5.0702,OSM,BR,,
-53.8669,5.0093,OSM,BR,,
-53.8574,5.0245,OSM,BR,,
-53.8395,4.993,OSM,BR,,
-53.8514,4.9946,OSM,BR,,
-53.8512,5.0004,OSM,BR,,
-53.9378,4.9467,OSM,BR,,
-53.9266,4.8509,OSM,BR,,
-53.9287,4.8892,OSM,BR,,
-53.9391,4.8993,OSM,BR,,
-53.9502,4.908,OSM,BR,,
-53.9683,4.8656,OSM,BR,,
-53.983,4.8503,OSM,BR,,
-53.9955,4.8401,OSM,BR,,
-53.8371,4.8624,OSM,BR,,
-52.8738,4.8405,OSM,BR,,
-52.548,4.0898,OSM,BR,,
-52.8725,5.3194,OSM,BR,sand,
-53.2513,4.7426,OSM,BR,,
-53.2595,4.7396,OSM,BR,,
-53.2324,4.7984,OSM,BR,,
-53.2359,4.799,OSM,BR,,
-53.2357,4.7855,OSM,BR,,
-53.2227,4.7943,OSM,BR,,
-53.165,4.7901,OSM,BR,,
-53.1626,4.7988,OSM,BR,,
-53.1715,4.7922,OSM,BR,,
-53.1718,4.8084,OSM,BR,,
-52.297,4.3956,OSM,BR,,
-52.0628,2.9123,OSM,BR,,
-52.0675,2.9006,OSM,BR,,
-51.7207,2.4528,OSM,BR,,
-51.7292,2.4576,OSM,BR,,
-51.5968,3.0785,OSM,BR,,
-51.5682,3.0794,OSM,BR,,
-51.5622,3.0803,OSM,BR,,
-51.5602,3.0814,OSM,BR,,
-51.5617,3.0781,OSM,BR,,
-51.5605,3.0758,OSM,BR,,
-51.5566,3.0717,OSM,BR,,
-52.4021,4.5677,OSM,BR,,
-52.4085,4.5665,OSM,BR,,
-52.4071,4.5773,OSM,BR,,
-52.4148,4.5752,OSM,BR,,
-52.4206,4.5723,OSM,BR,,
-52.4002,4.5751,OSM,BR,,
-52.4165,4.5942,OSM,BR,,
-52.386,4.5941,OSM,BR,,
-52.3909,4.5799,OSM,BR,,
-52.6172,4.2359,OSM,BR,,
-52.6214,4.204,OSM,BR,,
-52.6302,4.2256,OSM,BR,,
-52.6386,4.2328,OSM,BR,,
-52.6423,4.2367,OSM,BR,,
-52.8845,4.804,OSM,BR,,
-52.8817,4.7938,OSM,BR,,
-52.8985,4.7816,OSM,BR,,
-53.1786,3.3614,OSM,BR,,
-52.291,4.8951,OSM,BR,clay,
-52.998,4.8686,OSM,BR,gold,
-52.4653,4.4828,OSM,BR,,
-53.9552,3.7151,OSM,BR,,
-53.5242,5.1078,OSM,BR,gold,
-53.5687,5.0942,OSM,BR,gold,
-53.5586,5.0948,OSM,BR,gold,
-53.5405,5.0713,OSM,BR,gold,
-53.623,5.152,OSM,BR,gold,
-53.635,5.166,OSM,BR,gold,
-53.3603,3.8821,OSM,BR,gold,
-53.2403,3.8332,OSM,BR,gold,
-53.2658,3.8195,OSM,BR,gold,
-53.2777,3.8104,OSM,BR,gold,
-53.9421,5.0986,OSM,BR,gold,
-53.9572,5.0987,OSM,BR,gold,
-53.8777,5.0695,OSM,BR,gold,
-53.8978,5.0724,OSM,BR,gold,
-53.9164,5.0764,OSM,BR,gold,
-53.8794,5.082,OSM,BR,gold,
-53.758,5.0842,OSM,BR,gold,
-53.7044,5.0796,OSM,BR,gold,
-52.4327,4.7719,OSM,BR,,
-52.4351,4.7701,OSM,BR,,
-52.5935,4.2496,OSM,BR,,
-52.5943,4.2577,OSM,BR,,
-53.0981,5.3445,OSM,BR,,
-53.586,5.4246,OSM,BR,,
-52.4891,4.2926,OSM,BR,,
-52.4991,4.2685,OSM,BR,,
-52.5038,4.2708,OSM,BR,,
-52.4861,4.2726,OSM,BR,,
-52.4675,4.2561,OSM,BR,,
-52.3935,4.4916,OSM,BR,,
-52.6464,4.5433,OSM,BR,,
-52.3196,4.3646,OSM,BR,,
-52.3017,4.3291,OSM,BR,,
-52.3075,4.3249,OSM,BR,,
-52.0949,4.2649,OSM,BR,,
-51.9801,4.2227,OSM,BR,,
-51.9862,4.2254,OSM,BR,,
-51.9919,4.2296,OSM,BR,,
-53.1668,3.3593,OSM,BR,,
-53.1033,3.317,OSM,BR,,
-53.1443,3.3195,OSM,BR,,
-52.2333,4.2293,OSM,BR,,
-52.6831,4.5193,OSM,BR,,
-52.7235,4.5156,OSM,BR,,
-52.6583,4.5792,OSM,BR,,
-52.6648,4.5657,OSM,BR,,
-52.6617,4.57,OSM,BR,,
-52.7541,4.5815,OSM,BR,,
80.6469,7.191,OSM,IN,gravel,
80.6023,7.009,OSM,IN,,
78.0687,10.7092,OSM,IN,,
78.7812,10.5263,OSM,IN,,
78.7722,10.5218,OSM,IN,,
78.7534,10.5107,OSM,IN,,
78.177,9.9193,OSM,IN,,
78.4435,10.0764,OSM,IN,,
78.404,10.0619,OSM,IN,,
78.9458,10.977,OSM,IN,,
78.9465,10.9881,OSM,IN,,
78.9339,10.9601,OSM,IN,cement,
78.1079,9.3705,OSM,IN,,
78.0941,9.3891,OSM,IN,,
78.1614,9.3132,OSM,IN,,
78.0408,9.7684,OSM,IN,,
78.0751,9.7926,OSM,IN,,
78.1933,9.9714,OSM,IN,,
78.7994,10.7603,OSM,IN,,
78.8045,10.7743,OSM,IN,,
80.0393,6.8728,OSM,IN,,
79.9932,6.8565,OSM,IN,,
79.9676,6.8891,OSM,IN,,
78.1715,9.372,OSM,IN,,
78.417,9.894,OSM,IN,,
78.4247,9.8957,OSM,IN,,
78.4254,9.892,OSM,IN,,
78.4029,9.8896,OSM,IN,,
78.1381,9.5672,OSM,IN,,
78.1323,9.5775,OSM,IN,,
78.2217,9.9437,OSM,IN,,
78.2408,9.9542,OSM,IN,,
78.1153,10.7138,OSM,IN,,
80.479,8.556,OSM,IN,,
80.479,8.5625,OSM,IN,,
80.7411,6.0109,OSM,IN,,
80.7423,6.0114,OSM,IN,,
80.7402,6.0117,OSM,IN,,
80.007,6.9209,OSM,IN,,
80.9763,8.0596,OSM,IN,,
80.5597,8.6521,OSM,IN,,
80.563,8.6519,OSM,IN,,
80.0047,6.9136,OSM,IN,,
80.0305,6.8709,OSM,IN,,
80.0576,7.2458,OSM,IN,,
80.0568,6.8183,OSM,IN,,
80.012,6.9056,OSM,IN,,
79.9951,6.9267,OSM,IN,,
79.9927,6.9277,OSM,IN,,
79.9936,6.9309,OSM,IN,,
79.9901,6.9305,OSM,IN,,
79.972,6.9432,OSM,IN,,
79.9685,6.943,OSM,IN,,
79.9693,6.9453,OSM,IN,,
80.2656,7.4121,OSM,IN,,
80.1503,7.2409,OSM,IN,,
80.7371,6.6206,OSM,IN,,
80.0334,6.9789,OSM,IN,,
79.964,7.2588,OSM,IN,,
81.1028,6.2108,OSM,IN,,
81.1007,6.2127,OSM,IN,,
81.1115,6.1518,OSM,IN,,
80.6367,9.1432,OSM,IN,,
80.6233,8.0746,OSM,IN,,
81.2996,6.3777,OSM,IN,,
80.9088,6.0924,OSM,IN,,
80.9047,6.0984,OSM,IN,,
80.0311,6.7851,OSM,IN,,
80.0314,6.8659,OSM,IN,,
80.0999,6.8602,OSM,IN,,
80.273,7.0864,OSM,IN,,
80.7531,6.0881,OSM,IN,,
80.7714,6.103,OSM,IN,,
80.7271,6.1054,OSM,IN,,
79.9905,7.0618,OSM,IN,,
80.557,8.7622,OSM,IN,granite,
80.6973,6.0909,OSM,IN,,
79.9898,6.8609,OSM,IN,,
80.7536,6.0093,OSM,IN,,
79.9659,7.036,OSM,IN,,
79.9658,7.0364,OSM,IN,,
79.9798,7.0684,OSM,IN,,
79.9814,7.0678,OSM,IN,,
80.0951,7.0526,OSM,IN,,
79.963,7.0388,OSM,IN,,
79.9779,6.8845,OSM,IN,,
80.0267,6.9052,OSM,IN,,
80.0513,6.9283,OSM,IN,,
80.0096,7.004,OSM,IN,,
80.0322,6.9819,OSM,IN,,
80.0319,6.9879,OSM,IN,,
80.1442,6.9691,OSM,IN,,
80.0567,6.9186,OSM,IN,,
80.0125,6.9085,OSM,IN,,
80.0076,6.9249,OSM,IN,,
80.0946,6.9664,OSM,IN,,
79.9836,7.0688,OSM,IN,,
81.106,6.1489,OSM,IN,,
81.1022,6.1471,OSM,IN,,
80.1589,7.2305,OSM,IN,,
80.1591,7.2291,OSM,IN,,
81.5278,7.6942,OSM,IN,,
80.2508,6.0151,OSM,IN,,
80.9825,7.0076,OSM,IN,,
80.9294,6.8181,OSM,IN,,
80.2283,6.9273,OSM,IN,,
80.4147,8.7224,OSM,IN,,
80.411,8.7199,OSM,IN,,
80.4123,8.7176,OSM,IN,,
80.4155,8.7193,OSM,IN,,
80.4604,8.7058,OSM,IN,,
80.4799,8.7024,OSM,IN,,
80.5501,8.8037,OSM,IN,,
80.561,8.7769,OSM,IN,,
80.5616,8.7844,OSM,IN,,
80.5287,8.7678,OSM,IN,,
80.3941,8.6357,OSM,IN,,
80.5502,8.7672,OSM,IN,,
80.5455,8.7593,OSM,IN,,
80.5339,8.7623,OSM,IN,,
80.386,8.6279,OSM,IN,,
80.5584,8.7785,OSM,IN,,
80.5635,8.7782,OSM,IN,,
80.5612,8.7325,OSM,IN,,
80.8973,6.7061,OSM,IN,,
81.0371,7.3473,OSM,IN,aggregate,
80.1013,6.864,OSM,IN,,
81.6494,7.3194,OSM,IN,,
80.259,7.2644,OSM,IN,,
80.2599,7.4421,OSM,IN,,
81.1125,6.4441,OSM,IN,,
81.1113,6.4426,OSM,IN,,
80.0531,7.0114,OSM,IN,,
78.7952,10.3901,OSM,IN,,
78.8077,10.392,OSM,IN,,
78.7826,10.401,OSM,IN,,
78.7727,10.4206,OSM,IN,,
80.0262,6.6357,OSM,IN,,
78.9118,10.615,OSM,IN,,
78.853,10.6249,OSM,IN,,
80.1975,6.0651,OSM,IN,,
80.9815,8.0915,OSM,IN,,
80.9141,6.8925,OSM,IN,,
80.0142,7.597,OSM,IN,,
79.8798,7.5915,OSM,IN,,
80.0962,6.8926,OSM,IN,,
80.108,6.8871,OSM,IN,,
80.0989,6.8752,OSM,IN,,
80.2868,7.4255,OSM,IN,,
80.239,7.6006,OSM,IN,,
80.6308,8.6671,OSM,IN,,
80.5607,8.7699,OSM,IN,,
80.5535,8.7572,OSM,IN,,
80.5584,8.7659,OSM,IN,,
80.5572,8.7651,OSM,IN,,
80.5536,8.7661,OSM,IN,,
80.5403,8.7397,OSM,IN,,
80.5406,8.7406,OSM,IN,,
79.747,10.5619,OSM,IN,,
78.072,8.8882,OSM,IN,,
80.4633,9.095,OSM,IN,,
78.7781,10.3839,OSM,IN,,
78.5379,10.6565,OSM,IN,,
78.5376,10.6554,OSM,IN,,
78.7101,10.2105,OSM,IN,,
78.7083,10.2103,OSM,IN,,
78.7674,10.5319,OSM,IN,,
78.7071,10.2109,OSM,IN,,
78.7066,10.2101,OSM,IN,,
80.5714,7.3319,OSM,IN,,
80.2038,6.428,OSM,IN,,
80.0769,6.3215,OSM,IN,,
80.5087,8.8435,OSM,IN,,
78.7918,10.4221,OSM,IN,,
81.087,7.3648,OSM,IN,,
78.4716,9.587,OSM,IN,clay,
80.1268,6.894,OSM,IN,,
80.119,6.8968,OSM,IN,,
78.21,9.845,OSM,IN,clay,
78.3076,9.8649,OSM,IN,,
80.7275,6.1487,OSM,IN,,
81.7669,7.1823,OSM,IN,,
81.7684,7.1771,OSM,IN,,
80.8033,8.6777,OSM,IN,,
80.8029,8.6783,OSM,IN,,
81.6319,7.225,OSM,IN,,
81.6355,7.2251,OSM,IN,,
81.637,7.2253,OSM,IN,,
81.6256,7.2303,OSM,IN,,
81.7704,7.1792,OSM,IN,,
79.9898,6.8648,OSM,IN,,
80.0717,6.8305,OSM,IN,,
80.5764,7.2527,OSM,IN,,
81.6766,7.1814,OSM,IN,,
81.6769,7.1846,OSM,IN,,
81.6611,7.1872,OSM,IN,,
81.6778,7.1972,OSM,IN,,
81.6654,7.2023,OSM,IN,,
81.6707,7.2043,OSM,IN,,
81.674,7.2019,OSM,IN,,
81.6741,7.1997,OSM,IN,,
81.671,7.1995,OSM,IN,,
81.667,7.1971,OSM,IN,,
80.9906,6.2402,OSM,IN,,
81.1861,8.6014,OSM,IN,,
81.0319,7.0914,OSM,IN,,
81.0334,7.092,OSM,IN,,
80.2338,7.0556,OSM,IN,,
80.2582,9.329,OSM,IN,,
80.6366,9.2041,OSM,IN,,
80.6376,9.2039,OSM,IN,,
80.6381,9.1933,OSM,IN,,
80.6301,9.1915,OSM,IN,,
80.0524,6.8143,OSM,IN,,
80.0567,6.8146,OSM,IN,,
80.0577,6.8223,OSM,IN,,
80.0686,6.8387,OSM,IN,,
80.0505,6.8343,OSM,IN,,
80.0523,6.8307,OSM,IN,,
80.0514,6.8318,OSM,IN,,
80.1205,7.3319,OSM,IN,,
80.006,6.6649,OSM,IN,,
80.0037,6.6632,OSM,IN,,
80.0077,6.6627,OSM,IN,,
80.007,6.6611,OSM,IN,,
80.0526,6.7698,OSM,IN,,
80.208,6.1423,OSM,IN,,
80.2088,6.1437,OSM,IN,,
80.1607,6.1064,OSM,IN,,
80.0903,6.6568,OSM,IN,,
80.1018,6.8978,OSM,IN,,
80.056,6.8834,OSM,IN,,
80.1306,6.8884,OSM,IN,,
80.1317,6.8947,OSM,IN,,
80.1303,6.8922,OSM,IN,,
80.129,6.8913,OSM,IN,,
80.1275,6.8908,OSM,IN,,
80.0973,6.8878,OSM,IN,,
80.1015,6.888,OSM,IN,,
80.1085,6.8839,OSM,IN,,
80.102,6.8848,OSM,IN,,
80.1007,6.8828,OSM,IN,,
80.0993,6.8813,OSM,IN,,
78.0389,9.9265,OSM,IN,,
80.1741,6.7311,OSM,IN,,
80.1693,7.9708,OSM,IN,,
80.3285,7.9742,OSM,IN,,
80.8902,7.1247,OSM,IN,,
80.2531,8.058,OSM,IN,,
78.047,9.8365,OSM,IN,,
80.1129,6.8957,OSM,IN,,
80.1064,6.8861,OSM,IN,,
80.1307,6.8428,OSM,IN,,
81.0035,7.7462,OSM,IN,,
78.357,10.1449,OSM,IN,,
78.3459,10.1655,OSM,IN,,
78.3282,10.1708,OSM,IN,,
78.3411,10.1687,OSM,IN,,
80.1399,6.2741,OSM,IN,,
78.1868,10.7429,OSM,IN,,
78.1789,10.744,OSM,IN,,
80.6686,7.2185,OSM,IN,,
80.6688,7.2169,OSM,IN,,
80.2978,8.0645,OSM,IN,,
80.2983,8.0651,OSM,IN,,
80.2982,8.064,OSM,IN,,
78.1824,10.7425,OSM,IN,,
78.4001,10.7386,OSM,IN,,
78.0003,10.9749,OSM,IN,,
78.0167,10.0564,OSM,IN,,
78.0063,10.0699,OSM,IN,,
80.3641,7.9403,OSM,IN,,
78.538,10.6789,OSM,IN,,
80.2711,7.4039,OSM,IN,,
78.122,10.0659,OSM,IN,,
80.3098,8.1003,OSM,IN,,
80.3111,8.104,OSM,IN,,
80.1654,6.7481,OSM,IN,,
80.102,6.8686,OSM,IN,,
78.0253,9.9253,OSM,IN,,
80.0606,6.6075,OSM,IN,,
80.063,6.6092,OSM,IN,,
80.3016,6.0562,OSM,IN,,
80.3001,6.0565,OSM,IN,,
80.2996,6.0574,OSM,IN,,
79.2135,10.9404,OSM,IN,sand,
80.1485,6.8264,OSM,IN,,
78.1737,9.5309,OSM,IN,,
78.1699,9.5262,OSM,IN,,
81.7608,6.9077,OSM,IN,,
78.2037,9.4749,OSM,IN,,
78.1729,9.4702,OSM,IN,,
78.1893,9.4747,OSM,IN,,
80.4698,6.1598,OSM,IN,,
78.6591,10.1214,OSM,IN,,
80.1415,6.7219,OSM,IN,,
80.1421,6.7217,OSM,IN,,
80.0537,6.6106,OSM,IN,,
80.004,6.7717,OSM,IN,,
80.0042,6.7717,OSM,IN,,
80.4694,7.252,OSM,IN,,
80.0837,6.6837,OSM,IN,,
80.0804,6.6422,OSM,IN,,
79.8794,6.86,OSM,IN,,
79.8875,6.8593,OSM,IN,,
80.5581,8.4744,OSM,IN,,
78.2419,10.2445,OSM,IN,,
80.8519,7.122,OSM,IN,,
80.7864,7.2296,OSM,IN,,
81.7617,6.9013,OSM,IN,,
80.663,6.0901,OSM,IN,,
80.6762,6.1047,OSM,IN,,
81.0026,7.007,OSM,IN,,
78.0253,8.9242,OSM,IN,,
78.0167,8.8932,OSM,IN,,
78.0212,8.8914,OSM,IN,,
77.0926,11.3386,OSM,IN,,
76.1469,11.6637,OSM,IN,,
76.163,11.8646,OSM,IN,,
76.0185,11.7618,OSM,IN,,
75.0956,12.4587,OSM,IN,,
75.9998,11.3022,OSM,IN,,
76.0061,11.3042,OSM,IN,,
75.9965,11.3046,OSM,IN,,
74.9985,12.7209,OSM,IN,gravel,
75.0018,12.7194,OSM,IN,gravel,
77.5662,12.8413,OSM,IN,,
77.6923,13.0771,OSM,IN,granite,
77.414,13.0005,OSM,IN,,
76.6271,15.0583,OSM,IN,iron_ore,
77.7818,11.4619,OSM,IN,,
77.786,11.4686,OSM,IN,,
77.7737,11.454,OSM,IN,,
77.7709,11.4552,OSM,IN,,
77.7992,11.4193,OSM,IN,,
77.7913,11.4309,OSM,IN,,
77.7983,11.4256,OSM,IN,,
77.8014,11.4189,OSM,IN,,
77.7598,11.2796,OSM,IN,,
77.742,11.2872,OSM,IN,,
76.4867,15.0786,OSM,IN,iron_ore,
76.5279,15.1391,OSM,IN,iron_ore,
76.4962,15.0839,OSM,IN,iron_ore,
74.9135,16.0039,OSM,IN,,
75.2468,13.187,OSM,IN,iron_ore,
77.971,11.0112,OSM,IN,,
74.8276,13.3218,OSM,IN,,
77.3936,13.1265,OSM,IN,,
77.3921,13.1234,OSM,IN,,
75.2486,13.6777,OSM,IN,,
77.9488,12.4772,OSM,IN,,
74.7631,13.5157,OSM,IN,,
76.5489,13.2789,OSM,IN,,
77.6538,12.8163,OSM,IN,,
77.6276,12.8541,OSM,IN,,
77.6961,13.0859,OSM,IN,granite,
77.813,11.4748,OSM,IN,,
77.7984,11.4905,OSM,IN,,
77.7963,11.4828,OSM,IN,,
77.8525,11.5615,OSM,IN,,
77.6486,12.4427,OSM,IN,,
75.2242,13.7001,OSM,IN,,
76.5502,12.0702,OSM,IN,,
77.9676,15.6591,OSM,IN,,
73.8133,15.6633,OSM,IN,,
73.8141,15.6687,OSM,IN,,
73.7904,15.6758,OSM,IN,,
73.8081,15.667,OSM,IN,,
73.8039,15.6677,OSM,IN,,
73.7936,15.6658,OSM,IN,,
73.8066,15.6823,OSM,IN,,
73.7821,15.6795,OSM,IN,,
73.782,15.6782,OSM,IN,,
73.7748,15.6866,OSM,IN,,
73.7815,15.6869,OSM,IN,,
73.7731,15.6853,OSM,IN,,
73.7674,15.6901,OSM,IN,,
73.764,15.6857,OSM,IN,,
73.7098,15.7182,OSM,IN,,
73.7534,15.6855,OSM,IN,,
73.7795,15.7026,OSM,IN,,
76.5527,12.0901,OSM,IN,,
76.5505,12.0885,OSM,IN,,
74.3384,14.9222,OSM,IN,,
74.4843,15.4036,OSM,IN,,
74.0529,15.5102,OSM,IN,iron_ore,
73.9222,15.5992,OSM,IN,,
73.6772,15.7406,OSM,IN,,
76.204,11.6092,OSM,IN,,
73.7615,15.714,OSM,IN,,
77.8866,11.029,OSM,IN,,
77.8848,11.0322,OSM,IN,,
77.8846,11.0258,OSM,IN,,
77.8886,11.0265,OSM,IN,,
77.8828,11.0319,OSM,IN,,
77.9112,11.0254,OSM,IN,,
77.9096,11.0279,OSM,IN,,
77.8773,11.0008,OSM,IN,,
74.1376,15.2922,OSM,IN,,
75.1235,15.2249,OSM,IN,,
74.0686,15.6505,OSM,IN,,
73.9222,15.6623,OSM,IN,,
73.9262,15.6556,OSM,IN,,
73.8954,15.6828,OSM,IN,,
73.9031,15.6815,OSM,IN,,
73.8935,15.6839,OSM,IN,,
73.7338,15.6556,OSM,IN,,
75.0928,13.1044,OSM,IN,,
75.1713,13.5069,OSM,IN,,
76.1837,15.168,OSM,IN,,
76.4433,13.7563,OSM,IN,,
76.4583,13.7215,OSM,IN,,
76.0697,12.9469,OSM,IN,,
73.9716,15.333,OSM,IN,,
73.9704,15.3313,OSM,IN,,
74.1201,15.3541,OSM,IN,,
73.8758,15.4795,OSM,IN,,
74.1438,15.1193,OSM,IN,,
73.8497,15.9278,OSM,IN,,
77.9131,11.002,OSM,IN,,
77.9204,11.0049,OSM,IN,,
75.1749,12.3057,OSM,IN,,
75.1289,12.2965,OSM,IN,,
75.1204,12.2986,OSM,IN,,
77.9249,11.4268,OSM,IN,,
76.9293,11.2471,OSM,IN,dimension_stone,
76.2214,11.2074,OSM,IN,,
77.8635,11.4551,OSM,IN,,
77.1435,13.3991,OSM,IN,,
76.8929,13.7448,OSM,IN,,
76.772,12.4269,OSM,IN,,
77.688,12.992,OSM,IN,,
77.6034,12.8335,OSM,IN,,
77.6163,12.8469,OSM,IN,,
77.6076,12.8665,OSM,IN,,
77.2165,13.3373,OSM,IN,,
77.2113,13.3366,OSM,IN,,
77.1465,13.3938,OSM,IN,,
76.8772,15.1367,OSM,IN,,
77.6232,13.0792,OSM,IN,,
75.2498,12.0295,OSM,IN,,
74.2297,15.6846,OSM,IN,,
74.2316,15.6896,OSM,IN,,
75.5625,11.8496,OSM,IN,,
75.826,11.6504,OSM,IN,,
75.8096,11.6739,OSM,IN,,
75.801,11.6513,OSM,IN,,
76.1677,12.9555,OSM,IN,,
76.1659,12.96,OSM,IN,,
76.1671,12.9578,OSM,IN,,
76.1643,12.9577,OSM,IN,,
76.1905,12.9421,OSM,IN,,
76.1834,12.9464,OSM,IN,,
76.1941,12.9336,OSM,IN,,
76.1924,12.9383,OSM,IN,,
75.8098,11.647,OSM,IN,,
76.1982,11.6345,OSM,IN,,
76.2015,11.6294,OSM,IN,,
76.2074,11.6366,OSM,IN,,
76.1927,11.6418,OSM,IN,,
76.1967,11.652,OSM,IN,,
76.199,11.6392,OSM,IN,,
74.3269,14.554,OSM,IN,aggregate,
74.3288,14.5543,OSM,IN,aggregate,
74.3457,14.533,OSM,IN,aggregate,
74.3253,14.5649,OSM,IN,aggregate,
74.3077,14.5783,OSM,IN,aggregate,
74.3065,14.577,OSM,IN,aggregate,
74.3292,14.5586,OSM,IN,aggregate,
74.356,14.5912,OSM,IN,aggregate,
74.3592,14.5792,OSM,IN,aggregate,
74.3612,14.5786,OSM,IN,aggregate,
74.3645,14.5778,OSM,IN,aggregate,
74.356,14.576,OSM,IN,aggregate,
74.3553,14.5769,OSM,IN,aggregate,
74.3551,14.5745,OSM,IN,aggregate,
74.3566,14.5731,OSM,IN,aggregate,
74.3535,14.5748,OSM,IN,aggregate,
74.3515,14.5731,OSM,IN,aggregate,
74.3586,14.5842,OSM,IN,aggregate,
74.3588,14.5862,OSM,IN,aggregate,
74.3622,14.5885,OSM,IN,aggregate,
74.3622,14.5893,OSM,IN,aggregate,
74.3614,14.5891,OSM,IN,aggregate,
74.3566,14.589,OSM,IN,aggregate,
74.3584,14.5895,OSM,IN,aggregate,
74.3561,14.5877,OSM,IN,aggregate,
74.3589,14.5908,OSM,IN,aggregate,
74.3582,14.5901,OSM,IN,aggregate,
74.3559,14.5905,OSM,IN,aggregate,
74.3553,14.59,OSM,IN,aggregate,
74.3546,14.5887,OSM,IN,aggregate,
74.3553,14.5918,OSM,IN,aggregate,
74.35,14.5902,OSM,IN,aggregate,
77.3516,12.8966,OSM,IN,,
77.3479,12.9538,OSM,IN,,
77.3528,12.9249,OSM,IN,,
77.3286,12.9512,OSM,IN,,
77.4137,12.9448,OSM,IN,,
77.4246,12.9437,OSM,IN,,
77.6872,13.2332,OSM,IN,,
77.6219,12.8354,OSM,IN,,
77.6285,12.8437,OSM,IN,,
77.5738,12.8253,OSM,IN,,
77.5889,12.8173,OSM,IN,,
77.5814,12.8251,OSM,IN,,
77.576,12.82,OSM,IN,,
77.5824,12.837,OSM,IN,,
77.5777,12.8243,OSM,IN,,
77.4668,12.7174,OSM,IN,,
75.0737,15.5136,OSM,IN,,
77.6423,13.2102,OSM,IN,,
76.3701,14.2552,OSM,IN,,
75.0999,15.0485,OSM,IN,,
77.8799,12.573,OSM,IN,,
77.8826,12.5762,OSM,IN,,
77.8703,12.5612,OSM,IN,,
77.924,12.5995,OSM,IN,,
77.9085,12.5923,OSM,IN,,
77.908,12.6018,OSM,IN,,
77.9033,12.5979,OSM,IN,,
77.8993,12.6024,OSM,IN,,
77.9283,12.5797,OSM,IN,,
77.9189,12.5718,OSM,IN,,
77.9435,12.8014,OSM,IN,,
77.9503,12.7242,OSM,IN,,
77.9345,12.7207,OSM,IN,,
77.9414,12.7245,OSM,IN,,
77.9462,12.7314,OSM,IN,,
77.9535,12.7153,OSM,IN,,
77.9598,12.7066,OSM,IN,,
77.9607,12.7539,OSM,IN,,
77.9146,12.7305,OSM,IN,,
77.915,12.7373,OSM,IN,,
77.924,12.7317,OSM,IN,,
77.9416,12.7392,OSM,IN,,
77.9526,12.7552,OSM,IN,,
77.9442,12.7542,OSM,IN,,
75.8454,11.4164,OSM,IN,,
74.6142,15.8061,OSM,IN,,
74.602,15.7768,OSM,IN,,
74.5681,15.8029,OSM,IN,,
74.5904,15.8029,OSM,IN,,
74.6072,15.7831,OSM,IN,,
74.6194,15.7874,OSM,IN,,
75.1285,15.7533,OSM,IN,,
75.9583,11.8606,OSM,IN,,
76.1266,11.6244,OSM,IN,,
77.7148,14.4184,OSM,IN,,
74.0447,14.9985,OSM,IN,,
76.0138,12.694,OSM,IN,,
74.0126,15.5556,OSM,IN,,
74.4313,15.8603,OSM,IN,,
75.8329,11.5404,OSM,IN,,
75.8395,11.527,OSM,IN,,
75.8346,11.5346,OSM,IN,,
75.8604,11.5306,OSM,IN,,
74.1468,15.3428,OSM,IN,,
76.5663,12.392,OSM,IN,,
77.6672,13.3056,OSM,IN,,
77.6696,13.3049,OSM,IN,,
77.6734,13.3053,OSM,IN,,
77.5996,13.3801,OSM,IN,,
77.6166,13.3846,OSM,IN,,
77.683,13.0926,OSM,IN,,
77.6826,13.1101,OSM,IN,,
77.6529,13.1085,OSM,IN,,
77.6587,13.12,OSM,IN,,
77.6693,13.1542,OSM,IN,,
74.1611,15.4848,OSM,IN,,
74.1589,15.4904,OSM,IN,,
74.1602,15.4878,OSM,IN,,
74.1576,15.4884,OSM,IN,laterite,
74.1547,15.4895,OSM,IN,,
74.8686,12.989,OSM,IN,,
76.0217,11.2749,OSM,IN,,
76.0324,11.2814,OSM,IN,,
76.0362,11.2837,OSM,IN,,
76.035,11.2788,OSM,IN,,
76.0313,11.2888,OSM,IN,,
74.7906,13.3789,OSM,IN,,
74.7876,13.3793,OSM,IN,,
74.7862,13.3869,OSM,IN,,
74.7887,13.3885,OSM,IN,,
74.7869,13.3898,OSM,IN,,
74.7818,13.3882,OSM,IN,,
75.6514,11.6848,OSM,IN,,
76.154,11.1273,OSM,IN,,
75.9248,11.1944,OSM,IN,,
76.0826,11.292,OSM,IN,,
76.1827,11.1313,OSM,IN,,
76.1524,11.0293,OSM,IN,,
76.1287,11.2554,OSM,IN,,
76.0936,11.1943,OSM,IN,,
76.0951,11.1933,OSM,IN,,
76.1911,11.1283,OSM,IN,,
76.1896,11.1273,OSM,IN,,
76.1465,11.1403,OSM,IN,,
76.1583,11.19,OSM,IN,,
76.1576,11.1894,OSM,IN,,
76.158,11.1912,OSM,IN,,
76.1531,11.1916,OSM,IN,,
76.1836,11.1438,OSM,IN,,
76.0952,11.1794,OSM,IN,,
76.1931,11.1719,OSM,IN,,
76.1917,11.1625,OSM,IN,,
76.0923,11.169,OSM,IN,,
76.0906,11.1712,OSM,IN,,
76.0924,11.1797,OSM,IN,,
76.1542,11.1948,OSM,IN,,
76.1544,11.1958,OSM,IN,,
76.1546,11.1963,OSM,IN,,
76.1549,11.1955,OSM,IN,,
75.9902,11.1081,OSM,IN,,
75.9871,11.1202,OSM,IN,,
75.9908,11.1131,OSM,IN,,
75.9826,11.1139,OSM,IN,,
75.9809,11.1148,OSM,IN,,
75.9753,11.0963,OSM,IN,,
75.9826,11.0987,OSM,IN,,
76.01,11.1029,OSM,IN,,
76.016,11.1012,OSM,IN,,
76.0136,11.0988,OSM,IN,,
76.0127,11.0985,OSM,IN,,
76.0179,11.0956,OSM,IN,,
76.0358,11.0782,OSM,IN,,
75.9857,11.1112,OSM,IN,,
75.9988,11.1149,OSM,IN,,
76.0502,11.0968,OSM,IN,,
76.045,11.0985,OSM,IN,,
76.2042,11.0188,OSM,IN,,
76.2034,11.0189,OSM,IN,,
76.2063,11.0174,OSM,IN,,
76.204,11.0178,OSM,IN,,
76.2023,11.0166,OSM,IN,,
75.9364,11.1887,OSM,IN,,
75.9359,11.1899,OSM,IN,,
75.9376,11.1904,OSM,IN,,
75.9365,11.1918,OSM,IN,,
75.9382,11.1932,OSM,IN,sand;stone,
75.9422,11.1925,OSM,IN,,
75.9388,11.188,OSM,IN,,
75.9434,11.186,OSM,IN,,
75.9322,11.1941,OSM,IN,,
75.9738,11.1202,OSM,IN,,
76.0044,11.0729,OSM,IN,,
76.049,11.0788,OSM,IN,,
76.0527,11.0828,OSM,IN,,
76.0171,11.2845,OSM,IN,,
76.019,11.2859,OSM,IN,,
76.0266,11.2903,OSM,IN,,
76.0247,11.2901,OSM,IN,,
76.0189,11.2914,OSM,IN,,
76.015,11.2946,OSM,IN,,
76.012,11.2942,OSM,IN,,
76.0271,11.3041,OSM,IN,,
76.0318,11.3036,OSM,IN,,
76.0304,11.3061,OSM,IN,,
76.0275,11.3083,OSM,IN,,
76.0245,11.3103,OSM,IN,,
76.0214,11.3096,OSM,IN,,
76.022,11.3074,OSM,IN,,
76.0229,11.3059,OSM,IN,,
76.1735,11.1577,OSM,IN,,
75.9292,11.193,OSM,IN,,
75.9281,11.1937,OSM,IN,,
76.4543,15.1373,OSM,IN,iron_ore,
76.428,15.1739,OSM,IN,iron_ore,
76.6445,15.0666,OSM,IN,iron_ore,
76.6278,15.1123,OSM,IN,iron_ore,
76.6342,15.0055,OSM,IN,iron_ore,
76.6234,14.9991,OSM,IN,iron_ore,
76.6154,14.9924,OSM,IN,iron_ore,
76.6155,15.0142,OSM,IN,iron_ore,
76.5388,15.1473,OSM,IN,iron_ore,
76.4754,15.1836,OSM,IN,iron_ore,
76.5737,15.0687,OSM,IN,iron_ore,
76.6023,15.0874,OSM,IN,iron_ore,
75.8825,11.2204,OSM,IN,,
75.9923,11.1958,OSM,IN,,
75.2951,12.4026,OSM,IN,,
75.2972,12.4021,OSM,IN,,
75.2698,12.2596,OSM,IN,,
75.4598,12.2442,OSM,IN,,
75.4568,12.244,OSM,IN,,
75.4297,12.2249,OSM,IN,,
75.4023,12.235,OSM,IN,,
75.3739,12.2039,OSM,IN,,
75.3733,12.2046,OSM,IN,,
75.3353,12.2025,OSM,IN,,
75.3366,12.2014,OSM,IN,,
75.3365,12.1894,OSM,IN,,
75.3366,12.1909,OSM,IN,,
75.3292,12.1949,OSM,IN,,
75.3316,12.1989,OSM,IN,,
75.9906,11.0929,OSM,IN,,
75.9242,11.1668,OSM,IN,,
76.3755,11.0356,OSM,IN,,
75.9059,11.1543,OSM,IN,,
75.5478,11.9558,OSM,IN,,
76.0581,11.3125,OSM,IN,,
76.08,11.3142,OSM,IN,,
76.0794,11.3088,OSM,IN,,
76.0645,11.2878,OSM,IN,,
76.0664,11.2911,OSM,IN,,
76.0535,11.2825,OSM,IN,,
75.6827,11.5153,OSM,IN,,
75.7132,11.5005,OSM,IN,,
76.1814,11.0062,OSM,IN,,
76.182,11.0061,OSM,IN,,
76.1829,11.0074,OSM,IN,,
75.7503,11.5145,OSM,IN,,
76.0617,11.328,OSM,IN,,
75.9254,11.3215,OSM,IN,,
75.9613,11.4202,OSM,IN,,
75.9645,11.4231,OSM,IN,,
75.9511,11.4173,OSM,IN,,
75.9431,11.4248,OSM,IN,,
75.956,11.3827,OSM,IN,,
75.9603,11.3829,OSM,IN,,
75.947,11.4703,OSM,IN,,
75.8549,11.4102,OSM,IN,,
75.6962,11.4884,OSM,IN,,
76.0752,11.3295,OSM,IN,,
76.0896,11.3292,OSM,IN,,
75.9554,11.4196,OSM,IN,,
75.8123,11.3545,OSM,IN,,
75.7986,11.4876,OSM,IN,,
75.7889,11.3916,OSM,IN,,
76.0421,11.5978,OSM,IN,,
75.9967,11.304,OSM,IN,,
75.8358,11.3412,OSM,IN,,
76.1363,11.5379,OSM,IN,,
76.3912,11.7342,OSM,IN,,
75.9636,11.3855,OSM,IN,,
76.3644,11.7141,OSM,IN,,
75.8135,11.7336,OSM,IN,,
75.8777,11.7389,OSM,IN,,
75.8996,11.772,OSM,IN,,
75.9094,11.7547,OSM,IN,,
75.8844,11.7399,OSM,IN,,
75.9383,11.7038,OSM,IN,,
75.9376,11.7049,OSM,IN,,
75.9322,11.6997,OSM,IN,,
75.8824,11.7605,OSM,IN,,
75.8303,11.3486,OSM,IN,,
76.0012,11.2831,OSM,IN,,
76.348,11.7167,OSM,IN,,
76.0459,11.8097,OSM,IN,,
76.0182,11.8328,OSM,IN,,
76.0165,11.8326,OSM,IN,,
76.0138,11.8378,OSM,IN,,
75.8013,11.7397,OSM,IN,,
75.802,11.7351,OSM,IN,,
76.112,11.6931,OSM,IN,,
76.1291,11.236,OSM,IN,,
76.1292,11.238,OSM,IN,,
76.2572,11.0151,OSM,IN,,
76.2768,11.0034,OSM,IN,,
75.7518,11.7724,OSM,IN,,
75.9839,11.6163,OSM,IN,,
75.9711,11.6423,OSM,IN,,
75.4683,12.1781,OSM,IN,,
76.4074,11.6659,OSM,IN,,
76.4032,11.682,OSM,IN,,
76.3937,11.7041,OSM,IN,,
76.3931,11.7031,OSM,IN,,
76.3904,11.6584,OSM,IN,,
76.3922,11.6546,OSM,IN,,
76.2234,11.1991,OSM,IN,,
76.2234,11.1969,OSM,IN,,
75.9797,11.4282,OSM,IN,,
75.961,11.3749,OSM,IN,,
75.6144,11.6859,OSM,IN,,
75.8135,11.7335,OSM,IN,,
75.4911,11.9422,OSM,IN,aggregate,
75.4912,11.9414,OSM,IN,aggregate,
75.4924,11.9397,OSM,IN,aggregate,
75.493,11.9392,OSM,IN,aggregate,
75.4928,11.9392,OSM,IN,aggregate,
75.4914,11.9405,OSM,IN,aggregate,
75.3106,12.1984,OSM,IN,,
75.3104,12.1984,OSM,IN,,
75.3103,12.1975,OSM,IN,,
75.3101,12.1977,OSM,IN,,
75.3106,12.1974,OSM,IN,,
75.3111,12.1941,OSM,IN,,
75.3114,12.1944,OSM,IN,,
75.3111,12.195,OSM,IN,,
75.3114,12.1954,OSM,IN,,
75.3112,12.1953,OSM,IN,,
75.3107,12.1957,OSM,IN,,
75.3093,12.1944,OSM,IN,,
75.3095,12.1947,OSM,IN,,
75.307,12.1993,OSM,IN,,
75.6483,11.7222,OSM,IN,,
75.9505,11.3016,OSM,IN,,
76.2189,11.1944,OSM,IN,,
74.9799,12.6727,OSM,IN,,
74.977,12.6722,OSM,IN,,
74.9789,12.6756,OSM,IN,,
75.6143,11.6859,OSM,IN,,
75.6195,11.6237,OSM,IN,,
75.6215,11.6271,OSM,IN,,
75.634,11.6005,OSM,IN,,
76.1333,11.2067,OSM,IN,,
75.6775,11.5849,OSM,IN,,
76.1879,11.8603,OSM,IN,,
75.8567,11.3308,OSM,IN,,
75.856,11.3305,OSM,IN,,
75.8953,11.2548,OSM,IN,,
75.11,12.3905,OSM,IN,,
75.111,12.3904,OSM,IN,,
75.2952,12.1553,OSM,IN,,
75.2971,12.1551,OSM,IN,,
75.2975,12.1551,OSM,IN,,
75.2985,12.1528,OSM,IN,,
75.2993,12.152,OSM,IN,,
75.2962,12.1517,OSM,IN,,
75.2967,12.1522,OSM,IN,,
75.2964,12.1537,OSM,IN,,
75.3005,12.1538,OSM,IN,,
75.3007,12.1549,OSM,IN,,
75.3008,12.1544,OSM,IN,,
75.3002,12.1558,OSM,IN,,
75.2997,12.1555,OSM,IN,,
75.2987,12.1561,OSM,IN,,
75.2965,12.152,OSM,IN,,
75.2944,12.1524,OSM,IN,,
75.2932,12.1522,OSM,IN,,
75.3021,12.1633,OSM,IN,,
75.3018,12.1632,OSM,IN,,
75.3017,12.1634,OSM,IN,,
75.3018,12.1653,OSM,IN,,
75.3021,12.1649,OSM,IN,,
75.3017,12.1645,OSM,IN,,
75.3028,12.1674,OSM,IN,,
75.3018,12.1708,OSM,IN,,
75.3011,12.1712,OSM,IN,,
75.3004,12.1715,OSM,IN,,
75.2754,12.1796,OSM,IN,,
75.2762,12.1801,OSM,IN,,
75.2764,12.1809,OSM,IN,,
75.2749,12.1802,OSM,IN,,
75.5154,12.0879,OSM,IN,,
75.5127,12.0844,OSM,IN,,
75.5128,12.0834,OSM,IN,,
75.5195,12.0847,OSM,IN,,
75.5246,12.0867,OSM,IN,,
75.5272,12.088,OSM,IN,,
75.5287,12.0882,OSM,IN,,
75.518,12.0899,OSM,IN,,
75.5201,12.0884,OSM,IN,,
75.5335,12.0924,OSM,IN,,
75.5355,12.0925,OSM,IN,,
75.5226,12.0954,OSM,IN,,
75.8979,11.3951,OSM,IN,,
76.3496,11.3813,OSM,IN,,
76.219,11.1942,OSM,IN,,
77.6972,13.0873,OSM,IN,granite,
77.6971,13.0879,OSM,IN,granite,
75.6799,11.7468,OSM,IN,,
75.6867,11.6832,OSM,IN,,
75.8364,11.3854,OSM,IN,,
75.8681,11.4276,OSM,IN,,
76.0569,11.152,OSM,IN,,
75.8346,11.4331,OSM,IN,,
75.867,11.3804,OSM,IN,,
75.6998,11.5254,OSM,IN,,
75.7012,11.5312,OSM,IN,,
75.5514,12.064,OSM,IN,,
75.5026,12.1047,OSM,IN,,
75.5018,12.1035,OSM,IN,,
75.5041,12.1031,OSM,IN,,
75.5034,12.1034,OSM,IN,,
76.2591,11.1736,OSM,IN,,
76.2083,11.6218,OSM,IN,,
75.782,11.3975,OSM,IN,,
75.8555,11.4557,OSM,IN,,
75.8574,11.4531,OSM,IN,,
75.8598,11.45,OSM,IN,,
75.8572,11.4509,OSM,IN,,
76.0473,11.6342,OSM,IN,,
75.8227,11.4683,OSM,IN,,
75.8,11.5002,OSM,IN,,
76.0412,11.6159,OSM,IN,,
76.0626,11.1346,OSM,IN,,
75.9572,11.1919,OSM,IN,,
75.9522,11.28,OSM,IN,,
75.9799,11.3376,OSM,IN,,
75.8057,11.6072,OSM,IN,,
75.8206,11.5866,OSM,IN,,
75.7938,11.4916,OSM,IN,,
75.7938,11.4925,OSM,IN,,
75.7984,11.5202,OSM,IN,,
76.0729,11.1273,OSM,IN,,
76.0667,11.1358,OSM,IN,,
76.058,11.1304,OSM,IN,,
75.9476,11.4365,OSM,IN,,
76.0348,11.6331,OSM,IN,,
76.0355,11.6312,OSM,IN,,
76.0318,11.6303,OSM,IN,,
75.9754,11.4255,OSM,IN,,
75.9823,11.4297,OSM,IN,,
75.7926,11.515,OSM,IN,,
76.3337,11.142,OSM,IN,,
76.3889,11.1296,OSM,IN,,
76.3345,11.0819,OSM,IN,,
76.5001,10.9994,OSM,IN,,
76.174,11.2153,OSM,IN,,
75.5695,12.1322,OSM,IN,,
75.1132,12.5296,OSM,IN,,
76.0972,14.2433,OSM,IN,,
76.0971,14.2419,OSM,IN,,
76.0961,14.2416,OSM,IN,,
75.9853,11.1992,OSM,IN,,
76.0004,11.1899,OSM,IN,,
75.9564,11.4337,OSM,IN,,
76.252,11.1823,OSM,IN,,
77.173,13.5035,OSM,IN,,
77.1802,13.5013,OSM,IN,,
77.1887,13.499,OSM,IN,,
76.66,12.5049,OSM,IN,,
77.5673,11.1995,OSM,IN,,
77.7786,11.7726,OSM,IN,,
75.0379,13.8987,OSM,IN,,
76.1674,11.2532,OSM,IN,,
77.8038,14.9814,OSM,IN,,
77.8011,15.1049,OSM,IN,,
77.7872,15.0863,OSM,IN,,
77.9698,15.1103,OSM,IN,,
77.9974,15.1036,OSM,IN,,
77.9405,15.2163,OSM,IN,,
75.3091,12.1146,OSM,IN,,
76.146,11.0699,OSM,IN,,
76.1494,11.0669,OSM,IN,,
76.1527,11.0651,OSM,IN,,
76.1533,11.065,OSM,IN,,
76.1442,11.0733,OSM,IN,,
76.1409,11.0694,OSM,IN,,
75.1551,12.6032,OSM,IN,,
75.0892,12.4379,OSM,IN,,
75.1053,12.4382,OSM,IN,,
75.1831,12.4538,OSM,IN,,
75.1802,12.4528,OSM,IN,,
75.1814,12.4524,OSM,IN,,
75.2069,12.3671,OSM,IN,,
75.2115,12.3659,OSM,IN,,
75.2443,12.398,OSM,IN,,
75.248,12.3872,OSM,IN,,
75.3025,12.4024,OSM,IN,,
75.303,12.4036,OSM,IN,,
75.3236,12.3542,OSM,IN,,
75.32,12.1979,OSM,IN,,
75.3358,12.206,OSM,IN,,
75.3326,12.2116,OSM,IN,,
75.3347,12.1919,OSM,IN,,
75.4024,12.2426,OSM,IN,,
75.4147,12.2368,OSM,IN,,
75.4751,12.2849,OSM,IN,,
75.476,12.285,OSM,IN,,
75.3246,12.1273,OSM,IN,,
75.4013,12.1767,OSM,IN,,
75.5191,12.1668,OSM,IN,,
75.5121,12.1431,OSM,IN,,
75.51,12.1383,OSM,IN,,
75.5254,12.0879,OSM,IN,,
75.5236,12.0892,OSM,IN,,
75.5252,12.0939,OSM,IN,,
75.5753,12.1243,OSM,IN,,
75.5972,12.129,OSM,IN,,
75.6413,12.1286,OSM,IN,,
75.6227,12.0885,OSM,IN,,
75.6994,12.0986,OSM,IN,,
75.6965,12.0981,OSM,IN,,
75.7011,12.0923,OSM,IN,,
75.7018,12.0713,OSM,IN,,
75.7613,12.0601,OSM,IN,gravel;rock_sand;stone,
75.7663,12.0615,OSM,IN,,
75.7645,12.0566,OSM,IN,rock;gravel;stone;Rock_Sand,
75.5987,12.0012,OSM,IN,,
75.4965,11.9353,OSM,IN,,
75.4941,11.9383,OSM,IN,,
75.6507,11.8988,OSM,IN,,
75.6519,11.9008,OSM,IN,,
75.654,11.901,OSM,IN,,
75.6684,11.9025,OSM,IN,,
75.8361,11.9073,OSM,IN,,
75.7825,11.8478,OSM,IN,,
75.7595,11.8533,OSM,IN,,
75.7134,11.8686,OSM,IN,,
75.6744,11.8608,OSM,IN,,
75.6707,11.8617,OSM,IN,,
75.6682,11.8613,OSM,IN,,
75.6039,11.8191,OSM,IN,,
75.5979,11.8176,OSM,IN,,
75.5974,11.8159,OSM,IN,,
75.5876,11.8151,OSM,IN,,
75.6094,11.7955,OSM,IN,,
75.6223,11.7987,OSM,IN,,
75.6123,11.7964,OSM,IN,,
75.6138,11.7904,OSM,IN,,
75.6229,11.7823,OSM,IN,,
75.6222,11.7796,OSM,IN,,
75.6189,11.7835,OSM,IN,,
75.6279,11.7742,OSM,IN,,
75.636,11.7921,OSM,IN,,
75.639,11.797,OSM,IN,,
75.6547,11.7965,OSM,IN,,
75.6578,11.7945,OSM,IN,,
75.6641,11.7933,OSM,IN,,
75.6622,11.7893,OSM,IN,,
75.6795,11.7979,OSM,IN,,
75.6752,11.7939,OSM,IN,,
75.6745,11.7903,OSM,IN,,
75.6805,11.7933,OSM,IN,,
75.6828,11.7962,OSM,IN,,
75.705,11.7781,OSM,IN,,
75.7364,11.695,OSM,IN,,
75.7647,11.688,OSM,IN,,
75.7654,11.689,OSM,IN,,
75.934,11.7103,OSM,IN,,
76.1955,11.8211,OSM,IN,,
75.9383,11.6968,OSM,IN,,
75.8357,11.6723,OSM,IN,,
75.7944,11.6212,OSM,IN,,
75.8044,11.5893,OSM,IN,,
75.811,11.5815,OSM,IN,,
75.8285,11.529,OSM,IN,,
75.8624,11.5056,OSM,IN,,
75.8787,11.4912,OSM,IN,,
76.0382,11.639,OSM,IN,,
76.0361,11.611,OSM,IN,,
75.8032,11.4195,OSM,IN,,
75.8572,11.415,OSM,IN,,
75.9931,11.4286,OSM,IN,,
75.9706,11.3752,OSM,IN,,
75.9772,11.3386,OSM,IN,,
75.9973,11.304,OSM,IN,,
76.0421,11.2856,OSM,IN,,
76.0514,11.2888,OSM,IN,,
76.0631,11.315,OSM,IN,,
76.1077,11.3176,OSM,IN,,
75.9435,11.1954,OSM,IN,,
75.9877,11.106,OSM,IN,,
76.0115,11.0971,OSM,IN,,
76.0187,11.1041,OSM,IN,,
76.0078,11.0932,OSM,IN,,
76.0394,11.0957,OSM,IN,,
76.0508,11.0811,OSM,IN,,
76.2263,11.1763,OSM,IN,,
76.0857,11.2516,OSM,IN,,
76.0794,11.2517,OSM,IN,,
76.0735,11.2507,OSM,IN,,
76.1048,11.2471,OSM,IN,,
76.1075,11.2447,OSM,IN,,
76.149,11.2434,OSM,IN,,
76.1697,11.1233,OSM,IN,,
76.1487,11.1287,OSM,IN,,
76.1456,11.1629,OSM,IN,,
76.1427,11.1626,OSM,IN,,
76.1397,11.1655,OSM,IN,,
76.1411,11.1644,OSM,IN,,
76.1022,11.1553,OSM,IN,,
76.1014,11.1558,OSM,IN,,
76.0913,11.1678,OSM,IN,,
76.0993,11.1653,OSM,IN,,
76.0985,11.1645,OSM,IN,,
76.0979,11.1652,OSM,IN,,
76.0829,11.1329,OSM,IN,,
76.0832,11.1319,OSM,IN,,
76.0849,11.1337,OSM,IN,,
76.0859,11.1333,OSM,IN,,
76.1467,11.073,OSM,IN,,
76.1935,11.0706,OSM,IN,,
76.3427,11.0828,OSM,IN,,
76.259,11.0139,OSM,IN,,
76.0319,11.3318,OSM,IN,,
76.0269,11.2823,OSM,IN,,
77.3663,12.7824,OSM,IN,granite,
77.3649,12.7853,OSM,IN,granite,
77.3644,12.782,OSM,IN,granite,
77.3664,12.7902,OSM,IN,granite,
77.3637,12.7911,OSM,IN,granite,
77.3607,12.7906,OSM,IN,granite,
77.3615,12.7951,OSM,IN,granite,
77.3637,12.7978,OSM,IN,granite,
77.364,12.7966,OSM,IN,granite,
77.3619,12.7968,OSM,IN,granite,
77.3616,12.7981,OSM,IN,granite,
75.531,14.0019,OSM,IN,,
76.6757,13.408,OSM,IN,,
75.9882,11.0964,OSM,IN,,
75.9836,11.0887,OSM,IN,,
75.519,11.9027,OSM,IN,,
76.0009,11.1929,OSM,IN,,
76.0038,11.1943,OSM,IN,,
75.6159,11.8947,OSM,IN,,
75.953,11.2854,OSM,IN,stone;gravel,
77.7705,13.608,OSM,IN,,
77.9529,12.6274,OSM,IN,,
77.9537,12.6233,OSM,IN,,
77.9493,12.6646,OSM,IN,,
77.9235,12.6596,OSM,IN,,
77.9232,12.6466,OSM,IN,,
77.8768,12.6498,OSM,IN,,
77.9015,12.7134,OSM,IN,,
77.9074,12.6888,OSM,IN,,
77.9042,12.6956,OSM,IN,,
77.8949,12.6789,OSM,IN,,
77.9,12.6778,OSM,IN,,
77.8926,12.6694,OSM,IN,,
77.8997,12.6624,OSM,IN,,
77.8925,12.6626,OSM,IN,,
76.0846,11.0756,OSM,IN,laterite_stone,
76.067,11.0774,OSM,IN,,
76.0585,11.0746,OSM,IN,,
76.0586,11.0735,OSM,IN,,
76.0554,11.0745,OSM,IN,,
76.0601,11.0762,OSM,IN,,
76.0572,11.0794,OSM,IN,,
76.0658,11.0813,OSM,IN,,
77.7698,11.8058,OSM,IN,,
76.0828,11.0035,OSM,IN,,
76.084,11.004,OSM,IN,,
75.7078,11.9001,OSM,IN,gravel,
75.7153,11.9556,OSM,IN,stone,
77.2303,13.9108,OSM,IN,,
77.249,13.9023,OSM,IN,,
77.2274,13.9208,OSM,IN,,
77.2286,13.9225,OSM,IN,,
76.3109,11.0052,OSM,IN,,
76.125,11.1995,OSM,IN,,
76.008,11.1011,OSM,IN,,
75.9394,11.1107,OSM,IN,,
75.9392,11.1097,OSM,IN,,
75.9385,11.1094,OSM,IN,,
75.9424,11.3211,OSM,IN,,
76.0511,11.2976,OSM,IN,,
76.1411,11.0956,OSM,IN,,
76.0096,11.0812,OSM,IN,,
76.0183,11.0858,OSM,IN,,
76.0951,11.0905,OSM,IN,,
76.2628,11.0327,OSM,IN,,
76.2262,11.0073,OSM,IN,,
76.2302,11.005,OSM,IN,,
75.9202,11.2245,OSM,IN,,
76.2802,11.0098,OSM,IN,,
76.0522,11.627,OSM,IN,granite,
76.0273,11.1452,OSM,IN,,
76.1291,11.0962,OSM,IN,,
76.1606,11.0183,OSM,IN,,
76.1629,11.0159,OSM,IN,,
76.1669,11.0468,OSM,IN,,
76.0389,11.5911,OSM,IN,,
77.9641,11.0774,OSM,IN,sand,
74.0371,15.4683,OSM,IN,iron_ore,
74.056,15.479,OSM,IN,iron_ore,
76.0538,11.0842,OSM,IN,,
76.0554,11.0854,OSM,IN,,
76.1164,11.2009,OSM,IN,,
76.1564,11.1274,OSM,IN,,
76.1205,11.1986,OSM,IN,,
76.084,11.2177,OSM,IN,,
76.1034,11.2702,OSM,IN,,
76.0278,11.2669,OSM,IN,,
76.1194,11.2027,OSM,IN,,
77.6669,13.405,OSM,IN,,
75.9951,11.1058,OSM,IN,,
75.996,11.1025,OSM,IN,,
75.9997,11.1012,OSM,IN,,
76.002,11.0919,OSM,IN,,
76.0385,11.077,OSM,IN,,
76.0019,11.0856,OSM,IN,,
75.985,11.1029,OSM,IN,,
76.0136,11.1011,OSM,IN,,
76.0255,11.0862,OSM,IN,,
76.0146,11.0908,OSM,IN,,
76.0133,11.0855,OSM,IN,,
76.004,11.0953,OSM,IN,,
76.145,11.0302,OSM,IN,,
76.3515,11.0825,OSM,IN,,
76.156,11.0643,OSM,IN,,
76.156,11.0611,OSM,IN,,
76.2226,11.1852,OSM,IN,,
75.9901,11.2227,OSM,IN,,
75.9344,11.2242,OSM,IN,,
75.9973,11.1467,OSM,IN,,
75.9154,11.2204,OSM,IN,,
75.9931,11.1177,OSM,IN,,
75.989,11.1214,OSM,IN,,
76.1106,11.2713,OSM,IN,,
76.105,11.1526,OSM,IN,,
76.1031,11.1542,OSM,IN,,
76.1586,11.1661,OSM,IN,,
76.0489,11.0962,OSM,IN,,
76.0979,11.1909,OSM,IN,,
76.1536,11.2115,OSM,IN,,
76.0647,11.1715,OSM,IN,,
76.1445,11.1648,OSM,IN,,
76.1457,11.164,OSM,IN,,
76.1004,11.2067,OSM,IN,,
76.1409,11.2323,OSM,IN,,
76.1132,11.2575,OSM,IN,,
76.1025,11.184,OSM,IN,,
76.0952,11.1676,OSM,IN,,
76.1755,11.1383,OSM,IN,,
75.3693,12.188,OSM,IN,,
75.9447,11.4243,OSM,IN,,
75.298,12.1474,OSM,IN,,
75.0639,12.4037,OSM,IN,,
76.1297,11.0751,OSM,IN,,
76.5824,12.5112,OSM,IN,,
77.5126,12.743,OSM,IN,,
77.5046,12.7177,OSM,IN,,
77.3554,12.4645,OSM,IN,,
77.5559,13.5164,OSM,IN,,
77.4024,12.5513,OSM,IN,,
77.2632,12.9523,OSM,IN,,
77.1314,12.6071,OSM,IN,,
77.1069,12.5737,OSM,IN,,
77.1202,12.5732,OSM,IN,,
77.8069,12.6627,OSM,IN,,
75.9213,13.7056,OSM,IN,,
76.0279,13.5736,OSM,IN,,
77.9123,11.4605,OSM,IN,,
76.4494,15.4543,OSM,IN,,
76.4372,15.4998,OSM,IN,,
76.4463,15.5014,OSM,IN,,
76.1952,15.3189,OSM,IN,,
76.4643,15.9881,OSM,IN,,
73.8551,15.6461,OSM,IN,,
73.8568,15.6458,OSM,IN,,
73.8591,15.6451,OSM,IN,,
73.8571,15.6431,OSM,IN,,
73.7003,15.7621,OSM,IN,,
73.8888,15.4946,OSM,IN,,
74.8421,12.9998,OSM,IN,,
74.8489,13.0088,OSM,IN,,
74.8825,13.2074,OSM,IN,,
74.0892,15.1674,OSM,IN,iron_ore,
74.1353,15.1062,OSM,IN,,
74.1709,15.1183,OSM,IN,,
74.1627,15.1104,OSM,IN,,
74.1722,15.1,OSM,IN,,
74.1707,15.1025,OSM,IN,,
74.176,15.1034,OSM,IN,,
74.1338,15.1232,OSM,IN,,
77.4222,11.0975,OSM,IN,,
77.5858,11.0688,OSM,IN,,
77.5378,11.0872,OSM,IN,,
77.5392,11.089,OSM,IN,,
76.5908,13.2614,OSM,IN,,
76.5929,13.2539,OSM,IN,,
76.5752,13.2741,OSM,IN,,
76.7569,12.9738,OSM,IN,,
76.7554,12.9699,OSM,IN,,
76.3547,14.2464,OSM,IN,,
76.3517,14.2679,OSM,IN,,
76.3709,14.26,OSM,IN,,
73.9103,15.7573,OSM,IN,,
73.9262,15.7674,OSM,IN,,
74.0003,15.7411,OSM,IN,,
77.5017,15.4171,OSM,IN,,
76.4691,15.1218,OSM,IN,,
76.699,13.3413,OSM,IN,,
76.6973,13.36,OSM,IN,,
76.7022,13.3381,OSM,IN,,
76.6611,15.2919,OSM,IN,,
73.8961,15.6532,OSM,IN,,
73.8915,15.6371,OSM,IN,,
73.8837,15.6386,OSM,IN,,
73.8811,15.6451,OSM,IN,,
74.0757,15.141,OSM,IN,iron_ore,
74.0851,15.1404,OSM,IN,iron_ore,
74.0804,15.1323,OSM,IN,iron_ore,
76.4186,15.2308,OSM,IN,,
74.1469,15.1453,OSM,IN,,
76.4679,15.1737,OSM,IN,,
74.4309,15.8029,OSM,IN,,
74.1003,15.4665,OSM,IN,,
74.1311,15.4715,OSM,IN,,
74.1228,15.4695,OSM,IN,,
74.1204,15.4708,OSM,IN,,
74.1221,15.4607,OSM,IN,,
74.1236,15.4599,OSM,IN,,
76.3941,15.2064,OSM,IN,,
74.156,15.4108,OSM,IN,,
76.7762,15.1176,OSM,IN,,
74.1381,15.3731,OSM,IN,,
74.1041,15.3727,OSM,IN,,
74.1065,15.3705,OSM,IN,,
74.1103,15.371,OSM,IN,,
74.0794,15.3784,OSM,IN,,
74.0358,15.5643,OSM,IN,,
74.2346,15.2131,OSM,IN,,
74.2498,15.2039,OSM,IN,,
76.4785,15.0856,OSM,IN,,
76.4662,15.1065,OSM,IN,,
73.7171,15.8691,OSM,IN,,
76.6401,13.4754,OSM,IN,,
76.6791,13.3881,OSM,IN,,
76.1226,14.4457,OSM,IN,,
76.6838,13.3773,OSM,IN,,
74.0891,15.5138,OSM,IN,,
74.2152,15.1497,OSM,IN,,
77.9975,15.1034,OSM,IN,,
76.5738,15.0141,OSM,IN,,
76.6634,15.0225,OSM,IN,,
76.6602,15.0271,OSM,IN,,
76.4176,15.2421,OSM,IN,,
74.1827,15.4439,OSM,IN,,
74.1894,15.4222,OSM,IN,,
77.9797,15.6456,OSM,IN,,
77.9837,15.6484,OSM,IN,,
77.9846,15.6529,OSM,IN,,
76.4928,13.6669,OSM,IN,,
76.517,13.6702,OSM,IN,,
76.5119,13.6712,OSM,IN,,
76.5179,13.6794,OSM,IN,,
76.463,15.13,OSM,IN,,
76.7116,13.3496,OSM,IN,,
76.4549,13.7281,OSM,IN,,
74.9837,15.7845,OSM,IN,,
77.2622,11.0681,OSM,IN,,
73.9992,15.5995,OSM,IN,,
74.0347,15.5736,OSM,IN,,
74.0966,15.3033,OSM,IN,,
74.1304,15.3076,OSM,IN,,
74.156,15.356,OSM,IN,iron_ore,
74.1582,15.3644,OSM,IN,iron_ore,
74.1322,15.342,OSM,IN,iron_ore,
74.0997,15.4844,OSM,IN,,
74.1114,15.4736,OSM,IN,,
74.1052,15.4716,OSM,IN,,
74.0495,15.4676,OSM,IN,iron_ore,
73.9349,15.3607,OSM,IN,,
73.9479,15.1203,OSM,IN,,
74.0168,15.1695,OSM,IN,,
74.0907,15.131,OSM,IN,iron_ore,
73.8732,15.4791,OSM,IN,,
75.9969,11.0993,OSM,IN,,
75.9987,11.0982,OSM,IN,,
76.0014,11.0978,OSM,IN,,
76.0009,11.0962,OSM,IN,,
75.9964,11.107,OSM,IN,,
75.9984,11.1057,OSM,IN,,
75.999,11.1052,OSM,IN,,
76.0083,11.0988,OSM,IN,,
76.0044,11.1,OSM,IN,,
76.0077,11.0962,OSM,IN,,
76.0067,11.0996,OSM,IN,,
76.0037,11.101,OSM,IN,,
76.0029,11.1019,OSM,IN,,
76.0008,11.104,OSM,IN,,
75.9998,11.1043,OSM,IN,,
75.577,13.8896,OSM,IN,,
75.5699,13.8992,OSM,IN,,
75.5701,13.987,OSM,IN,,
75.5509,13.9976,OSM,IN,,
77.7813,11.0533,OSM,IN,,
76.0481,11.0769,OSM,IN,,
76.1154,15.6729,OSM,IN,,
76.1111,15.68,OSM,IN,,
76.1377,15.6755,OSM,IN,,
77.1635,13.8653,OSM,IN,,
77.1966,13.809,OSM,IN,,
77.2371,13.8985,OSM,IN,,
77.2578,14.2374,OSM,IN,,
77.2263,13.7569,OSM,IN,,
77.3834,12.5823,OSM,IN,,
77.4006,12.5806,OSM,IN,,
76.9996,11.2523,OSM,IN,dimension_stone,
75.2783,12.2151,OSM,IN,laterite,
75.2805,12.2154,OSM,IN,laterite,
75.2858,12.2138,OSM,IN,laterite,
75.2762,12.2248,OSM,IN,laterite,
75.2964,12.2078,OSM,IN,laterite,
75.2974,12.204,OSM,IN,laterite,
75.2844,12.2294,OSM,IN,laterite,
75.2796,12.1535,OSM,IN,laterite,
75.2783,12.1556,OSM,IN,laterite,
75.2796,12.1566,OSM,IN,laterite,
75.191,12.2597,OSM,IN,laterite,
77.7178,13.309,OSM,IN,,
77.8437,12.9512,OSM,IN,,
77.8508,12.9764,OSM,IN,,
77.9592,12.7925,OSM,IN,,
77.9957,12.7755,OSM,IN,,
77.9538,12.7689,OSM,IN,,
77.9589,12.8435,OSM,IN,,
77.3701,12.8631,OSM,IN,,
77.3606,12.8732,OSM,IN,,
77.3692,12.8722,OSM,IN,,
77.3921,12.8803,OSM,IN,,
74.4176,15.8169,OSM,IN,,
74.3956,15.7909,OSM,IN,,
74.9371,13.0594,OSM,IN,,
76.9381,11.2515,OSM,IN,dimension_stone,
75.0739,12.9226,OSM,IN,,
74.9627,12.8853,OSM,IN,,
74.8284,13.1543,OSM,IN,,
74.9728,12.8938,OSM,IN,,
74.9734,12.8954,OSM,IN,,
74.9745,12.8963,OSM,IN,,
74.9758,12.8972,OSM,IN,,
74.9772,12.898,OSM,IN,,
74.9775,12.899,OSM,IN,,
74.9781,12.9003,OSM,IN,,
74.8768,13.2062,OSM,IN,,
74.9172,12.9665,OSM,IN,,
74.8746,13.2356,OSM,IN,,
74.8865,13.2323,OSM,IN,,
73.9014,15.6827,OSM,IN,,
73.8913,15.6666,OSM,IN,,
77.7352,13.2411,OSM,IN,,
77.7321,13.2466,OSM,IN,,
77.9352,14.8693,OSM,IN,,
75.5364,15.2052,OSM,IN,,
75.5633,15.2107,OSM,IN,,
74.4936,15.7038,OSM,IN,,
76.0766,11.1876,OSM,IN,,
76.1504,12.8558,OSM,IN,,
76.1456,12.862,OSM,IN,,
75.6033,11.7784,OSM,IN,,
75.5895,11.7938,OSM,IN,,
75.5882,11.7963,OSM,IN,,
75.5916,11.7966,OSM,IN,,
75.586,11.9255,OSM,IN,,
75.5928,11.9216,OSM,IN,,
75.7993,11.7356,OSM,IN,,
75.7993,11.7336,OSM,IN,,
76.0062,11.304,OSM,IN,,
74.5055,15.7315,OSM,IN,,
75.2159,12.0436,OSM,IN,,
75.2142,12.0486,OSM,IN,,
73.892,15.6713,OSM,IN,,
73.8989,15.6593,OSM,IN,,
73.9081,15.6576,OSM,IN,,
73.8983,15.6728,OSM,IN,,
73.9358,15.7225,OSM,IN,,
73.8644,15.7802,OSM,IN,,
73.855,15.7715,OSM,IN,,
73.8589,15.7909,OSM,IN,,
73.9465,15.5791,OSM,IN,,
75.5631,12.0,OSM,IN,dimension_stone,
75.4791,12.1041,OSM,IN,dimension_stone,
75.4805,12.107,OSM,IN,dimension_stone,
75.4407,12.108,OSM,IN,dimension_stone,
75.4605,12.1029,OSM,IN,dimension_stone,
75.4548,12.1037,OSM,IN,dimension_stone,
75.4502,12.1041,OSM,IN,dimension_stone,
77.8094,11.5583,OSM,IN,,
77.8427,12.429,OSM,IN,,
77.8343,12.4348,OSM,IN,,
77.8389,12.4727,OSM,IN,,
77.8402,12.466,OSM,IN,,
77.69,12.4734,OSM,IN,,
75.5432,12.0452,OSM,IN,,
75.5311,12.0791,OSM,IN,,
75.5893,12.0996,OSM,IN,,
75.596,12.0972,OSM,IN,,
75.5888,12.0942,OSM,IN,,
75.6972,12.0688,OSM,IN,,
75.681,12.0801,OSM,IN,,
75.6282,12.0607,OSM,IN,,
75.6258,12.0556,OSM,IN,,
75.631,12.0544,OSM,IN,,
75.5311,11.9178,OSM,IN,,
75.5737,11.967,OSM,IN,,
75.4197,14.754,OSM,IN,,
75.4253,14.7621,OSM,IN,,
75.5251,14.7058,OSM,IN,,
77.2896,13.3111,OSM,IN,,
77.2864,13.3457,OSM,IN,,
77.2493,13.4269,OSM,IN,,
77.2488,13.3141,OSM,IN,,
77.2599,13.3049,OSM,IN,,
77.2574,13.2805,OSM,IN,,
77.2148,13.2976,OSM,IN,,
77.2288,13.3005,OSM,IN,,
77.2161,13.2633,OSM,IN,,
75.6116,11.8001,OSM,IN,dimension_stone,
75.52,12.0766,OSM,IN,dimension_stone,
75.6143,11.8617,OSM,IN,dimension_stone,
75.6058,11.859,OSM,IN,dimension_stone,
75.6187,11.8558,OSM,IN,dimension_stone,
75.6232,11.8571,OSM,IN,dimension_stone,
73.7691,15.6798,OSM,IN,,
73.769,15.6707,OSM,IN,,
73.8599,15.7206,OSM,IN,,
73.7036,15.7548,OSM,IN,,
73.699,15.751,OSM,IN,,
73.7051,15.7491,OSM,IN,,
73.71,15.7469,OSM,IN,,
73.7088,15.7676,OSM,IN,,
73.7804,15.7476,OSM,IN,,
73.7558,15.7499,OSM,IN,,
73.7327,15.7454,OSM,IN,,
73.7615,15.7547,OSM,IN,,
73.7659,15.7634,OSM,IN,,
73.7568,15.768,OSM,IN,,
73.7437,15.7723,OSM,IN,,
76.7617,15.1409,OSM,IN,,
77.7179,13.1507,OSM,IN,,
77.6063,12.7382,OSM,IN,,
75.2666,12.1512,OSM,IN,dimension_stone,
77.9401,13.1972,OSM,IN,,
75.273,12.1821,OSM,IN,dimension_stone,
75.2747,12.1848,OSM,IN,dimension_stone,
75.5702,12.0039,OSM,IN,dimension_stone,
75.5673,11.9923,OSM,IN,dimension_stone,
75.5708,11.993,OSM,IN,dimension_stone,
75.5899,11.9979,OSM,IN,dimension_stone,
75.5753,12.0055,OSM,IN,dimension_stone,
75.5878,12.0139,OSM,IN,dimension_stone,
75.6125,12.006,OSM,IN,dimension_stone,
75.6005,12.0162,OSM,IN,dimension_stone,
77.6566,13.0757,OSM,IN,,
76.5848,15.0114,OSM,IN,,
76.633,15.1066,OSM,IN,,
73.793,15.6366,OSM,IN,dimension_stone,
73.8032,15.636,OSM,IN,,
73.8035,15.6347,OSM,IN,,
73.8021,15.639,OSM,IN,dimension_stone,
74.0105,15.7244,OSM,IN,,
73.8176,15.8385,OSM,IN,,
77.4116,12.9366,OSM,IN,,
76.6569,15.0607,OSM,IN,,
76.6552,15.0609,OSM,IN,,
77.6564,13.1176,OSM,IN,,
74.3136,14.7485,OSM,IN,,
73.8926,15.495,OSM,IN,,
77.6591,13.81,OSM,IN,,
74.079,15.5101,OSM,IN,iron_ore,
74.0717,15.5364,OSM,IN,iron_ore,
74.0514,15.5311,OSM,IN,iron_ore,
74.092,15.4204,OSM,IN,,
74.0917,15.4157,OSM,IN,,
73.7923,15.6775,OSM,IN,,
74.3962,15.7352,OSM,IN,,
74.377,15.7363,OSM,IN,,
74.3846,15.7373,OSM,IN,,
74.4024,15.764,OSM,IN,,
74.4048,15.7603,OSM,IN,,
74.404,15.7586,OSM,IN,,
74.4143,15.7596,OSM,IN,,
74.4289,15.7325,OSM,IN,,
74.421,15.7316,OSM,IN,,
74.4427,15.7456,OSM,IN,,
74.4382,15.748,OSM,IN,,
74.4273,15.7809,OSM,IN,,
74.1832,15.5414,OSM,IN,,
74.0212,15.539,OSM,IN,,
74.0336,15.5353,OSM,IN,,
74.0318,15.5447,OSM,IN,,
73.9983,15.5421,OSM,IN,,
73.9974,15.5407,OSM,IN,,
74.003,15.5816,OSM,IN,,
74.0021,15.5905,OSM,IN,,
74.0044,15.5883,OSM,IN,,
74.0325,15.1384,OSM,IN,,
76.6802,15.1551,OSM,IN,,
76.6845,15.1487,OSM,IN,,
76.6744,15.1591,OSM,IN,,
76.4178,15.2275,OSM,IN,,
76.1842,13.0462,OSM,IN,,
74.0085,15.2377,OSM,IN,,
74.0287,15.142,OSM,IN,,
73.7734,15.6936,OSM,IN,,
73.7754,15.6913,OSM,IN,,
73.8028,15.6329,OSM,IN,,
74.1527,15.2717,OSM,IN,,
74.106,15.1447,OSM,IN,,
74.1211,15.1336,OSM,IN,,
74.1245,15.1412,OSM,IN,,
74.1638,15.1358,OSM,IN,,
74.2451,15.1954,OSM,IN,,
74.2307,15.2022,OSM,IN,,
74.1891,15.2357,OSM,IN,,
74.1157,15.2851,OSM,IN,,
74.1204,15.2773,OSM,IN,,
74.1285,15.2775,OSM,IN,,
74.1276,15.2809,OSM,IN,,
74.1921,15.2222,OSM,IN,,
74.1944,15.2381,OSM,IN,,
74.136,15.1836,OSM,IN,,
74.192,15.3041,OSM,IN,,
74.1683,15.4765,OSM,IN,stone,
77.3621,12.7561,OSM,IN,,
77.3688,12.7223,OSM,IN,,
75.7943,11.3883,OSM,IN,,
73.8867,15.727,OSM,IN,,
74.8226,13.7536,OSM,IN,,
74.8221,13.7523,OSM,IN,,
74.8217,13.7541,OSM,IN,Laterite,
73.7829,15.6807,OSM,IN,,
73.7813,15.6812,OSM,IN,,
73.7827,15.6824,OSM,IN,,
73.8213,15.6751,OSM,IN,,
73.836,15.6907,OSM,IN,,
73.8327,15.6918,OSM,IN,,
73.8312,15.6929,OSM,IN,,
73.8174,15.6995,OSM,IN,,
73.8664,15.7055,OSM,IN,,
73.8678,15.703,OSM,IN,,
73.8688,15.7014,OSM,IN,,
73.9329,15.7296,OSM,IN,,
73.9323,15.7161,OSM,IN,,
73.9306,15.718,OSM,IN,,
73.9308,15.7148,OSM,IN,,
73.9288,15.7156,OSM,IN,,
73.9314,15.7126,OSM,IN,,
73.8604,15.7878,OSM,IN,,
73.8618,15.7851,OSM,IN,,
73.7875,15.591,OSM,IN,,
76.27,15.3178,OSM,IN,,
75.9483,15.06,OSM,IN,,
73.7297,15.6543,OSM,IN,,
74.3177,15.901,OSM,IN,,
74.1283,15.9235,OSM,IN,bauxite,
77.5703,12.8521,OSM,IN,,
77.562,12.8522,OSM,IN,,
77.5648,12.8575,OSM,IN,,
77.814,12.6439,OSM,IN,,
77.8152,12.6545,OSM,IN,,
75.1907,12.2058,OSM,IN,stone,
74.1442,15.2782,OSM,IN,,
74.1351,15.2511,OSM,IN,,
74.14,15.2551,OSM,IN,,
74.1353,15.258,OSM,IN,,
74.1498,15.3019,OSM,IN,iron_ore,
74.1556,15.2604,OSM,IN,,
74.1617,15.2756,OSM,IN,iron_ore,
74.1914,15.2634,OSM,IN,,
74.1976,15.2554,OSM,IN,,
74.2021,15.2479,OSM,IN,,
74.2061,15.2447,OSM,IN,,
74.2222,15.2252,OSM,IN,,
74.2192,15.2388,OSM,IN,,
74.0635,15.4372,OSM,IN,,
74.0852,15.3927,OSM,IN,,
74.0792,15.3982,OSM,IN,,
74.0884,15.3983,OSM,IN,,
74.0853,15.4015,OSM,IN,,
74.1456,15.2971,OSM,IN,,
74.168,15.2871,OSM,IN,,
74.1556,15.2893,OSM,IN,iron_ore,
74.1481,15.3138,OSM,IN,,
74.144,15.3184,OSM,IN,,
74.1427,15.3214,OSM,IN,,
74.1393,15.317,OSM,IN,,
74.1376,15.3145,OSM,IN,,
74.1319,15.3215,OSM,IN,,
74.1149,15.3587,OSM,IN,,
74.0784,15.4664,OSM,IN,iron_ore,
74.0667,15.5199,OSM,IN,iron_ore,
74.157,15.4607,OSM,IN,,
74.1705,15.4678,OSM,IN,,
74.1617,15.4716,OSM,IN,,
74.1632,15.4727,OSM,IN,,
74.1558,15.4854,OSM,IN,,
77.6337,13.8092,OSM,IN,,
73.975,15.5732,OSM,IN,,
76.5919,15.0336,OSM,IN,,
76.5308,15.0463,OSM,IN,,
76.5244,15.0341,OSM,IN,,
76.5316,15.0229,OSM,IN,,
76.556,15.0205,OSM,IN,,
76.5481,15.0267,OSM,IN,,
77.5145,11.0856,OSM,IN,,
77.5357,11.0967,OSM,IN,,
74.1015,15.3891,OSM,IN,,
74.0858,15.3974,OSM,IN,,
74.1138,15.3899,OSM,IN,,
74.0935,15.3871,OSM,IN,,
74.0831,15.4036,OSM,IN,,
74.0791,15.4028,OSM,IN,,
74.0956,15.3888,OSM,IN,,
73.7903,15.591,OSM,IN,,
73.7906,15.5917,OSM,IN,,
73.7936,15.7571,OSM,IN,,
73.79,15.7583,OSM,IN,,
73.8181,15.76,OSM,IN,,
73.8214,15.5473,OSM,IN,,
77.4688,12.9663,OSM,IN,,
73.9218,15.6787,OSM,IN,,
73.8946,15.6861,OSM,IN,,
73.8903,15.6866,OSM,IN,,
73.8878,15.6894,OSM,IN,,
73.9141,15.6616,OSM,IN,,
73.9251,15.6467,OSM,IN,,
73.9571,15.6615,OSM,IN,,
73.9577,15.663,OSM,IN,,
73.9592,15.6656,OSM,IN,,
73.8684,15.6577,OSM,IN,,
73.865,15.6587,OSM,IN,,
73.8692,15.6682,OSM,IN,,
74.1593,15.5005,OSM,IN,,
74.0457,15.4762,OSM,IN,iron_ore,
74.0295,15.4862,OSM,IN,,
73.9474,15.6957,OSM,IN,,
73.8817,15.4858,OSM,IN,,
73.9628,15.312,OSM,IN,,
73.7686,15.6792,OSM,IN,,
73.7684,15.6788,OSM,IN,,
73.7642,15.6768,OSM,IN,,
73.7617,15.6093,OSM,IN,,
73.991,15.6501,OSM,IN,,
73.9923,15.6425,OSM,IN,,
74.0,15.6411,OSM,IN,,
74.0044,15.6274,OSM,IN,,
74.0229,15.6104,OSM,IN,,
74.028,15.6067,OSM,IN,,
73.9605,15.4827,OSM,IN,,
73.9645,15.4827,OSM,IN,,
74.0204,15.4123,OSM,IN,,
73.9242,15.5693,OSM,IN,,
73.9351,15.5645,OSM,IN,,
73.9403,15.5654,OSM,IN,,
73.9326,15.5589,OSM,IN,,
73.9321,15.5561,OSM,IN,,
73.9308,15.5592,OSM,IN,,
73.9279,15.5569,OSM,IN,,
73.9627,15.1267,OSM,IN,,
74.0072,15.0752,OSM,IN,,
74.014,15.074,OSM,IN,,
73.9087,15.6055,OSM,IN,,
73.9033,15.5976,OSM,IN,iron_ore,
74.0612,15.4849,OSM,IN,iron_ore,
74.0735,15.4802,OSM,IN,iron_ore,
74.1101,15.514,OSM,IN,,
74.1125,15.4872,OSM,IN,,
74.092,15.4993,OSM,IN,,
74.09,15.5012,OSM,IN,,
74.0881,15.5045,OSM,IN,,
74.0788,15.5138,OSM,IN,,
74.0827,15.5098,OSM,IN,,
74.0582,15.5369,OSM,IN,,
74.1764,15.3968,OSM,IN,,
73.8619,15.6517,OSM,IN,,
73.8538,15.6486,OSM,IN,,
73.8562,15.65,OSM,IN,,
73.8596,15.6506,OSM,IN,,
73.8553,15.6477,OSM,IN,,
73.8616,15.6476,OSM,IN,,
73.8604,15.6487,OSM,IN,,
73.9808,15.6265,OSM,IN,,
73.9553,15.6353,OSM,IN,,
73.954,15.6344,OSM,IN,,
73.9661,15.6308,OSM,IN,,
73.9703,15.6314,OSM,IN,,
73.9614,15.6339,OSM,IN,,
73.9592,15.6326,OSM,IN,,
73.9574,15.6345,OSM,IN,,
73.9524,15.6341,OSM,IN,,
73.9428,15.6356,OSM,IN,,
73.9439,15.6279,OSM,IN,,
73.9452,15.6282,OSM,IN,,
73.9514,15.6207,OSM,IN,,
73.938,15.6267,OSM,IN,,
73.9794,15.5092,OSM,IN,,
74.1782,15.3501,OSM,IN,,
74.2121,15.3428,OSM,IN,,
74.211,15.3517,OSM,IN,,
74.111,15.3885,OSM,IN,,
74.1092,15.3859,OSM,IN,,
74.2331,15.3589,OSM,IN,,
74.2299,15.3538,OSM,IN,,
74.2035,15.3993,OSM,IN,,
74.1922,15.3477,OSM,IN,,
74.0998,15.4778,OSM,IN,,
74.1194,15.4709,OSM,IN,,
77.6908,13.2977,OSM,IN,,
77.6688,13.2957,OSM,IN,,
77.6332,13.1989,OSM,IN,,
74.0841,15.2747,OSM,IN,,
74.0925,15.2701,OSM,IN,,
74.0884,15.2694,OSM,IN,,
74.0244,15.2553,OSM,IN,,
74.0249,15.2577,OSM,IN,,
73.7334,15.6567,OSM,IN,,
73.7341,15.6567,OSM,IN,,
73.7352,15.6569,OSM,IN,,
73.734,15.6558,OSM,IN,,
73.7331,15.6565,OSM,IN,,
73.8175,15.6365,OSM,IN,,
74.0726,15.5259,OSM,IN,,
74.0398,15.5789,OSM,IN,,
74.0369,15.5755,OSM,IN,,
74.0435,15.5845,OSM,IN,,
74.0413,15.5841,OSM,IN,,
77.4234,12.9421,OSM,IN,,
76.3237,15.38,OSM,IN,,
77.5872,13.2005,OSM,IN,,
77.592,13.1977,OSM,IN,,
74.4964,15.1395,OSM,IN,,
77.7415,13.128,OSM,IN,,
73.833,15.629,OSM,IN,,
74.0737,15.7324,OSM,IN,,
77.9634,12.6607,OSM,IN,,
73.7616,15.7106,OSM,IN,,
74.491,14.282,OSM,IN,,
75.7775,13.7539,OSM,IN,,
75.7497,13.539,OSM,IN,,
75.7405,13.5428,OSM,IN,,
75.7417,13.5489,OSM,IN,,
75.7589,13.5445,OSM,IN,,
74.3052,14.6095,OSM,IN,,
74.3075,14.6067,OSM,IN,,
74.3187,14.6289,OSM,IN,,
74.3216,14.6327,OSM,IN,,
74.325,14.6355,OSM,IN,,
74.3203,14.626,OSM,IN,,
74.334,14.6249,OSM,IN,,
74.343,14.6241,OSM,IN,,
74.3398,14.6148,OSM,IN,,
74.3447,14.6143,OSM,IN,,
77.6286,13.1074,OSM,IN,,
73.7269,15.7807,OSM,IN,,
73.9972,15.6021,OSM,IN,,
73.9961,15.6009,OSM,IN,,
73.9918,15.6018,OSM,IN,,
73.9935,15.6009,OSM,IN,,
74.1213,15.4591,OSM,IN,,
74.0958,15.4885,OSM,IN,,
74.2066,15.359,OSM,IN,,
74.2177,15.3785,OSM,IN,,
74.2214,15.3857,OSM,IN,,
74.2201,15.3868,OSM,IN,,
74.2318,15.37,OSM,IN,,
74.1796,15.452,OSM,IN,,
74.1784,15.4424,OSM,IN,,
74.1798,15.446,OSM,IN,,
74.1829,15.4493,OSM,IN,,
74.185,15.4421,OSM,IN,,
74.185,15.4321,OSM,IN,,
74.0789,15.5686,OSM,IN,,
74.1757,15.537,OSM,IN,,
74.2563,15.0084,OSM,IN,,
74.2554,15.0453,OSM,IN,manganese,
74.2584,15.0482,OSM,IN,manganese,
74.2602,15.0132,OSM,IN,,
74.2504,15.0168,OSM,IN,,
74.2495,15.0137,OSM,IN,,
74.2753,15.1937,OSM,IN,,
74.2451,15.1661,OSM,IN,,
74.2432,15.1648,OSM,IN,,
74.2276,15.1581,OSM,IN,,
74.2256,15.1578,OSM,IN,,
74.2492,15.1978,OSM,IN,,
74.2391,15.1992,OSM,IN,,
73.7959,15.5905,OSM,IN,,
74.2319,15.3231,OSM,IN,,
74.2136,15.3343,OSM,IN,,
74.1783,15.3396,OSM,IN,,
74.1626,15.3349,OSM,IN,,
74.1613,15.3358,OSM,IN,,
74.1644,15.3431,OSM,IN,,
74.1707,15.3457,OSM,IN,,
74.1666,15.3461,OSM,IN,,
74.164,15.3401,OSM,IN,,
74.1621,15.3205,OSM,IN,,
74.162,15.3187,OSM,IN,,
74.1783,15.2969,OSM,IN,,
74.1766,15.2914,OSM,IN,,
74.1922,15.2691,OSM,IN,,
74.2831,15.4379,OSM,IN,,
74.3418,15.3505,OSM,IN,,
74.3243,15.2593,OSM,IN,,
74.3256,15.2597,OSM,IN,,
74.2221,15.1733,OSM,IN,,
74.2197,15.1719,OSM,IN,,
74.2191,15.1712,OSM,IN,,
74.4866,15.6008,OSM,IN,,
74.4809,15.5921,OSM,IN,,
74.4755,15.5891,OSM,IN,,
74.4778,15.5901,OSM,IN,,
74.4756,15.5866,OSM,IN,,
74.1404,15.3591,OSM,IN,,
74.1287,15.3555,OSM,IN,iron_ore,
74.2194,15.3437,OSM,IN,,
74.1699,15.2602,OSM,IN,,
73.7113,15.7054,OSM,IN,,
74.152,15.2812,OSM,IN,,
74.1512,15.2789,OSM,IN,,
74.1611,15.2882,OSM,IN,iron_ore,
74.7369,13.7533,OSM,IN,,
74.2137,15.7044,OSM,IN,,
74.215,15.7019,OSM,IN,,
74.2483,15.7032,OSM,IN,,
74.1055,15.4768,OSM,IN,,
73.881,15.8482,OSM,IN,,
73.8204,15.7556,OSM,IN,,
73.8127,15.7545,OSM,IN,,
73.9162,15.6755,OSM,IN,,
73.9112,15.6524,OSM,IN,,
73.9087,15.6537,OSM,IN,,
74.0227,15.652,OSM,IN,,
73.9926,15.6468,OSM,IN,,
73.9975,15.5909,OSM,IN,,
74.0075,15.5869,OSM,IN,,
74.0094,15.5845,OSM,IN,,
73.7555,15.6853,OSM,IN,,
73.7791,15.6968,OSM,IN,,
73.7743,15.7069,OSM,IN,,
73.776,15.7044,OSM,IN,,
73.774,15.7048,OSM,IN,,
74.197,15.0857,OSM,IN,,
74.1161,15.0119,OSM,IN,,
74.1144,15.0145,OSM,IN,,
73.8488,15.9127,OSM,IN,,
74.066,15.3944,OSM,IN,,
74.0739,15.3852,OSM,IN,,
74.1096,15.3673,OSM,IN,,
73.9872,15.1509,OSM,IN,,
74.0187,15.1623,OSM,IN,,
74.012,15.1463,OSM,IN,,
74.0023,15.1428,OSM,IN,,
74.0112,15.1399,OSM,IN,,
74.1275,15.6924,OSM,IN,,
73.9622,15.5576,OSM,IN,,
73.9578,15.5608,OSM,IN,,
74.1889,15.5717,OSM,IN,,
74.2984,15.5271,OSM,IN,,
74.3053,15.525,OSM,IN,,
74.3252,14.533,OSM,IN,pierre,
74.1305,15.3689,OSM,IN,,
74.1379,15.3651,OSM,IN,,
74.1694,15.2756,OSM,IN,,
74.1631,15.2664,OSM,IN,iron_ore,
74.347,14.5374,OSM,IN,,
74.1623,15.5113,OSM,IN,,
74.0564,15.8345,OSM,IN,,
77.6675,13.0961,OSM,IN,,
77.998,12.8513,OSM,IN,,
74.3316,15.7092,OSM,IN,,
74.4731,15.6187,OSM,IN,,
74.3409,15.6515,OSM,IN,,
74.3397,15.6575,OSM,IN,,
73.9855,15.614,OSM,IN,,
73.9862,15.6095,OSM,IN,,
74.1196,15.3113,OSM,IN,,
74.0664,15.3093,OSM,IN,,
74.0442,15.6301,OSM,IN,,
73.8811,15.6262,OSM,IN,,
73.9882,15.6373,OSM,IN,,
73.9852,15.6367,OSM,IN,,
74.1606,15.4206,OSM,IN,,
74.1657,15.4232,OSM,IN,,
73.837,15.6907,OSM,IN,,
73.8452,15.7042,OSM,IN,,
73.8413,15.7029,OSM,IN,,
73.8401,15.7027,OSM,IN,,
73.8401,15.7006,OSM,IN,,
73.8387,15.701,OSM,IN,,
73.8329,15.6994,OSM,IN,,
73.7808,15.6239,OSM,IN,,
73.9959,15.0805,OSM,IN,,
74.0353,15.0018,OSM,IN,,
73.9558,15.1195,OSM,IN,,
73.9672,15.1186,OSM,IN,,
73.9597,15.1125,OSM,IN,,
74.0699,15.0284,OSM,IN,,
74.0156,15.4599,OSM,IN,,
73.9912,15.4782,OSM,IN,,
74.1856,15.3492,OSM,IN,,
74.1744,15.3603,OSM,IN,,
74.1714,15.3623,OSM,IN,,
74.2274,15.3263,OSM,IN,,
74.2309,15.3424,OSM,IN,,
73.9759,15.5694,OSM,IN,,
73.9713,15.5666,OSM,IN,,
73.9726,15.5646,OSM,IN,,
74.0263,15.1578,OSM,IN,,
74.1538,15.2155,OSM,IN,,
73.9583,15.2951,OSM,IN,,
74.5422,15.6505,OSM,IN,,
74.547,15.6515,OSM,IN,,
74.5504,15.6538,OSM,IN,,
73.8112,15.6766,OSM,IN,,
76.5445,11.32,OSM,IN,,
92.7481,11.6328,OSM,IN,,
92.7102,11.6131,OSM,IN,,
92.7418,11.6231,OSM,IN,,
92.748,11.6326,OSM,IN,,
73.2332,19.1702,OSM,IN,,
73.0233,19.072,OSM,IN,,
77.3123,17.1643,OSM,IN,limestone,
77.4976,17.3424,OSM,IN,,
77.1783,17.1277,OSM,IN,limestone,
74.8686,16.0826,OSM,IN,,
74.8535,16.0563,OSM,IN,,
74.7883,16.0645,OSM,IN,,
74.8961,16.0154,OSM,IN,,
74.9135,16.0039,OSM,IN,,
74.5889,18.4277,OSM,IN,,
76.9768,17.0663,OSM,IN,,
76.9695,17.1745,OSM,IN,,
77.4742,17.343,OSM,IN,,
77.4726,17.3362,OSM,IN,,
77.5056,17.2954,OSM,IN,,
77.4714,17.317,OSM,IN,,
73.8471,18.4273,OSM,IN,,
73.8552,18.4258,OSM,IN,,
77.276,19.0692,OSM,IN,,
73.3152,18.1853,OSM,IN,,
73.612,19.7562,OSM,IN,,
73.615,19.751,OSM,IN,,
73.6204,19.797,OSM,IN,,
73.617,19.7447,OSM,IN,,
73.5548,19.7834,OSM,IN,,
73.6088,19.8475,OSM,IN,,
73.6042,19.8208,OSM,IN,,
73.6252,19.8283,OSM,IN,,
73.6285,19.8333,OSM,IN,,
74.2182,16.9293,OSM,IN,,
74.2189,16.9302,OSM,IN,,
74.212,16.9834,OSM,IN,,
73.0394,19.8483,OSM,IN,,
73.0087,19.7756,OSM,IN,,
73.4193,16.9583,OSM,IN,,
73.0752,19.545,OSM,IN,,
73.0721,19.5478,OSM,IN,,
73.1759,19.3346,OSM,IN,,
73.1311,19.0258,OSM,IN,,
74.2404,20.6084,OSM,IN,,
74.4341,20.577,OSM,IN,,
74.5273,20.5618,OSM,IN,,
74.5112,20.547,OSM,IN,,
73.2071,19.2216,OSM,IN,,
73.3384,18.2546,OSM,IN,,
73.3223,18.248,OSM,IN,,
73.314,18.3474,OSM,IN,,
73.1909,18.1864,OSM,IN,,
73.4078,19.0264,OSM,IN,,
73.3997,19.0193,OSM,IN,,
74.2996,18.0191,OSM,IN,,
73.1056,20.4407,OSM,IN,,
73.1057,20.4377,OSM,IN,,
73.9941,19.5191,OSM,IN,,
75.4028,20.6609,OSM,IN,,
75.4752,20.6561,OSM,IN,,
74.3568,19.6679,OSM,IN,,
75.2208,19.1475,OSM,IN,,
75.7439,18.2572,OSM,IN,,
74.3775,18.4473,OSM,IN,,
74.5088,18.4215,OSM,IN,,
75.3067,18.4442,OSM,IN,,
74.7427,16.9556,OSM,IN,,
74.7357,16.9491,OSM,IN,,
73.0279,19.099,OSM,IN,,
73.0357,19.0725,OSM,IN,,
73.0318,19.2815,OSM,IN,,
73.0487,19.2452,OSM,IN,,
73.9743,19.5008,OSM,IN,,
73.9143,19.1676,OSM,IN,,
76.6479,16.2043,OSM,IN,,
73.3152,18.2435,OSM,IN,,
74.7976,20.0315,OSM,IN,,
74.684,18.9519,OSM,IN,,
73.2274,18.8905,OSM,IN,,
73.0008,18.0652,OSM,IN,,
73.2724,18.6336,OSM,IN,,
73.4602,19.6255,OSM,IN,,
74.6799,19.0756,OSM,IN,,
73.3765,18.6272,OSM,IN,,
74.4274,17.7378,OSM,IN,,
74.7073,18.6195,OSM,IN,,
73.3518,19.1348,OSM,IN,,
73.9398,19.8827,OSM,IN,,
73.0111,19.1693,OSM,IN,,
73.8637,19.8312,OSM,IN,,
73.2161,18.9075,OSM,IN,,
73.024,19.5953,OSM,IN,,
74.0851,17.244,OSM,IN,,
74.0851,17.2473,OSM,IN,,
74.11,17.2504,OSM,IN,,
73.3935,19.2436,OSM,IN,,
73.4328,18.2507,OSM,IN,,
73.4303,18.2497,OSM,IN,,
73.3249,18.3119,OSM,IN,,
73.9562,20.1398,OSM,IN,,
76.5484,18.8888,OSM,IN,,
74.9008,19.7081,OSM,IN,,
76.603,17.8941,OSM,IN,,
76.3634,18.609,OSM,IN,,
76.9194,18.127,OSM,IN,,
73.9852,17.6725,OSM,IN,,
73.8973,17.7763,OSM,IN,,
73.8979,17.777,OSM,IN,,
73.2115,18.2988,OSM,IN,,
73.4942,17.6511,OSM,IN,,
74.4601,19.8127,OSM,IN,,
74.1682,19.6318,OSM,IN,,
75.8692,19.7784,OSM,IN,,
73.7469,19.0939,OSM,IN,,
73.8953,18.7029,OSM,IN,,
73.2429,19.4125,OSM,IN,,
73.0808,18.4362,OSM,IN,,
73.0855,18.4355,OSM,IN,,
73.0855,18.4382,OSM,IN,,
73.7404,19.9417,OSM,IN,,
73.7332,19.942,OSM,IN,,
74.1373,20.0099,OSM,IN,,
73.9025,19.2662,OSM,IN,,
73.9046,19.2679,OSM,IN,,
75.8242,19.6314,OSM,IN,,
74.0308,19.9331,OSM,IN,,
73.6934,19.929,OSM,IN,,
75.2833,19.7461,OSM,IN,,
73.3067,19.4056,OSM,IN,,
73.0141,18.3349,OSM,IN,,
74.4203,20.3388,OSM,IN,,
74.3709,20.2747,OSM,IN,,
73.4905,17.4733,OSM,IN,,
73.1713,19.5624,OSM,IN,,
73.1443,19.5549,OSM,IN,,
76.9268,17.1355,OSM,IN,,
76.9194,17.1361,OSM,IN,,
76.9347,17.1326,OSM,IN,,
74.0099,20.5071,OSM,IN,,
73.4192,16.6969,OSM,IN,,
74.3104,17.9583,OSM,IN,,
74.3101,17.9612,OSM,IN,,
74.4673,18.0453,OSM,IN,,
74.4891,18.0166,OSM,IN,,
73.6932,19.9443,OSM,IN,,
74.5142,18.4488,OSM,IN,,
75.7495,20.1899,OSM,IN,,
73.0517,18.8938,OSM,IN,,
73.0092,18.9467,OSM,IN,,
73.0186,18.953,OSM,IN,,
73.0274,18.9519,OSM,IN,,
73.9867,17.7616,OSM,IN,,
74.8384,18.2931,OSM,IN,,
74.353,19.6271,OSM,IN,,
73.0588,18.8922,OSM,IN,,
73.131,19.11,OSM,IN,,
73.1511,19.1386,OSM,IN,,
73.1609,19.1327,OSM,IN,,
73.1546,19.1326,OSM,IN,,
75.2944,19.6904,OSM,IN,,
73.0577,18.9511,OSM,IN,,
73.0545,18.9726,OSM,IN,,
74.5548,18.4036,OSM,IN,,
77.4157,19.0319,OSM,IN,,
73.6382,18.4865,OSM,IN,,
76.9098,17.1592,OSM,IN,,
76.9455,17.1269,OSM,IN,,
76.9465,17.1263,OSM,IN,,
76.9492,17.1247,OSM,IN,,
76.9516,17.1212,OSM,IN,,
73.127,19.3812,OSM,IN,,
73.138,19.3519,OSM,IN,,
74.6301,20.063,OSM,IN,,
74.772,16.2228,OSM,IN,,
74.7644,16.2143,OSM,IN,,
73.1961,19.2376,OSM,IN,,
73.6533,18.7772,OSM,IN,,
73.6547,18.8028,OSM,IN,,
77.4262,20.5929,OSM,IN,,
73.0691,19.5457,OSM,IN,,
73.0386,19.1246,OSM,IN,,
73.0388,19.1211,OSM,IN,,
73.0384,19.1181,OSM,IN,,
73.051,19.1173,OSM,IN,,
73.052,19.1012,OSM,IN,,
73.0383,19.1383,OSM,IN,,
76.4529,18.405,OSM,IN,,
77.076,17.1121,OSM,IN,,
77.0998,17.1082,OSM,IN,,
74.3048,18.8136,OSM,IN,,
77.0203,17.0428,OSM,IN,,
77.0,17.0724,OSM,IN,,
77.0185,17.0714,OSM,IN,,
76.8778,17.281,OSM,IN,,
77.018,17.1138,OSM,IN,,
76.9946,17.1076,OSM,IN,,
76.9869,17.1014,OSM,IN,,
76.9633,17.0737,OSM,IN,,
76.9169,17.0914,OSM,IN,,
76.8989,17.0642,OSM,IN,,
76.9162,17.0541,OSM,IN,,
76.9225,17.0489,OSM,IN,,
76.9792,17.013,OSM,IN,,
74.4327,18.1476,OSM,IN,,
74.2621,17.2175,OSM,IN,,
74.1733,17.2329,OSM,IN,,
74.1727,17.2272,OSM,IN,,
74.4361,20.1784,OSM,IN,,
74.6658,20.3114,OSM,IN,,
73.9221,19.1672,OSM,IN,,
73.922,19.1692,OSM,IN,,
73.916,19.1692,OSM,IN,,
73.9194,19.1715,OSM,IN,,
74.1136,19.3017,OSM,IN,,
73.3983,17.078,OSM,IN,,
73.9326,18.9897,OSM,IN,,
73.9308,17.8094,OSM,IN,,
77.4634,17.3177,OSM,IN,,
73.8939,18.4297,OSM,IN,,
73.8664,18.4266,OSM,IN,,
73.8702,18.4294,OSM,IN,,
73.8718,18.4265,OSM,IN,,
73.8085,18.3112,OSM,IN,,
74.0258,18.3016,OSM,IN,,
73.8397,18.0653,OSM,IN,,
74.741,20.8355,OSM,IN,,
73.8357,18.4091,OSM,IN,,
73.8266,18.4257,OSM,IN,,
73.9254,18.4207,OSM,IN,,
73.1373,19.7072,OSM,IN,,
73.0231,18.9445,OSM,IN,,
75.3278,16.2204,OSM,IN,,
75.3765,16.1737,OSM,IN,,
75.3495,16.1776,OSM,IN,,
75.3514,16.1719,OSM,IN,,
76.0876,19.9402,OSM,IN,,
75.688,19.9018,OSM,IN,,
75.365,19.9732,OSM,IN,,
74.0596,18.3797,OSM,IN,,
76.48,18.8685,OSM,IN,,
74.6893,18.6933,OSM,IN,,
73.9474,19.8928,OSM,IN,,
73.9482,19.9056,OSM,IN,,
73.2352,19.1924,OSM,IN,,
74.6916,19.2582,OSM,IN,,
75.7664,16.846,OSM,IN,,
73.2066,17.9291,OSM,IN,,
73.0891,17.9204,OSM,IN,,
73.7147,18.637,OSM,IN,,
73.3208,19.1218,OSM,IN,,
73.9307,17.7046,OSM,IN,,
73.857,18.8337,OSM,IN,,
74.3114,18.7892,OSM,IN,,
74.3208,18.7928,OSM,IN,,
73.325,18.8348,OSM,IN,,
77.4093,16.4376,OSM,IN,,
76.9143,16.7104,OSM,IN,,
76.9004,16.7845,OSM,IN,,
76.8963,16.8346,OSM,IN,,
76.8906,16.8064,OSM,IN,,
76.7777,16.2678,OSM,IN,,
76.2645,16.486,OSM,IN,,
76.2961,16.4772,OSM,IN,,
76.2645,16.475,OSM,IN,,
73.59,16.7485,OSM,IN,,
73.9018,16.834,OSM,IN,,
73.8756,16.8502,OSM,IN,,
73.1019,17.9115,OSM,IN,,
73.1042,17.9035,OSM,IN,,
73.115,17.9609,OSM,IN,,
73.0352,18.1086,OSM,IN,,
73.5579,16.5977,OSM,IN,,
73.5268,16.5926,OSM,IN,,
73.5347,16.6019,OSM,IN,,
73.5276,16.6047,OSM,IN,,
73.4618,16.5833,OSM,IN,,
73.503,16.6594,OSM,IN,,
73.3418,19.0794,OSM,IN,,
73.343,19.0831,OSM,IN,,
76.0332,18.2787,OSM,IN,,
75.245,16.2281,OSM,IN,,
75.5166,16.158,OSM,IN,,
75.5188,16.1553,OSM,IN,,
77.9776,17.4429,OSM,IN,,
73.9433,16.4482,OSM,IN,,
73.9193,16.4871,OSM,IN,,
75.7371,16.126,OSM,IN,,
75.7356,16.1153,OSM,IN,,
75.7029,16.1164,OSM,IN,,
75.6451,16.1082,OSM,IN,,
75.6479,16.1095,OSM,IN,,
75.2904,16.201,OSM,IN,,
73.1191,18.8292,OSM,IN,,
73.3249,18.8186,OSM,IN,,
73.205,19.2452,OSM,IN,,
73.1811,19.235,OSM,IN,,
73.632,16.5939,OSM,IN,,
73.3597,16.6647,OSM,IN,,
73.4302,16.5835,OSM,IN,,
73.796,16.9496,OSM,IN,,
73.8464,16.9062,OSM,IN,bauxite,
73.8299,17.0867,OSM,IN,bauxite,
73.8334,17.0936,OSM,IN,bauxite,
77.3434,17.1992,OSM,IN,limestone,
77.3891,17.1632,OSM,IN,limestone,
77.3525,17.1657,OSM,IN,limestone,
77.3328,17.1444,OSM,IN,limestone,
77.1491,17.1199,OSM,IN,limestone,
77.4101,17.4528,OSM,IN,,
77.4525,17.4265,OSM,IN,,
73.8106,16.4174,OSM,IN,,
73.8085,16.42,OSM,IN,,
73.8066,16.2485,OSM,IN,,
73.7953,16.3617,OSM,IN,,
76.0998,18.8288,OSM,IN,,
76.1009,18.8357,OSM,IN,,
76.1039,18.8271,OSM,IN,,
76.0992,18.8242,OSM,IN,,
76.3611,18.9679,OSM,IN,,
76.367,18.9703,OSM,IN,,
76.3937,18.9749,OSM,IN,,
76.3793,18.9627,OSM,IN,,
77.1308,19.2891,OSM,IN,,
77.1272,19.29,OSM,IN,,
77.1488,19.279,OSM,IN,,
77.7992,20.3068,OSM,IN,,
75.8197,19.5975,OSM,IN,,
77.7776,20.5931,OSM,IN,,
77.9031,20.9477,OSM,IN,,
77.3015,20.6962,OSM,IN,,
77.3119,20.6994,OSM,IN,,
77.3146,20.696,OSM,IN,,
77.2994,20.6865,OSM,IN,,
77.3015,20.6916,OSM,IN,,
77.2978,20.6901,OSM,IN,,
77.2914,20.6932,OSM,IN,,
77.2967,20.6938,OSM,IN,,
77.2988,20.6839,OSM,IN,,
77.3068,20.6694,OSM,IN,,
77.0858,20.6191,OSM,IN,,
77.0928,20.6014,OSM,IN,,
77.0979,20.6017,OSM,IN,,
77.1116,20.6548,OSM,IN,,
77.0788,20.6319,OSM,IN,,
77.0705,20.6329,OSM,IN,,
77.6132,20.7479,OSM,IN,,
77.6138,20.7499,OSM,IN,,
77.5113,20.7439,OSM,IN,,
77.5792,20.7775,OSM,IN,,
76.2291,20.8226,OSM,IN,,
76.6139,20.729,OSM,IN,,
76.607,20.7292,OSM,IN,,
76.1507,20.687,OSM,IN,,
76.6192,20.6853,OSM,IN,,
76.6185,20.6803,OSM,IN,,
76.6248,20.6814,OSM,IN,,
76.6516,20.6643,OSM,IN,,
76.5619,20.6569,OSM,IN,,
76.6224,20.7244,OSM,IN,,
76.6322,20.7195,OSM,IN,,
76.619,20.7164,OSM,IN,,
76.3536,20.748,OSM,IN,,
76.3539,20.7426,OSM,IN,,
76.5244,20.7203,OSM,IN,,
76.5225,20.7185,OSM,IN,,
76.519,20.7489,OSM,IN,,
76.517,20.7446,OSM,IN,,
76.5055,20.7827,OSM,IN,,
76.4946,20.7729,OSM,IN,,
73.2594,19.0943,OSM,IN,,
73.2324,19.1439,OSM,IN,,
76.21,20.5317,OSM,IN,,
76.2433,20.5349,OSM,IN,,
76.1593,20.4436,OSM,IN,,
74.7782,19.1508,OSM,IN,,
74.7985,19.1477,OSM,IN,,
76.1819,20.2417,OSM,IN,,
76.1886,20.2378,OSM,IN,,
76.2026,20.2322,OSM,IN,,
76.4807,20.4345,OSM,IN,,
76.6703,20.2139,OSM,IN,,
76.6477,20.2435,OSM,IN,,
76.685,20.2868,OSM,IN,,
76.7266,20.2876,OSM,IN,,
76.6489,20.1106,OSM,IN,,
76.2782,20.1652,OSM,IN,,
75.4447,20.9849,OSM,IN,,
74.7214,16.5055,OSM,IN,,
74.5338,16.7651,OSM,IN,,
74.5345,16.7572,OSM,IN,,
74.5087,16.6346,OSM,IN,,
74.2682,16.7865,OSM,IN,,
74.2624,16.7798,OSM,IN,,
76.0537,16.4664,OSM,IN,,
76.5787,17.5678,OSM,IN,,
77.3882,16.1307,OSM,IN,,
73.3669,18.7386,OSM,IN,,
73.0301,19.0406,OSM,IN,,
75.9299,17.7177,OSM,IN,,
76.5131,18.2313,OSM,IN,,
76.1025,17.6845,OSM,IN,,
76.0975,17.6891,OSM,IN,,
73.6576,18.7927,OSM,IN,,
73.6645,18.794,OSM,IN,,
73.5651,19.4709,OSM,IN,,
73.5663,19.4689,OSM,IN,,
73.4337,17.6446,OSM,IN,,
74.5537,16.7637,OSM,IN,stone,
73.6572,18.5087,OSM,IN,,
73.0542,18.1722,OSM,IN,,
73.0202,18.174,OSM,IN,,
73.0205,18.1699,OSM,IN,,
73.0159,18.1823,OSM,IN,,
73.0299,18.1992,OSM,IN,,
73.0058,18.2378,OSM,IN,,
73.5625,16.0628,OSM,IN,,
73.566,16.0607,OSM,IN,,
73.5786,16.0631,OSM,IN,,
73.5568,16.0568,OSM,IN,,
73.5544,16.0405,OSM,IN,,
74.2509,16.2759,OSM,IN,,
73.649,16.1354,OSM,IN,,
73.6241,16.1551,OSM,IN,,
73.6154,16.1603,OSM,IN,,
73.6598,16.165,OSM,IN,,
73.6653,16.1593,OSM,IN,,
73.3189,18.943,OSM,IN,,
73.3077,18.9284,OSM,IN,,
73.224,18.8749,OSM,IN,,
73.7066,18.6148,OSM,IN,,
74.2061,17.2457,OSM,IN,,
73.8893,17.3466,OSM,IN,,
73.8461,17.9304,OSM,IN,,
73.8922,17.9274,OSM,IN,,
73.8871,17.9207,OSM,IN,,
73.9427,17.8651,OSM,IN,,
74.015,17.6697,OSM,IN,,
74.0138,17.6486,OSM,IN,,
74.023,17.6381,OSM,IN,,
74.0177,17.6424,OSM,IN,,
74.8743,16.889,OSM,IN,,
74.8714,16.8861,OSM,IN,,
74.2793,17.5222,OSM,IN,,
75.6763,18.2643,OSM,IN,,
73.043,18.9658,OSM,IN,,
77.4065,17.8687,OSM,IN,,
77.3916,17.8737,OSM,IN,,
77.3852,17.8783,OSM,IN,,
77.3969,17.8916,OSM,IN,,
77.3455,17.9033,OSM,IN,,
77.055,17.9072,OSM,IN,,
77.399,17.889,OSM,IN,,
77.4012,17.9591,OSM,IN,,
73.1369,19.3792,OSM,IN,,
73.0819,19.2985,OSM,IN,,
73.1511,19.3138,OSM,IN,,
73.0536,19.0706,OSM,IN,,
73.1469,19.0425,OSM,IN,,
73.0769,19.191,OSM,IN,,
73.1762,19.1635,OSM,IN,,
73.1262,19.1945,OSM,IN,,
73.1259,19.1911,OSM,IN,,
73.1418,19.1472,OSM,IN,,
73.0356,19.0499,OSM,IN,,
73.0356,19.0501,OSM,IN,,
73.0343,19.0436,OSM,IN,,
73.5316,16.1109,OSM,IN,,
73.5363,16.1141,OSM,IN,,
73.5497,16.0991,OSM,IN,,
73.5438,16.0994,OSM,IN,,
73.5482,16.1049,OSM,IN,,
73.5429,16.1021,OSM,IN,,
73.5398,16.098,OSM,IN,,
73.5373,16.0978,OSM,IN,,
73.5299,16.0759,OSM,IN,,
73.529,16.0801,OSM,IN,,
73.5245,16.0797,OSM,IN,,
73.5446,16.0893,OSM,IN,,
73.5407,16.0855,OSM,IN,,
73.5657,16.0904,OSM,IN,,
73.5688,16.0976,OSM,IN,,
73.558,16.0956,OSM,IN,,
73.5566,16.0846,OSM,IN,,
73.5561,16.0888,OSM,IN,,
73.5476,16.0972,OSM,IN,,
73.533,16.043,OSM,IN,,
73.526,16.0491,OSM,IN,,
73.5599,16.1123,OSM,IN,,
73.575,16.1203,OSM,IN,,
73.503,16.1443,OSM,IN,,
73.5038,16.1564,OSM,IN,,
73.5739,16.1195,OSM,IN,,
73.5088,16.2396,OSM,IN,,
73.6123,16.2016,OSM,IN,,
73.6209,16.2032,OSM,IN,,
73.6757,16.2018,OSM,IN,,
73.6743,16.1999,OSM,IN,,
73.6726,16.2096,OSM,IN,,
73.6659,16.2052,OSM,IN,,
73.6666,16.1994,OSM,IN,,
73.6569,16.191,OSM,IN,,
73.6395,16.1949,OSM,IN,,
73.6462,16.2257,OSM,IN,,
73.6583,16.2419,OSM,IN,,
73.6853,16.2306,OSM,IN,,
73.6704,16.2269,OSM,IN,,
73.6761,16.2238,OSM,IN,,
73.6824,16.2255,OSM,IN,,
77.4339,17.7839,OSM,IN,,
77.4317,17.7854,OSM,IN,,
77.4974,17.9493,OSM,IN,,
77.4932,17.9485,OSM,IN,,
77.4363,17.7796,OSM,IN,,
77.4384,17.7806,OSM,IN,,
77.4401,17.7821,OSM,IN,,
77.4094,17.8134,OSM,IN,,
77.41,17.8138,OSM,IN,laterite,
77.4222,17.8118,OSM,IN,laterite,
77.3978,17.827,OSM,IN,,
77.4684,17.7755,OSM,IN,laterite,
77.5066,17.9319,OSM,IN,granite,
77.5059,17.932,OSM,IN,granite,
77.3762,17.871,OSM,IN,,
77.3771,17.8674,OSM,IN,,
77.4856,18.1279,OSM,IN,,
77.4457,18.0981,OSM,IN,,
77.496,18.0048,OSM,IN,,
77.4765,17.7609,OSM,IN,laterite,
77.4775,17.7616,OSM,IN,laterite,
77.4787,17.7575,OSM,IN,laterite,
77.4818,17.7584,OSM,IN,laterite,
77.483,17.7578,OSM,IN,laterite,
74.1481,16.4207,OSM,IN,,
74.1562,16.4466,OSM,IN,,
74.1632,16.4454,OSM,IN,,
74.1663,16.453,OSM,IN,,
73.8261,18.7127,OSM,IN,,
73.8288,18.7108,OSM,IN,,
73.8178,18.7064,OSM,IN,,
73.9819,17.0522,OSM,IN,,
73.9817,17.051,OSM,IN,,
73.9986,17.0412,OSM,IN,stone,
73.715,19.9418,OSM,IN,,
73.7129,19.9359,OSM,IN,,
73.7192,19.9397,OSM,IN,,
73.8106,20.0748,OSM,IN,,
73.8654,19.9725,OSM,IN,,
73.5794,16.0534,OSM,IN,,
73.5806,16.0556,OSM,IN,,
73.5786,16.0525,OSM,IN,,
73.5828,16.0558,OSM,IN,,
73.5816,16.058,OSM,IN,,
73.7155,16.2183,OSM,IN,,
73.7108,16.2171,OSM,IN,,
73.7107,16.2077,OSM,IN,,
73.71,16.2113,OSM,IN,,
73.7045,16.2074,OSM,IN,,
73.7064,16.2078,OSM,IN,,
73.6927,16.2179,OSM,IN,,
73.2225,18.5682,OSM,IN,,
73.1928,18.6252,OSM,IN,,
73.1522,18.6789,OSM,IN,,
73.1008,18.7153,OSM,IN,,
73.2691,18.5106,OSM,IN,,
73.2629,18.494,OSM,IN,,
73.2645,18.5028,OSM,IN,,
73.194,17.6699,OSM,IN,,
75.0247,16.0403,OSM,IN,,
75.0243,16.0283,OSM,IN,,
75.0315,16.0331,OSM,IN,,
74.0582,16.0571,OSM,IN,,
73.0376,19.1105,OSM,IN,,
73.0809,18.9648,OSM,IN,,
73.0748,18.9328,OSM,IN,,
73.084,18.9339,OSM,IN,,
73.5486,19.6168,OSM,IN,,
73.1727,19.5129,OSM,IN,,
73.4573,19.4349,OSM,IN,,
73.4529,19.4334,OSM,IN,,
73.5862,19.3344,OSM,IN,,
73.436,19.2918,OSM,IN,,
73.4785,19.3661,OSM,IN,,
73.4268,19.3175,OSM,IN,,
74.0272,17.0011,OSM,IN,stone,
79.528,18.7394,OSM,IN,,
78.3368,18.3256,OSM,IN,,
78.3639,19.0908,OSM,IN,,
80.6476,17.4548,OSM,IN,,
80.7741,17.9507,OSM,IN,coal,
79.3155,20.017,OSM,IN,coal,
79.4776,18.8033,OSM,IN,coal,
81.0402,20.5656,OSM,IN,iron_ore,
79.5313,18.7113,OSM,IN,coal,
79.3919,18.7332,OSM,IN,coal,
79.506,18.8422,OSM,IN,coal,
79.4209,16.4252,OSM,IN,,
79.28,19.8183,OSM,IN,coal,
79.3389,19.8225,OSM,IN,,
79.3069,19.9176,OSM,IN,coal,
79.3465,19.8317,OSM,IN,coal,
81.191,18.678,OSM,IN,iron_ore,
81.2205,18.6918,OSM,IN,iron_ore,
81.2335,18.6335,OSM,IN,iron_ore,
79.2546,20.8619,OSM,IN,coal,
79.2046,19.7072,OSM,IN,,
79.9187,20.1065,OSM,IN,,
80.2205,17.5248,OSM,IN,,
82.1031,17.3052,OSM,IN,,
82.1029,17.3084,OSM,IN,,
82.1073,17.3033,OSM,IN,,
80.4842,17.6199,OSM,IN,coal,
81.0923,20.572,OSM,IN,iron_ore,
81.0636,20.4097,OSM,IN,iron_ore,
79.1535,19.6448,OSM,IN,,
79.1012,19.9377,OSM,IN,coal,
79.0138,19.8356,OSM,IN,,
79.0613,19.8622,OSM,IN,,
79.1575,19.7974,OSM,IN,,
79.0452,19.8018,OSM,IN,,
79.0545,19.7899,OSM,IN,,
80.3236,17.5729,OSM,IN,coal,
80.4522,16.6397,OSM,IN,,
80.4478,16.6733,OSM,IN,,
80.4718,16.6262,OSM,IN,,
80.4438,16.6513,OSM,IN,,
78.1833,20.9019,OSM,IN,,
78.693,17.5444,OSM,IN,,
79.4981,17.9759,OSM,IN,,
79.2241,19.6069,OSM,IN,,
79.2297,19.5992,OSM,IN,,
79.3289,19.0254,OSM,IN,,
81.6283,17.0306,OSM,IN,,
81.5985,17.0262,OSM,IN,,
78.6639,17.4438,OSM,IN,,
78.4081,17.5248,OSM,IN,,
79.7618,18.0423,OSM,IN,,
78.3888,17.2938,OSM,IN,,
78.3758,17.3041,OSM,IN,,
79.4821,17.9154,OSM,IN,,
79.4743,17.9281,OSM,IN,,
79.4669,17.929,OSM,IN,,
79.4949,17.9028,OSM,IN,,
79.5095,17.9274,OSM,IN,,
82.1398,17.2289,OSM,IN,,
80.3588,16.3234,OSM,IN,,
81.8616,18.9876,OSM,IN,,
81.845,19.0069,OSM,IN,,
79.9202,17.3379,OSM,IN,,
79.9299,17.3412,OSM,IN,,
79.8609,18.1192,OSM,IN,,
79.9685,16.7577,OSM,IN,,
80.1438,16.8064,OSM,IN,,
80.1382,16.8402,OSM,IN,,
80.1563,16.8792,OSM,IN,,
80.1098,16.8565,OSM,IN,,
80.1161,16.8667,OSM,IN,,
80.0479,16.8648,OSM,IN,,
79.9372,16.7859,OSM,IN,,
79.9228,16.8028,OSM,IN,,
79.901,16.7937,OSM,IN,,
80.0146,16.8298,OSM,IN,,
80.0542,16.8786,OSM,IN,,
80.0525,16.8568,OSM,IN,,
80.0681,16.8458,OSM,IN,,
79.8584,18.458,OSM,IN,coal,
79.5274,19.0453,OSM,IN,,
78.833,19.8043,OSM,IN,,
78.8822,19.8488,OSM,IN,,
79.1041,20.1431,OSM,IN,,
78.974,18.1721,OSM,IN,,
79.7042,16.7105,OSM,IN,,
79.6812,16.7204,OSM,IN,,
79.6691,16.6691,OSM,IN,,
79.7092,16.6565,OSM,IN,,
79.8274,16.7059,OSM,IN,,
79.8579,16.7134,OSM,IN,,
79.8632,16.7528,OSM,IN,,
79.9807,16.8362,OSM,IN,,
79.8955,16.5533,OSM,IN,,
79.8733,16.5298,OSM,IN,,
79.8751,16.5023,OSM,IN,,
79.3161,19.8123,OSM,IN,coal,
79.2925,19.7767,OSM,IN,coal,
80.928,20.4586,OSM,IN,iron_ore,
80.927,20.4377,OSM,IN,iron_ore,
80.9202,20.4421,OSM,IN,iron_ore,
80.9901,20.487,OSM,IN,,
78.9464,16.538,OSM,IN,,
81.0695,20.41,OSM,IN,iron_ore,
79.7326,18.1358,OSM,IN,,
82.3536,17.4197,OSM,IN,,
82.3511,17.4208,OSM,IN,,
82.3496,17.4154,OSM,IN,,
82.3583,17.412,OSM,IN,,
82.3577,17.4081,OSM,IN,,
82.3598,17.4048,OSM,IN,,
82.3621,17.4183,OSM,IN,,
78.8789,20.8676,OSM,IN,,
79.7521,16.4043,OSM,IN,,
79.0204,20.1324,OSM,IN,coal,
79.0079,20.0729,OSM,IN,,
80.7953,17.1938,OSM,IN,coal,
82.7062,20.1398,OSM,IN,,
79.7639,17.6524,OSM,IN,,
79.7726,17.6574,OSM,IN,,
79.778,17.6575,OSM,IN,,
79.7442,17.6429,OSM,IN,,
79.7503,17.6462,OSM,IN,,
78.4993,17.7828,OSM,IN,,
79.4895,18.9111,OSM,IN,coal,
80.336,16.3158,OSM,IN,,
79.3826,18.9243,OSM,IN,,
79.4143,18.9169,OSM,IN,,
82.9637,19.3422,OSM,IN,bauxite,
82.975,18.4007,OSM,IN,,
79.3129,19.0142,OSM,IN,,
79.1801,19.5768,OSM,IN,,
78.8589,19.7359,OSM,IN,,
79.0473,19.807,OSM,IN,,
79.0459,19.8101,OSM,IN,,
79.0497,19.8099,OSM,IN,,
78.9624,20.3266,OSM,IN,,
78.9462,20.2591,OSM,IN,,
78.9358,20.2465,OSM,IN,coal,
79.2736,20.0575,OSM,IN,coal,
79.3021,20.6766,OSM,IN,coal,
79.8554,18.4526,OSM,IN,coal,
80.8328,17.9772,OSM,IN,coal,
79.2882,20.8622,OSM,IN,coal,
79.2445,20.8778,OSM,IN,coal,
79.2166,19.2783,OSM,IN,coal,
79.1819,19.284,OSM,IN,,
79.2831,19.2405,OSM,IN,coal,
79.0972,19.8582,OSM,IN,coal,
79.1153,19.885,OSM,IN,coal,
79.7484,18.5209,OSM,IN,coal,
79.5728,18.6439,OSM,IN,coal,
79.5453,18.6685,OSM,IN,coal,
79.135,19.8512,OSM,IN,coal,
79.3516,19.2285,OSM,IN,coal,
79.3501,19.2147,OSM,IN,coal,
79.2376,19.8165,OSM,IN,coal,
79.3041,20.0434,OSM,IN,coal,
80.4867,17.6664,OSM,IN,coal,
79.467,19.0124,OSM,IN,coal,
78.8357,19.9602,OSM,IN,coal,
79.2533,19.8179,OSM,IN,coal,
81.2314,18.6539,OSM,IN,,
79.6025,16.684,OSM,IN,,
80.1942,17.5186,OSM,IN,,
79.5268,16.6007,OSM,IN,,
82.1815,17.3267,OSM,IN,,
82.1716,17.3265,OSM,IN,,
82.163,17.3216,OSM,IN,,
79.712,16.7157,OSM,IN,,
78.8945,18.3917,OSM,IN,,
80.9055,20.4835,OSM,IN,,
80.1122,16.8624,OSM,IN,,
82.713,18.7835,OSM,IN,,
79.9147,16.7476,OSM,IN,,
79.91,16.7377,OSM,IN,,
79.9088,16.7401,OSM,IN,,
79.9115,16.7429,OSM,IN,,
78.5999,17.5376,OSM,IN,,
78.6037,17.5374,OSM,IN,,
78.6057,17.5515,OSM,IN,,
80.9035,20.1928,OSM,IN,,
78.8898,18.3917,OSM,IN,,
79.9018,16.5091,OSM,IN,,
78.792,20.8421,OSM,IN,,
78.0658,20.3766,OSM,IN,,
78.0668,20.3737,OSM,IN,,
78.0719,20.3703,OSM,IN,,
78.0629,20.3943,OSM,IN,,
78.1297,20.3626,OSM,IN,,
78.204,20.4109,OSM,IN,,
78.2012,20.4071,OSM,IN,,
78.0932,20.8127,OSM,IN,,
78.097,20.817,OSM,IN,,
78.1271,20.8336,OSM,IN,,
80.6238,16.575,OSM,IN,,
80.7503,16.5658,OSM,IN,,
79.9325,16.4774,OSM,IN,,
79.9293,16.4702,OSM,IN,,
78.7865,20.8132,OSM,IN,,
78.7965,20.8126,OSM,IN,,
79.6586,17.1195,OSM,IN,,
80.7915,17.226,OSM,IN,coal,
79.7028,16.6959,OSM,IN,,
78.3405,19.1668,OSM,IN,,
78.3656,19.0897,OSM,IN,gravel,
78.3633,19.0907,OSM,IN,gravel,
79.2081,18.3883,OSM,IN,,
79.2115,18.4118,OSM,IN,,
79.0369,18.4343,OSM,IN,,
79.0265,18.4392,OSM,IN,,
78.9808,18.458,OSM,IN,,
78.9999,18.4288,OSM,IN,,
79.0226,18.4286,OSM,IN,,
78.0748,17.7089,OSM,IN,,
78.1131,17.6726,OSM,IN,,
78.0721,17.8004,OSM,IN,,
78.4749,19.1651,OSM,IN,,
78.0278,19.112,OSM,IN,,
78.3249,19.033,OSM,IN,,
78.3252,19.0266,OSM,IN,,
78.5475,17.6893,OSM,IN,,
78.5497,17.6881,OSM,IN,,
78.5505,17.6908,OSM,IN,,
78.5522,17.6905,OSM,IN,,
78.5546,17.6907,OSM,IN,,
78.5558,17.6883,OSM,IN,,
78.5516,17.6886,OSM,IN,,
78.5531,17.6872,OSM,IN,,
78.549,17.6914,OSM,IN,,
78.5444,17.6659,OSM,IN,,
78.5498,17.6669,OSM,IN,,
80.499,16.9973,OSM,IN,,
80.5574,16.9571,OSM,IN,,
80.5224,16.921,OSM,IN,,
79.8784,18.205,OSM,IN,,
80.193,16.1855,OSM,IN,,
79.6136,16.676,OSM,IN,,
80.5348,16.6664,OSM,IN,,
80.5287,16.6677,OSM,IN,,
82.0315,17.1307,OSM,IN,,
80.4834,16.6091,OSM,IN,,
80.7049,16.5002,OSM,IN,,
80.7032,16.5028,OSM,IN,,
80.7038,16.502,OSM,IN,,
78.6621,17.3686,OSM,IN,,
79.8855,18.117,OSM,IN,,
82.6769,17.8501,OSM,IN,,
82.6588,18.1278,OSM,IN,,
82.9888,18.8115,OSM,IN,,
80.3628,19.6279,OSM,IN,,
81.1666,19.8125,OSM,IN,,
81.2899,19.4394,OSM,IN,,
81.0667,20.3976,OSM,IN,,
80.893,20.2253,OSM,IN,,
80.8953,20.2764,OSM,IN,,
82.93,18.1736,OSM,IN,,
79.6288,20.0028,OSM,IN,,
83.8011,18.2895,OSM,IN,,
85.0704,20.8673,OSM,IN,,
85.0829,20.8795,OSM,IN,,
85.0739,20.8734,OSM,IN,,
86.0269,20.7917,OSM,IN,,
86.0447,20.7882,OSM,IN,,
86.0523,20.8013,OSM,IN,,
86.0503,20.7954,OSM,IN,,
86.1056,20.7482,OSM,IN,,
86.0597,20.8408,OSM,IN,,
86.1267,20.7276,OSM,IN,,
86.0411,20.8438,OSM,IN,,
86.0138,20.8487,OSM,IN,,
83.2043,17.7729,OSM,IN,,
86.1483,20.9637,OSM,IN,,
83.7724,18.3546,OSM,IN,,
83.9666,18.3321,OSM,IN,,
83.9629,18.3302,OSM,IN,,
83.962,18.3285,OSM,IN,,
83.9622,18.3294,OSM,IN,,
83.9706,18.2905,OSM,IN,,
83.9635,18.3314,OSM,IN,,
83.9481,18.3142,OSM,IN,,
83.9563,18.3276,OSM,IN,,
83.7962,18.2736,OSM,IN,,
83.8547,18.3738,OSM,IN,,
83.9676,18.3558,OSM,IN,,
83.9714,18.7354,OSM,IN,sand,
83.2174,18.5027,OSM,IN,,
86.2594,20.5966,OSM,IN,,
86.2617,20.5936,OSM,IN,,
86.2316,20.6312,OSM,IN,,
86.2398,20.6381,OSM,IN,,
86.2605,20.6383,OSM,IN,,
86.2518,20.6382,OSM,IN,,
86.1008,20.7263,OSM,IN,,
85.9095,20.9182,OSM,IN,,
85.9217,20.9261,OSM,IN,,
85.5118,20.0988,OSM,IN,,
85.5506,20.1118,OSM,IN,,
85.5493,20.1195,OSM,IN,,
85.5853,20.1007,OSM,IN,,
85.5568,20.1076,OSM,IN,,
85.5755,20.086,OSM,IN,,
85.5919,20.0752,OSM,IN,,
85.5851,20.0787,OSM,IN,,
84.0243,18.6663,OSM,IN,,
83.5393,18.3515,OSM,IN,,
84.0927,18.4136,OSM,IN,,
85.1441,20.9338,OSM,IN,,
85.0773,20.9576,OSM,IN,,
85.1351,20.9674,OSM,IN,coal,
83.3472,18.5342,OSM,IN,,
83.2291,18.4205,OSM,IN,,
83.0319,18.8777,OSM,IN,bauxite,
83.3956,19.6997,OSM,IN,bauxite;aluminium,
85.0119,20.9532,OSM,IN,coal,
85.0293,20.9598,OSM,IN,coal,
85.1804,20.9619,OSM,IN,coal,
85.1711,20.9724,OSM,IN,coal,
83.5478,18.2564,OSM,IN,,
83.5493,18.2639,OSM,IN,,
83.541,18.2625,OSM,IN,,
83.063,17.7036,OSM,IN,,
83.2978,17.8838,OSM,IN,,
83.3461,17.9144,OSM,IN,,
83.3212,17.9257,OSM,IN,,
83.2467,17.8563,OSM,IN,,
83.2394,17.8516,OSM,IN,,
83.2175,17.858,OSM,IN,,
83.2353,17.9066,OSM,IN,,
83.2073,17.8843,OSM,IN,,
84.7938,19.2233,OSM,IN,,
84.8845,19.2916,OSM,IN,,
85.6448,20.2301,OSM,IN,,
85.625,20.2275,OSM,IN,,
85.6147,20.2233,OSM,IN,,
84.2958,18.699,OSM,IN,,
84.3478,18.7003,OSM,IN,,
84.5652,18.9761,OSM,IN,,
84.5457,18.9535,OSM,IN,,
84.5571,18.9588,OSM,IN,,
84.1848,18.5328,OSM,IN,,
84.1116,18.5224,OSM,IN,,
83.1728,17.9352,OSM,IN,,
83.0874,17.9075,OSM,IN,,
83.245,17.9729,OSM,IN,,
84.2043,18.6145,OSM,IN,,
84.2055,18.6192,OSM,IN,,
84.0863,18.4251,OSM,IN,,
84.5607,18.951,OSM,IN,,
84.1593,18.5584,OSM,IN,,
83.7741,18.3339,OSM,IN,,
83.7812,18.3381,OSM,IN,,
84.1213,18.5014,OSM,IN,,
84.1232,18.4976,OSM,IN,,
83.0399,18.0204,OSM,IN,,
83.0236,18.0129,OSM,IN,,
83.1968,17.7697,OSM,IN,,
83.1689,17.766,OSM,IN,,
83.2503,17.8135,OSM,IN,,
83.2805,18.0289,OSM,IN,,
83.7082,18.4916,OSM,IN,,
83.7104,18.4831,OSM,IN,,
83.7073,18.483,OSM,IN,,
83.7095,18.4865,OSM,IN,,
85.6114,20.0946,OSM,IN,,
85.6025,20.0864,OSM,IN,,
85.7479,20.1576,OSM,IN,,
85.734,20.1581,OSM,IN,,
85.7049,20.1248,OSM,IN,,
85.6967,20.1296,OSM,IN,,
85.6912,20.1203,OSM,IN,,
85.7083,20.1807,OSM,IN,,
85.6625,20.1749,OSM,IN,,
83.3638,17.983,OSM,IN,,
83.3633,17.9801,OSM,IN,,
83.5416,18.4473,OSM,IN,,
83.1209,18.055,OSM,IN,,
83.0766,19.0642,OSM,IN,,
83.3284,18.173,OSM,IN,,
83.3218,18.1866,OSM,IN,,
83.3324,18.1942,OSM,IN,,
83.3402,18.1999,OSM,IN,,
83.1633,18.5843,OSM,IN,,
83.3523,17.9889,OSM,IN,,
70.8482,22.275,OSM,IN,,
71.4357,21.0346,OSM,IN,,
68.6169,23.5156,OSM,IN,limestone,
69.6805,21.7535,OSM,IN,,
70.1545,21.4458,OSM,IN,,
69.7939,23.233,OSM,IN,,
69.7632,23.2582,OSM,IN,,
72.2359,21.5704,OSM,IN,,
72.2268,21.5237,OSM,IN,,
69.7115,21.7117,OSM,IN,,
69.7056,21.7297,OSM,IN,,
71.4617,22.4498,OSM,IN,,
71.4625,22.4935,OSM,IN,,
71.4756,22.4377,OSM,IN,,
71.4762,22.4414,OSM,IN,,
71.4731,22.4606,OSM,IN,,
71.4676,22.4262,OSM,IN,,
70.2706,21.3003,OSM,IN,,
72.9517,23.6211,OSM,IN,,
72.9502,23.6314,OSM,IN,,
70.0224,21.5,OSM,IN,,
70.284,21.3085,OSM,IN,,
70.3146,21.5594,OSM,IN,,
68.962,23.5004,OSM,IN,coal,
72.3717,24.6814,OSM,IN,,
72.5777,24.6449,OSM,IN,,
72.614,25.2742,OSM,IN,,
72.7432,24.0967,OSM,IN,,
72.794,23.9776,OSM,IN,,
72.7912,24.0789,OSM,IN,,
68.323,25.5674,OSM,IN,,
68.0054,25.0061,OSM,IN,,
70.0043,23.0923,OSM,IN,,
70.0052,23.0695,OSM,IN,,
72.2042,21.6292,OSM,IN,,
72.2038,21.6645,OSM,IN,coal,
70.3916,24.7735,OSM,IN,lignite,
70.5843,21.5765,OSM,IN,,
70.5816,21.5777,OSM,IN,,
71.3579,25.898,OSM,IN,coal,
71.3503,25.9114,OSM,IN,coal,
71.3445,25.9406,OSM,IN,coal,
71.2704,25.9614,OSM,IN,coal,
69.9171,23.2873,OSM,IN,clay,
69.851,23.2751,OSM,IN,clay,
69.789,23.2617,OSM,IN,,
69.3869,23.2061,OSM,IN,,
69.3925,23.203,OSM,IN,,
69.745,23.2012,OSM,IN,,
72.8603,24.5429,OSM,IN,,
72.8122,24.5066,OSM,IN,,
70.3206,24.6709,OSM,IN,coal,
72.8849,24.6053,OSM,IN,,
68.6971,23.479,OSM,IN,limestone,
68.687,23.4814,OSM,IN,limestone,
68.6608,23.4771,OSM,IN,limestone,
68.6266,23.4471,OSM,IN,limestone,
71.4392,21.0392,OSM,IN,,
68.9522,23.5173,OSM,IN,coal,
68.8358,23.724,OSM,IN,,
68.8205,23.7304,OSM,IN,,
68.7771,23.6979,OSM,IN,lignite,
72.2159,21.6251,OSM,IN,lignite,
69.7584,21.6956,OSM,IN,,
69.7804,21.6885,OSM,IN,,
69.7971,21.6898,OSM,IN,,
72.8705,24.3471,OSM,IN,,
70.0513,21.8166,OSM,IN,,
70.0439,21.8143,OSM,IN,,
70.0392,21.8158,OSM,IN,,
70.0367,21.816,OSM,IN,,
70.0308,21.8138,OSM,IN,,
69.687,21.6939,OSM,IN,,
72.1353,24.9019,OSM,IN,,
72.1391,24.9007,OSM,IN,,
70.5108,21.003,OSM,IN,,
71.3075,25.9547,OSM,IN,,
69.1862,23.3344,OSM,IN,,
69.8969,23.0443,OSM,IN,,
69.8886,23.0402,OSM,IN,,
69.6624,23.1035,OSM,IN,,
69.6649,23.0983,OSM,IN,,
69.5687,23.0189,OSM,IN,,
69.5789,23.0182,OSM,IN,,
69.5371,23.0257,OSM,IN,,
69.4287,23.0403,OSM,IN,,
69.386,23.0109,OSM,IN,,
69.3937,23.0085,OSM,IN,,
69.3946,22.9975,OSM,IN,,
69.2425,23.1787,OSM,IN,,
69.2466,23.1818,OSM,IN,,
69.2492,23.1888,OSM,IN,,
70.0205,21.5021,OSM,IN,,
70.0185,21.5036,OSM,IN,,
70.0457,23.0694,OSM,IN,,
69.9668,23.0753,OSM,IN,,
69.9803,23.0533,OSM,IN,,
69.9818,23.0574,OSM,IN,,
70.0413,23.3343,OSM,IN,,
69.9876,23.3046,OSM,IN,,
69.9926,23.3148,OSM,IN,,
69.9762,23.3261,OSM,IN,,
69.9857,23.3374,OSM,IN,,
69.9864,23.3453,OSM,IN,,
69.9594,23.3379,OSM,IN,,
69.9409,23.3151,OSM,IN,,
69.954,23.2985,OSM,IN,,
69.8824,23.3272,OSM,IN,,
69.8499,23.2906,OSM,IN,,
69.8458,23.2922,OSM,IN,,
69.8432,23.2882,OSM,IN,,
69.8384,23.2869,OSM,IN,,
69.3835,23.199,OSM,IN,,
69.3892,23.2029,OSM,IN,,
69.3912,23.2006,OSM,IN,,
69.2198,23.2925,OSM,IN,,
69.2147,23.29,OSM,IN,,
68.5682,23.4945,OSM,IN,,
68.783,23.6815,OSM,IN,,
68.7742,23.6766,OSM,IN,,
72.7378,23.9593,OSM,IN,,
72.7962,23.9584,OSM,IN,,
72.7905,23.9643,OSM,IN,,
70.8748,23.5114,OSM,IN,,
70.8861,23.5654,OSM,IN,,
70.8808,23.5649,OSM,IN,,
70.8783,23.5751,OSM,IN,,
70.8917,23.5774,OSM,IN,,
70.8713,23.6103,OSM,IN,,
70.8783,23.6088,OSM,IN,,
70.853,23.6322,OSM,IN,,
70.8274,23.632,OSM,IN,,
70.6538,23.4927,OSM,IN,,
70.6472,23.494,OSM,IN,,
70.661,23.6081,OSM,IN,,
70.9053,23.8325,OSM,IN,,
70.5963,23.9106,OSM,IN,,
70.6292,23.8924,OSM,IN,,
70.6371,23.8961,OSM,IN,,
70.6583,23.8921,OSM,IN,,
70.7241,23.8729,OSM,IN,,
70.7275,23.8697,OSM,IN,,
70.7256,23.865,OSM,IN,,
70.7312,23.8624,OSM,IN,,
70.7622,23.8611,OSM,IN,,
70.759,23.8716,OSM,IN,,
70.7506,23.4117,OSM,IN,,
70.5777,23.5716,OSM,IN,,
70.4032,23.4886,OSM,IN,,
70.3925,23.4736,OSM,IN,,
70.3875,23.4752,OSM,IN,,
70.3812,23.4703,OSM,IN,,
70.3679,23.4696,OSM,IN,,
70.1439,23.3159,OSM,IN,,
70.2076,23.3229,OSM,IN,,
70.2077,23.2754,OSM,IN,,
70.2281,23.2812,OSM,IN,,
71.1935,25.9038,OSM,IN,,
71.209,25.9057,OSM,IN,,
71.207,25.9032,OSM,IN,,
71.3571,25.9674,OSM,IN,,
72.313,24.2193,OSM,IN,,
70.8897,22.779,OSM,IN,,
70.8447,22.8042,OSM,IN,,
70.968,22.8427,OSM,IN,,
70.9215,22.8118,OSM,IN,,
70.9222,22.7727,OSM,IN,,
70.9809,22.755,OSM,IN,,
70.9879,22.7396,OSM,IN,,
70.9264,22.8291,OSM,IN,,
69.3047,23.0178,OSM,IN,,
69.1188,23.1013,OSM,IN,,
69.5116,23.0671,OSM,IN,,
69.3883,22.0828,OSM,IN,,
69.3884,22.0824,OSM,IN,,
69.3524,22.1168,OSM,IN,,
69.3043,22.0755,OSM,IN,,
69.3048,22.0744,OSM,IN,,
72.8027,24.5081,OSM,IN,,
72.8081,24.5156,OSM,IN,,
72.8467,24.3457,OSM,IN,,
72.6468,24.2606,OSM,IN,,
72.6335,24.2897,OSM,IN,,
72.9528,26.0044,OSM,IN,,
69.3571,22.142,OSM,IN,,
69.356,22.1423,OSM,IN,,
69.3553,22.1417,OSM,IN,,
69.3511,22.1426,OSM,IN,,
69.3456,22.1435,OSM,IN,,
69.3446,22.1434,OSM,IN,,
69.3429,22.1443,OSM,IN,,
69.3557,22.14,OSM,IN,,
69.3578,22.1408,OSM,IN,,
69.3261,22.1418,OSM,IN,,
69.3275,22.1442,OSM,IN,,
69.2839,22.0953,OSM,IN,,
69.2735,22.083,OSM,IN,,
69.4009,22.0649,OSM,IN,,
69.3907,22.0643,OSM,IN,,
69.3921,22.0662,OSM,IN,,
70.2191,23.2706,OSM,IN,,
70.9874,22.6268,OSM,IN,,
70.9382,22.7614,OSM,IN,,
68.8327,23.6887,OSM,IN,,
69.2228,23.3684,OSM,IN,,
71.0506,22.3731,OSM,IN,,
69.2778,22.0958,OSM,IN,,
69.2773,22.0962,OSM,IN,,
69.2405,22.1364,OSM,IN,,
69.2413,22.1361,OSM,IN,,
69.2417,22.1357,OSM,IN,,
69.2413,22.1356,OSM,IN,,
69.2425,22.1342,OSM,IN,,
69.2439,22.1315,OSM,IN,,
69.2432,22.1312,OSM,IN,,
69.2426,22.1301,OSM,IN,,
69.2436,22.1304,OSM,IN,,
69.2452,22.1103,OSM,IN,,
69.2901,22.1393,OSM,IN,,
69.2943,22.1393,OSM,IN,,
69.2957,22.1431,OSM,IN,,
69.2954,22.1434,OSM,IN,,
69.2947,22.144,OSM,IN,,
69.294,22.1444,OSM,IN,,
69.2923,22.1456,OSM,IN,,
69.2897,22.1469,OSM,IN,,
69.2957,22.1423,OSM,IN,,
69.2898,22.1551,OSM,IN,,
69.3024,22.1593,OSM,IN,,
69.2415,22.1805,OSM,IN,,
69.2449,22.1805,OSM,IN,,
69.2459,22.1805,OSM,IN,,
69.2471,22.182,OSM,IN,,
69.2609,22.1528,OSM,IN,,
69.2619,22.1518,OSM,IN,,
69.2871,22.1389,OSM,IN,,
69.2858,22.1423,OSM,IN,,
69.274,22.1647,OSM,IN,,
69.2741,22.1653,OSM,IN,,
69.2735,22.1655,OSM,IN,,
69.2736,22.1662,OSM,IN,,
69.2729,22.1667,OSM,IN,,
69.2722,22.1674,OSM,IN,,
69.2716,22.1659,OSM,IN,,
69.2714,22.1672,OSM,IN,,
69.2708,22.1662,OSM,IN,,
69.2699,22.1659,OSM,IN,,
69.2311,22.1629,OSM,IN,,
69.2299,22.1631,OSM,IN,,
69.2304,22.1629,OSM,IN,,
69.2299,22.1618,OSM,IN,,
69.2637,22.1532,OSM,IN,,
69.2645,22.1536,OSM,IN,,
69.262,22.153,OSM,IN,,
69.2631,22.1579,OSM,IN,,
69.2617,22.1595,OSM,IN,,
69.2611,22.1607,OSM,IN,,
72.7873,22.3226,OSM,IN,clay,
69.8849,22.3829,OSM,IN,,
69.2698,22.1666,OSM,IN,,
69.2705,22.1676,OSM,IN,,
69.2697,22.1685,OSM,IN,,
69.2695,22.1683,OSM,IN,,
69.2688,22.1691,OSM,IN,,
69.2047,22.2181,OSM,IN,,
69.0392,22.2069,OSM,IN,,
69.042,22.2243,OSM,IN,,
69.0559,22.2194,OSM,IN,,
72.7873,22.3217,OSM,IN,clay,
70.5004,21.0661,OSM,IN,,
69.1295,22.2377,OSM,IN,,
82.3396,23.1741,OSM,IN,,
82.124,23.2031,OSM,IN,,
81.9017,23.169,OSM,IN,,
82.149,23.2116,OSM,IN,,
80.2274,21.8502,OSM,IN,manganese,
80.8929,24.63,OSM,IN,,
81.5553,23.1788,OSM,IN,,
80.4568,23.9752,OSM,IN,,
80.3863,23.8142,OSM,IN,,
79.3838,23.991,OSM,IN,,
78.6706,25.4605,OSM,IN,,
78.66,25.4203,OSM,IN,,
81.3625,21.2584,OSM,IN,,
81.4146,21.3761,OSM,IN,,
79.228,21.2425,OSM,IN,coal,
79.2672,21.4122,OSM,IN,,
82.6679,22.3312,OSM,IN,coal,
79.7332,21.6663,OSM,IN,,
79.6819,21.5459,OSM,IN,,
79.7246,21.6835,OSM,IN,,
79.7519,21.5452,OSM,IN,,
79.7523,21.5385,OSM,IN,,
79.938,21.8567,OSM,IN,,
79.9528,21.8318,OSM,IN,,
80.8323,24.1462,OSM,IN,,
80.8534,24.1726,OSM,IN,,
78.8005,22.7399,OSM,IN,coal,
80.4564,21.9699,OSM,IN,,
82.7091,24.1315,OSM,IN,coal,
82.7476,24.1544,OSM,IN,coal,
82.595,24.1351,OSM,IN,coal,
82.6889,24.1516,OSM,IN,coal,
82.6554,24.1627,OSM,IN,coal,
82.7144,24.2069,OSM,IN,coal,
82.7513,24.1769,OSM,IN,coal,
82.6186,24.1479,OSM,IN,coal,
79.9906,21.0416,OSM,IN,,
78.1926,21.1019,OSM,IN,,
78.5047,25.4509,OSM,IN,,
78.5594,22.2097,OSM,IN,,
78.5686,22.1955,OSM,IN,,
78.5011,22.1915,OSM,IN,,
78.5295,22.1999,OSM,IN,,
80.6623,24.0868,OSM,IN,,
80.8519,23.985,OSM,IN,,
80.5303,24.0129,OSM,IN,,
80.8103,24.1509,OSM,IN,,
80.622,24.0595,OSM,IN,,
80.7344,24.1134,OSM,IN,,
80.7676,24.1331,OSM,IN,,
82.9857,23.3719,OSM,IN,,
80.0351,23.3617,OSM,IN,,
81.5512,23.1481,OSM,IN,coal,
81.5602,23.1594,OSM,IN,coal,
81.5736,23.1557,OSM,IN,coal,
81.5671,23.181,OSM,IN,,
82.0545,23.1545,OSM,IN,coal,
81.7892,21.5096,OSM,IN,,
78.8852,22.2097,OSM,IN,coal,
78.8278,22.2062,OSM,IN,,
78.8099,22.2019,OSM,IN,,
82.6484,21.6997,OSM,IN,,
82.6392,21.6976,OSM,IN,,
80.1424,23.3815,OSM,IN,,
80.1708,23.3708,OSM,IN,,
80.1672,23.3791,OSM,IN,,
79.2875,21.3991,OSM,IN,,
79.1795,21.0105,OSM,IN,,
79.1542,21.0111,OSM,IN,,
83.0017,25.0407,OSM,IN,,
82.996,25.0538,OSM,IN,,
82.9785,25.0441,OSM,IN,,
82.9978,25.0646,OSM,IN,,
79.5328,22.2843,OSM,IN,,
79.5295,22.2935,OSM,IN,,
80.0284,22.4117,OSM,IN,,
80.0242,22.4105,OSM,IN,,
80.0338,22.4097,OSM,IN,,
78.9711,24.0728,OSM,IN,,
83.0022,24.4491,OSM,IN,,
81.1689,24.516,OSM,IN,,
81.0879,25.1029,OSM,IN,,
81.0793,25.0912,OSM,IN,,
81.2442,24.8452,OSM,IN,,
80.9157,24.5753,OSM,IN,,
80.8545,24.6278,OSM,IN,,
80.9784,24.5621,OSM,IN,,
81.001,24.5783,OSM,IN,,
80.9694,24.6157,OSM,IN,,
80.918,24.6221,OSM,IN,,
80.9507,24.6182,OSM,IN,,
81.0535,25.2195,OSM,IN,,
80.3577,24.8703,OSM,IN,,
78.9627,25.7707,OSM,IN,,
81.9717,21.5419,OSM,IN,,
81.8445,21.4143,OSM,IN,,
82.6335,22.0262,OSM,IN,,
82.4102,22.0319,OSM,IN,,
82.4087,22.0244,OSM,IN,,
82.2008,21.8987,OSM,IN,,
82.3374,21.9597,OSM,IN,coal,
82.6413,22.0192,OSM,IN,,
82.4432,21.9653,OSM,IN,,
82.21,21.7471,OSM,IN,,
82.285,21.9986,OSM,IN,,
82.5738,21.7329,OSM,IN,,
82.0989,21.6725,OSM,IN,,
81.7525,21.2195,OSM,IN,,
82.794,21.718,OSM,IN,,
78.9714,21.4038,OSM,IN,,
78.3708,25.6964,OSM,IN,,
78.3863,25.6947,OSM,IN,,
79.221,25.5675,OSM,IN,,
79.227,25.5839,OSM,IN,,
81.7949,21.506,OSM,IN,,
81.9936,21.5657,OSM,IN,,
81.9829,21.6429,OSM,IN,,
81.1594,21.1922,OSM,IN,,
81.1621,21.1842,OSM,IN,,
82.0712,22.004,OSM,IN,dolomite,
82.2384,22.0481,OSM,IN,,
82.2196,22.0665,OSM,IN,,
82.2101,22.0628,OSM,IN,,
80.7108,22.0103,OSM,IN,copper,
80.4752,21.9802,OSM,IN,,
81.5867,23.16,OSM,IN,coal,
80.8712,23.3444,OSM,IN,coal,
80.1219,23.4988,OSM,IN,,
80.1112,23.5819,OSM,IN,,
80.2085,23.5987,OSM,IN,,
80.2212,23.6217,OSM,IN,,
80.1868,23.63,OSM,IN,,
80.1806,23.628,OSM,IN,,
80.1993,23.6361,OSM,IN,,
80.4558,23.6732,OSM,IN,,
80.8933,24.2948,OSM,IN,,
80.7563,24.1274,OSM,IN,,
80.7283,24.5922,OSM,IN,,
80.383,25.3094,OSM,IN,,
79.9881,25.3318,OSM,IN,,
79.9299,25.405,OSM,IN,,
79.9672,25.3352,OSM,IN,,
79.9896,25.3941,OSM,IN,,
79.9944,25.3998,OSM,IN,,
80.0103,25.4093,OSM,IN,,
80.0117,25.4042,OSM,IN,,
79.8547,24.8086,OSM,IN,,
82.3983,23.2377,OSM,IN,,
82.4106,23.1885,OSM,IN,,
82.8077,22.8372,OSM,IN,coal,
81.3182,24.3164,OSM,IN,,
80.0316,24.6441,OSM,IN,,
80.1036,21.8036,OSM,IN,,
79.3081,24.2325,OSM,IN,,
79.3044,24.2248,OSM,IN,,
78.076,23.8967,OSM,IN,,
78.0738,23.8683,OSM,IN,,
78.0685,23.8856,OSM,IN,,
78.4013,24.4428,OSM,IN,,
78.3587,24.4655,OSM,IN,,
78.3385,24.4748,OSM,IN,,
82.4132,25.1546,OSM,IN,clay,
81.7763,21.6293,OSM,IN,,
81.745,21.6509,OSM,IN,,
82.6419,23.8883,OSM,IN,,
82.6349,23.8909,OSM,IN,,
82.5979,23.8894,OSM,IN,,
79.1219,24.5922,OSM,IN,,
79.5696,24.9122,OSM,IN,,
81.7728,21.2871,OSM,IN,,
80.5384,25.2865,OSM,IN,,
79.2968,25.2941,OSM,IN,,
81.5392,24.3801,OSM,IN,,
81.5394,24.3803,OSM,IN,,
81.539,24.3803,OSM,IN,,
80.9345,25.0946,OSM,IN,,
80.4544,25.4054,OSM,IN,,
81.3329,24.1108,OSM,IN,,
80.819,24.0788,OSM,IN,,
81.3554,24.2775,OSM,IN,,
81.6528,24.2952,OSM,IN,,
81.3628,24.0789,OSM,IN,,
81.3619,24.3008,OSM,IN,,
81.1681,23.9893,OSM,IN,,
81.5854,25.463,OSM,IN,,
81.3354,25.7623,OSM,IN,,
81.7333,22.3029,OSM,IN,,
81.7298,22.2998,OSM,IN,,
78.6978,22.2065,OSM,IN,,
78.6835,22.1978,OSM,IN,coal,
78.8372,22.204,OSM,IN,,
78.7846,21.7248,OSM,IN,,
79.6046,24.8965,OSM,IN,,
79.0781,25.0362,OSM,IN,,
79.5823,24.8775,OSM,IN,,
79.5626,24.8505,OSM,IN,,
79.5582,24.8523,OSM,IN,,
79.6712,24.9971,OSM,IN,,
79.669,24.9983,OSM,IN,,
79.6518,25.022,OSM,IN,,
79.9016,24.9243,OSM,IN,,
79.8439,24.7404,OSM,IN,,
79.8443,24.7422,OSM,IN,,
79.8457,24.7492,OSM,IN,,
79.8389,24.8154,OSM,IN,,
82.0433,25.1448,OSM,IN,,
82.5326,24.2403,OSM,IN,,
79.7345,21.6712,OSM,IN,,
79.6725,21.6741,OSM,IN,,
79.2233,21.407,OSM,IN,,
79.2664,21.4147,OSM,IN,,
79.2744,21.333,OSM,IN,,
79.8425,21.6276,OSM,IN,,
79.8701,21.0452,OSM,IN,,
79.1499,21.2725,OSM,IN,coal,
79.1591,21.2722,OSM,IN,coal,
78.9295,21.3581,OSM,IN,,
82.4313,24.1332,OSM,IN,coal,
82.5433,22.8481,OSM,IN,coal,
79.1896,21.2622,OSM,IN,coal,
82.7512,24.1301,OSM,IN,coal,
82.8349,22.8309,OSM,IN,coal,
82.5447,22.3911,OSM,IN,,
82.5459,22.3944,OSM,IN,,
82.5639,22.4614,OSM,IN,,
82.5663,24.1619,OSM,IN,coal,
82.2988,22.8653,OSM,IN,coal,
82.3204,22.8549,OSM,IN,coal,
83.0053,23.2186,OSM,IN,coal,
79.2072,21.2499,OSM,IN,coal,
78.9601,21.3455,OSM,IN,coal,
78.9578,22.2756,OSM,IN,coal,
78.6786,22.1795,OSM,IN,coal,
81.6013,23.2211,OSM,IN,coal,
80.1786,23.5956,OSM,IN,,
80.1383,23.551,OSM,IN,,
80.1264,23.4864,OSM,IN,,
80.1466,23.4914,OSM,IN,,
80.1184,23.4659,OSM,IN,,
80.038,23.4018,OSM,IN,,
80.0443,23.3729,OSM,IN,,
79.9676,23.371,OSM,IN,,
79.9632,23.3675,OSM,IN,,
79.9966,23.3578,OSM,IN,,
80.0053,23.3636,OSM,IN,,
80.0158,23.3712,OSM,IN,,
80.0247,23.3772,OSM,IN,,
80.0481,23.3947,OSM,IN,,
80.8666,23.8762,OSM,IN,,
80.8249,23.9074,OSM,IN,,
80.6682,24.0227,OSM,IN,,
78.7751,24.867,OSM,IN,,
78.7789,24.8732,OSM,IN,,
78.8004,24.8877,OSM,IN,,
78.7951,24.8813,OSM,IN,,
80.2423,21.8528,OSM,IN,,
81.3801,21.3915,OSM,IN,,
79.266,21.3416,OSM,IN,,
79.842,21.6336,OSM,IN,,
80.4323,21.9477,OSM,IN,,
81.1004,24.6279,OSM,IN,,
80.9042,24.2583,OSM,IN,,
80.8828,24.2664,OSM,IN,,
80.8792,24.2706,OSM,IN,,
80.8742,24.2732,OSM,IN,,
80.8665,24.2697,OSM,IN,,
80.1596,23.3611,OSM,IN,,
81.1876,22.418,OSM,IN,,
81.1818,22.423,OSM,IN,,
81.1843,22.4333,OSM,IN,,
81.1841,22.4831,OSM,IN,,
81.1876,22.4733,OSM,IN,,
81.1867,22.4608,OSM,IN,,
81.1868,22.4537,OSM,IN,,
80.76,24.1101,OSM,IN,,
80.7922,24.143,OSM,IN,,
80.7869,24.1296,OSM,IN,,
82.0171,21.9591,OSM,IN,,
82.0217,21.959,OSM,IN,,
82.0247,21.9651,OSM,IN,,
82.0224,21.969,OSM,IN,,
82.0296,21.9742,OSM,IN,,
82.0437,21.9749,OSM,IN,,
82.0563,21.9877,OSM,IN,,
82.0495,21.9849,OSM,IN,,
82.0476,21.9818,OSM,IN,,
82.0472,21.9771,OSM,IN,,
81.1273,24.5899,OSM,IN,,
78.1116,24.8578,OSM,IN,,
78.2295,25.2164,OSM,IN,,
80.8319,24.1551,OSM,IN,,
80.8346,24.1581,OSM,IN,,
80.8452,24.1672,OSM,IN,,
80.8086,24.1466,OSM,IN,,
78.1533,25.2611,OSM,IN,,
78.0891,25.4488,OSM,IN,,
78.363,25.6104,OSM,IN,,
78.4265,25.7089,OSM,IN,,
78.5497,25.6285,OSM,IN,,
78.5431,25.6123,OSM,IN,,
78.549,25.6919,OSM,IN,,
78.7404,25.7191,OSM,IN,,
78.7516,25.7193,OSM,IN,,
78.744,25.7089,OSM,IN,,
78.7456,25.7104,OSM,IN,,
78.7764,25.6904,OSM,IN,,
78.7748,25.6835,OSM,IN,,
78.2575,24.2497,OSM,IN,,
78.0296,23.7947,OSM,IN,,
80.0708,24.3677,OSM,IN,,
80.0646,24.3691,OSM,IN,,
80.234,24.4763,OSM,IN,,
80.304,24.495,OSM,IN,,
81.5417,25.1554,OSM,IN,,
81.4053,25.1158,OSM,IN,,
81.5432,25.1612,OSM,IN,,
81.5583,25.1766,OSM,IN,,
81.6065,25.1463,OSM,IN,,
81.586,24.8882,OSM,IN,,
81.5797,24.8862,OSM,IN,,
81.5737,24.8849,OSM,IN,,
81.391,24.8644,OSM,IN,,
78.7508,23.5996,OSM,IN,,
79.015,23.4362,OSM,IN,,
79.0011,23.449,OSM,IN,,
78.9882,23.4353,OSM,IN,,
78.7029,22.3264,OSM,IN,,
78.4946,23.3225,OSM,IN,,
78.1948,21.4257,OSM,IN,,
78.4205,21.557,OSM,IN,,
82.7737,22.3194,OSM,IN,,
78.781,21.4578,OSM,IN,,
78.7838,21.4521,OSM,IN,,
78.7981,21.438,OSM,IN,,
78.7931,21.4449,OSM,IN,,
78.7905,21.4369,OSM,IN,,
78.7849,21.4358,OSM,IN,,
79.1439,21.2822,OSM,IN,,
79.1483,21.2892,OSM,IN,,
80.3342,21.4348,OSM,IN,,
80.3369,21.4231,OSM,IN,,
80.3289,21.423,OSM,IN,,
80.3232,21.4162,OSM,IN,,
82.2941,22.3596,OSM,IN,coal,
80.6955,22.0788,OSM,IN,sand,
80.7334,22.0451,OSM,IN,,
80.7083,22.0746,OSM,IN,,
80.7339,22.0699,OSM,IN,sand,
79.6111,21.6983,OSM,IN,,
79.0406,22.1448,OSM,IN,,
79.1418,23.9675,OSM,IN,,
79.1938,23.9718,OSM,IN,,
79.1649,23.964,OSM,IN,,
79.4066,24.0071,OSM,IN,,
79.5142,25.0685,OSM,IN,,
79.4951,25.0505,OSM,IN,,
79.5049,25.0335,OSM,IN,,
79.4202,25.1114,OSM,IN,,
79.6294,24.885,OSM,IN,,
79.2008,24.8732,OSM,IN,,
79.0124,24.5759,OSM,IN,,
81.9894,25.131,OSM,IN,,
81.0578,23.7292,OSM,IN,sand,
78.7631,25.4106,OSM,IN,,
78.7547,25.3999,OSM,IN,,
78.9105,25.4795,OSM,IN,,
80.3332,22.5824,OSM,IN,,
80.3206,22.5841,OSM,IN,,
80.57,23.4765,OSM,IN,,
80.57,23.4736,OSM,IN,,
80.2557,22.8231,OSM,IN,,
80.2588,22.8229,OSM,IN,,
80.6705,23.1671,OSM,IN,,
80.7214,23.4169,OSM,IN,,
80.6852,23.4186,OSM,IN,,
80.7031,23.2905,OSM,IN,,
80.7612,23.2683,OSM,IN,,
80.4158,22.4411,OSM,IN,,
80.3949,22.4514,OSM,IN,,
80.3147,22.4081,OSM,IN,,
80.6847,23.17,OSM,IN,,
80.7148,22.5659,OSM,IN,,
80.7443,22.4478,OSM,IN,,
80.1144,23.2013,OSM,IN,,
80.1151,23.1989,OSM,IN,,
80.1238,23.2011,OSM,IN,,
80.1246,23.2034,OSM,IN,,
80.1222,23.204,OSM,IN,,
78.104,24.4179,OSM,IN,,
78.1242,24.4157,OSM,IN,,
78.1208,24.4196,OSM,IN,,
78.7469,25.4645,OSM,IN,,
78.7523,25.4661,OSM,IN,,
78.7551,25.4695,OSM,IN,,
78.7954,25.4779,OSM,IN,,
78.7072,25.3134,OSM,IN,,
78.7666,25.2446,OSM,IN,,
78.6997,25.1596,OSM,IN,,
80.0623,25.3004,OSM,IN,,
80.101,25.3398,OSM,IN,,
80.0797,25.3298,OSM,IN,,
80.0746,25.324,OSM,IN,,
80.0718,25.3246,OSM,IN,,
80.0691,25.3235,OSM,IN,,
80.0674,25.3198,OSM,IN,,
80.0621,25.3193,OSM,IN,,
80.0605,25.3235,OSM,IN,,
80.0531,25.3268,OSM,IN,,
79.9456,25.2354,OSM,IN,,
79.9263,25.2335,OSM,IN,,
79.9536,25.238,OSM,IN,,
79.9425,25.2566,OSM,IN,,
80.2355,25.3873,OSM,IN,,
80.2356,25.3836,OSM,IN,,
80.3464,25.1591,OSM,IN,,
80.2262,25.226,OSM,IN,,
80.352,25.0977,OSM,IN,,
79.9911,25.0573,OSM,IN,,
81.2936,24.3099,OSM,IN,,
82.823,22.2401,OSM,IN,,
89.854,25.6795,OSM,IN,,
91.6207,25.1935,OSM,IN,,
92.5864,24.8565,OSM,IN,,
91.7526,22.3971,OSM,IN,,
88.1431,25.6112,OSM,IN,clay,
88.1424,25.6098,OSM,IN,clay,
88.1421,25.6089,OSM,IN,clay,
88.1412,25.6091,OSM,IN,clay,
88.1384,25.6088,OSM,IN,clay,
88.14,25.6095,OSM,IN,clay,
88.3494,25.6393,OSM,IN,clay,
88.3464,25.6398,OSM,IN,clay,
91.1362,22.3417,OSM,IN,,
88.7085,25.9349,OSM,IN,,
89.0238,25.2852,OSM,IN,,
88.9415,25.5073,OSM,IN,,
88.7003,25.581,OSM,IN,,
88.648,25.8851,OSM,IN,,
88.6477,25.888,OSM,IN,,
91.9913,23.9671,OSM,IN,clay,
91.9028,22.3465,OSM,IN,,
91.8891,22.3137,OSM,IN,,
91.9009,22.3456,OSM,IN,,
91.712,25.2561,OSM,IN,,
89.1561,25.8048,OSM,IN,,
92.0366,22.2208,OSM,IN,clay,
89.8641,25.2842,OSM,IN,,
92.352,25.1853,OSM,IN,,
92.3579,25.1841,OSM,IN,,
92.3964,25.2236,OSM,IN,,
92.3843,25.2248,OSM,IN,,
92.3789,25.1654,OSM,IN,,
92.3727,25.1672,OSM,IN,,
92.3686,25.1903,OSM,IN,,
92.3953,25.2015,OSM,IN,,
92.0969,25.2432,OSM,IN,,
92.0977,25.261,OSM,IN,,
92.0829,25.2491,OSM,IN,,
92.0735,25.2188,OSM,IN,,
92.0835,25.2195,OSM,IN,,
92.0879,25.2241,OSM,IN,,
92.0887,25.2288,OSM,IN,,
92.7872,25.517,OSM,IN,,
91.2096,23.3105,OSM,IN,,
88.076,21.6425,OSM,IN,,
92.3886,21.0769,OSM,IN,,
92.3128,25.0498,OSM,IN,sand,
92.3331,25.0496,OSM,IN,sand,
91.8876,25.1722,OSM,IN,,
91.5995,25.3106,OSM,IN,,
91.5727,25.2764,OSM,IN,,
90.3498,24.7842,OSM,IN,,
88.1063,24.9965,OSM,IN,clay,
88.1063,24.997,OSM,IN,clay,
88.1075,24.9968,OSM,IN,clay,
88.1076,24.9959,OSM,IN,clay,
88.1058,24.995,OSM,IN,clay,
88.1043,24.9947,OSM,IN,clay,
88.1042,24.992,OSM,IN,clay,
88.1054,24.9934,OSM,IN,clay,
88.1055,24.992,OSM,IN,clay,
88.1039,25.0003,OSM,IN,clay,
88.103,25.0063,OSM,IN,clay,
88.1012,25.0045,OSM,IN,clay,
88.0957,25.0038,OSM,IN,clay,
88.0915,25.0039,OSM,IN,clay,
88.1136,25.0162,OSM,IN,clay,
88.1132,25.0172,OSM,IN,clay,
88.1142,25.0172,OSM,IN,clay,
88.116,25.0176,OSM,IN,clay,
88.1145,25.0186,OSM,IN,clay,
88.1141,25.0198,OSM,IN,clay,
88.1162,25.0119,OSM,IN,clay,
88.112,25.0124,OSM,IN,clay,
88.1131,25.0135,OSM,IN,clay,
88.1056,25.0116,OSM,IN,clay,
88.1058,25.0131,OSM,IN,clay,
88.107,25.0093,OSM,IN,clay,
88.1047,25.0087,OSM,IN,clay,
88.1051,25.0075,OSM,IN,clay,
88.1039,25.0046,OSM,IN,clay,
88.1062,25.0058,OSM,IN,clay,
88.1124,25.0027,OSM,IN,clay,
92.0524,22.1839,OSM,IN,clay,
92.0485,22.1856,OSM,IN,clay,
92.055,22.195,OSM,IN,clay,
92.0547,22.1958,OSM,IN,clay,
92.0361,22.2216,OSM,IN,clay,
91.5555,22.839,OSM,IN,clay,
91.7821,22.5261,OSM,IN,clay,
91.7794,22.5258,OSM,IN,clay,
91.7792,22.5272,OSM,IN,clay,
91.7841,22.5312,OSM,IN,clay,
91.7827,22.5315,OSM,IN,clay,
91.7808,22.5326,OSM,IN,clay,
91.7817,22.5334,OSM,IN,clay,
91.7803,22.5337,OSM,IN,clay,
91.7802,22.535,OSM,IN,clay,
91.779,22.535,OSM,IN,clay,
91.7791,22.5377,OSM,IN,clay,
91.7812,22.5393,OSM,IN,clay,
91.7809,22.5415,OSM,IN,clay,
91.7795,22.5419,OSM,IN,clay,
91.7828,22.5445,OSM,IN,clay,
91.7812,22.5439,OSM,IN,clay,
91.7777,22.5444,OSM,IN,clay,
91.7788,22.5442,OSM,IN,clay,
91.783,22.5408,OSM,IN,clay,
91.7874,22.5394,OSM,IN,clay,
91.7863,22.5395,OSM,IN,clay,
91.7866,22.5418,OSM,IN,clay,
91.7868,22.543,OSM,IN,clay,
91.7887,22.5418,OSM,IN,clay,
91.7885,22.543,OSM,IN,clay,
91.7903,22.5446,OSM,IN,clay,
91.7862,22.5449,OSM,IN,clay,
91.785,22.5452,OSM,IN,clay,
91.7863,22.5487,OSM,IN,clay,
91.7849,22.5488,OSM,IN,clay,
91.7853,22.5524,OSM,IN,clay,
91.7801,22.5523,OSM,IN,clay,
91.7787,22.5526,OSM,IN,clay,
91.7779,22.5494,OSM,IN,clay,
91.7753,22.5514,OSM,IN,clay,
91.7751,22.5501,OSM,IN,clay,
91.7732,22.5525,OSM,IN,clay,
91.7691,22.553,OSM,IN,clay,
91.7664,22.5525,OSM,IN,clay,
91.7645,22.5537,OSM,IN,clay,
91.7626,22.555,OSM,IN,clay,
91.7777,22.5292,OSM,IN,clay,
92.3403,24.9691,OSM,IN,,
92.2987,24.914,OSM,IN,,
92.022,24.9622,OSM,IN,,
90.7607,24.8801,OSM,IN,,
91.7195,25.2227,OSM,IN,,
89.1515,22.2052,OSM,IN,,
92.5488,24.8377,OSM,IN,clay,
91.4116,23.8146,OSM,IN,clay,
92.3633,24.834,OSM,IN,clay,
91.4151,23.8201,OSM,IN,clay,
92.8943,25.9158,OSM,IN,,
92.4359,24.7952,OSM,IN,clay,
92.379,24.7472,OSM,IN,clay,
91.4338,23.8225,OSM,IN,clay,
92.3882,24.7411,OSM,IN,clay,
92.601,24.8184,OSM,IN,clay,
92.3569,24.8163,OSM,IN,clay,
92.9096,25.9228,OSM,IN,,
92.3748,24.8369,OSM,IN,clay,
91.4246,23.8182,OSM,IN,,
91.4298,23.8225,OSM,IN,clay,
92.1782,24.3059,OSM,IN,clay,
92.7228,24.8234,OSM,IN,,
92.3702,24.832,OSM,IN,clay,
92.3644,24.8153,OSM,IN,clay,
91.6181,23.8501,OSM,IN,clay,
91.4116,23.8167,OSM,IN,clay,
91.6217,23.8504,OSM,IN,clay,
92.3724,24.8329,OSM,IN,clay,
91.4113,23.8135,OSM,IN,clay,
92.3691,24.8365,OSM,IN,clay,
92.8246,25.9308,OSM,IN,clay,
91.4215,23.8166,OSM,IN,clay,
92.3728,24.836,OSM,IN,clay,
91.4374,23.8128,OSM,IN,clay,
92.3857,24.8311,OSM,IN,clay,
92.3644,24.8378,OSM,IN,clay,
91.4251,23.8196,OSM,IN,clay,
92.3744,24.7471,OSM,IN,clay,
92.5102,24.8235,OSM,IN,clay,
92.911,25.9206,OSM,IN,,
92.6063,24.8525,OSM,IN,clay,
92.355,24.8085,OSM,IN,clay,
92.3723,24.7819,OSM,IN,clay,
92.1985,24.3564,OSM,IN,clay,
92.718,24.8243,OSM,IN,,
92.3514,24.8479,OSM,IN,clay,
92.9104,25.9216,OSM,IN,,
92.3716,24.828,OSM,IN,clay,
92.7681,25.9444,OSM,IN,clay,
92.3558,24.8137,OSM,IN,clay,
92.5073,24.824,OSM,IN,clay,
92.3814,24.8337,OSM,IN,clay,
92.7817,25.9757,OSM,IN,clay,
92.8241,25.9343,OSM,IN,clay,
92.3572,24.6833,OSM,IN,clay,
91.4092,23.8163,OSM,IN,clay,
92.8935,25.9182,OSM,IN,clay,
92.3716,24.7782,OSM,IN,clay,
92.3749,24.7461,OSM,IN,clay,
92.8112,25.9565,OSM,IN,clay,
92.8226,25.9376,OSM,IN,,
92.3635,24.8246,OSM,IN,clay,
92.3919,24.8131,OSM,IN,clay,
92.8658,25.852,OSM,IN,clay,
92.8258,25.9379,OSM,IN,clay,
92.2713,24.8478,OSM,IN,clay,
92.2737,24.8486,OSM,IN,,
92.3608,24.8216,OSM,IN,,
92.7718,25.9581,OSM,IN,clay,
92.3797,24.8367,OSM,IN,clay,
92.4308,24.8008,OSM,IN,clay,
92.3705,24.7698,OSM,IN,clay,
92.3646,24.8222,OSM,IN,clay,
92.913,25.9228,OSM,IN,clay,
92.7294,24.8821,OSM,IN,clay,
92.915,25.9449,OSM,IN,clay,
92.6148,24.8553,OSM,IN,clay,
92.8947,25.9286,OSM,IN,clay,
92.198,24.3546,OSM,IN,clay,
91.4183,23.8204,OSM,IN,clay,
92.7754,25.9565,OSM,IN,clay,
92.3824,24.8264,OSM,IN,,
92.3841,24.8273,OSM,IN,clay,
91.4319,23.8144,OSM,IN,clay,
91.4526,23.8143,OSM,IN,clay,
91.4466,23.8162,OSM,IN,clay,
91.4436,23.8166,OSM,IN,clay,
91.4651,23.8286,OSM,IN,clay,
91.462,23.828,OSM,IN,clay,
91.4536,23.8275,OSM,IN,clay,
91.4485,23.8262,OSM,IN,clay,
91.4732,23.822,OSM,IN,clay,
91.4733,23.8204,OSM,IN,clay,
91.4717,23.8206,OSM,IN,clay,
91.4691,23.8196,OSM,IN,clay,
91.4693,23.8203,OSM,IN,clay,
91.4607,23.8254,OSM,IN,clay,
91.4622,23.8264,OSM,IN,clay,
91.457,23.8242,OSM,IN,clay,
91.4548,23.8244,OSM,IN,clay,
91.4523,23.824,OSM,IN,clay,
91.4527,23.8228,OSM,IN,clay,
91.4609,23.8197,OSM,IN,clay,
91.4564,23.8187,OSM,IN,clay,
91.4604,23.8177,OSM,IN,clay,
92.7995,24.7423,OSM,IN,clay,
92.7984,24.7466,OSM,IN,clay,
92.178,24.3038,OSM,IN,clay,
92.1764,24.3056,OSM,IN,clay,
92.807,24.7186,OSM,IN,clay,
92.81,24.7183,OSM,IN,clay,
91.4623,23.8335,OSM,IN,clay,
91.4624,23.8348,OSM,IN,clay,
91.4632,23.83,OSM,IN,clay,
91.4683,23.8353,OSM,IN,clay,
91.462,23.831,OSM,IN,clay,
91.4644,23.8386,OSM,IN,clay,
92.3851,25.2005,OSM,IN,clay,
92.3893,25.21,OSM,IN,clay,
92.3913,24.762,OSM,IN,clay,
92.3932,24.7623,OSM,IN,clay,
92.5067,24.8229,OSM,IN,clay,
92.8317,24.5818,OSM,IN,clay,
92.8311,24.5765,OSM,IN,clay,
92.8328,24.5778,OSM,IN,clay,
92.8289,24.5779,OSM,IN,clay,
92.8301,24.7303,OSM,IN,clay,
92.8271,24.706,OSM,IN,clay,
92.8299,24.7088,OSM,IN,clay,
92.799,24.7169,OSM,IN,clay,
92.7953,24.7208,OSM,IN,clay,
92.7977,24.7211,OSM,IN,clay,
92.8008,24.7219,OSM,IN,clay,
92.8021,24.7197,OSM,IN,clay,
92.8121,24.7223,OSM,IN,clay,
92.8036,24.7174,OSM,IN,clay,
92.8051,24.7215,OSM,IN,clay,
92.8026,24.7202,OSM,IN,clay,
92.8293,24.7139,OSM,IN,clay,
92.8085,24.7166,OSM,IN,clay,
92.8007,24.7202,OSM,IN,clay,
92.8062,24.7173,OSM,IN,clay,
92.809,24.7208,OSM,IN,clay,
92.8152,24.7161,OSM,IN,clay,
92.8079,24.7241,OSM,IN,clay,
91.4505,23.8145,OSM,IN,clay,
91.4191,23.8195,OSM,IN,clay,
91.4948,23.8081,OSM,IN,clay,
91.4936,23.8074,OSM,IN,clay,
91.4743,23.8466,OSM,IN,clay,
91.3966,23.8403,OSM,IN,clay,
91.457,23.838,OSM,IN,clay,
91.3971,23.8374,OSM,IN,clay,
91.4565,23.8402,OSM,IN,clay,
91.4556,23.8381,OSM,IN,clay,
91.4212,23.8225,OSM,IN,clay,
91.4116,23.8479,OSM,IN,clay,
91.4589,23.8486,OSM,IN,clay,
91.4074,23.8327,OSM,IN,clay,
91.4671,23.8496,OSM,IN,clay,
91.4009,23.8346,OSM,IN,clay,
91.4869,23.2977,OSM,IN,clay,
91.4859,23.283,OSM,IN,clay,
91.4814,23.2839,OSM,IN,clay,
91.4843,23.3038,OSM,IN,clay,
91.4835,23.3003,OSM,IN,clay,
91.4815,23.285,OSM,IN,clay,
91.4802,23.3025,OSM,IN,clay,
91.4817,23.2943,OSM,IN,clay,
91.4839,23.2826,OSM,IN,clay,
91.4845,23.31,OSM,IN,clay,
91.4797,23.2972,OSM,IN,clay,
91.487,23.2935,OSM,IN,clay,
91.4803,23.2919,OSM,IN,clay,
91.4854,23.2897,OSM,IN,clay,
91.4827,23.299,OSM,IN,clay,
91.4934,23.7992,OSM,IN,clay,
91.4953,23.7989,OSM,IN,clay,
92.8812,24.8523,OSM,IN,clay,
92.8007,24.5204,OSM,IN,clay,
92.8268,24.6925,OSM,IN,clay,
91.5014,23.806,OSM,IN,clay,
91.4722,23.8091,OSM,IN,clay,
91.6379,24.0067,OSM,IN,clay,
91.6248,23.8695,OSM,IN,clay,
91.4741,23.8086,OSM,IN,clay,
92.8659,24.8402,OSM,IN,clay,
92.8395,24.5771,OSM,IN,clay,
92.773,25.9557,OSM,IN,clay,
91.6171,23.9601,OSM,IN,clay,
91.4977,23.8032,OSM,IN,clay,
91.637,24.0058,OSM,IN,clay,
91.4721,23.8107,OSM,IN,clay,
92.8267,24.5756,OSM,IN,clay,
91.4671,23.8106,OSM,IN,clay,
91.4839,23.8054,OSM,IN,clay,
92.7306,24.8763,OSM,IN,clay,
92.8355,24.5735,OSM,IN,clay,
91.6195,23.9564,OSM,IN,clay,
92.8213,24.6909,OSM,IN,clay,
92.8819,24.8545,OSM,IN,clay,
92.836,24.5769,OSM,IN,clay,
92.8021,24.7188,OSM,IN,clay,
92.8629,24.8389,OSM,IN,clay,
92.8312,24.5538,OSM,IN,clay,
92.807,24.5139,OSM,IN,clay,
91.6227,23.8695,OSM,IN,clay,
91.471,23.8111,OSM,IN,clay,
91.482,23.8062,OSM,IN,clay,
92.8317,24.5567,OSM,IN,clay,
91.6182,23.957,OSM,IN,clay,
92.813,24.5231,OSM,IN,clay,
91.4973,23.8042,OSM,IN,clay,
91.4837,23.8073,OSM,IN,clay,
91.5044,23.8076,OSM,IN,clay,
92.8263,24.5537,OSM,IN,clay,
92.8563,24.8431,OSM,IN,clay,
91.4831,23.8089,OSM,IN,clay,
92.7896,24.7435,OSM,IN,clay,
92.8525,24.8438,OSM,IN,clay,
91.6505,24.0072,OSM,IN,clay,
91.5078,23.8107,OSM,IN,clay,
92.8102,24.5239,OSM,IN,clay,
92.8117,24.5195,OSM,IN,clay,
92.7884,24.7408,OSM,IN,clay,
91.4852,23.8186,OSM,IN,clay,
92.9369,24.829,OSM,IN,clay,
92.8345,24.5806,OSM,IN,clay,
92.8273,24.5696,OSM,IN,clay,
92.818,24.5254,OSM,IN,clay,
91.504,23.8094,OSM,IN,clay,
92.8186,24.7225,OSM,IN,clay,
92.7737,25.9571,OSM,IN,clay,
91.6159,23.9593,OSM,IN,clay,
91.9953,23.9678,OSM,IN,clay,
92.8067,24.5112,OSM,IN,clay,
91.4764,23.8108,OSM,IN,clay,
92.9342,24.838,OSM,IN,clay,
92.8281,24.5752,OSM,IN,clay,
92.9643,24.8182,OSM,IN,clay,
92.6647,24.9515,OSM,IN,clay,
92.6618,24.9531,OSM,IN,clay,
92.6607,24.9508,OSM,IN,clay,
92.9325,25.7636,OSM,IN,clay,
92.9135,24.9094,OSM,IN,clay,
92.913,24.912,OSM,IN,clay,
92.9154,24.9153,OSM,IN,clay,
92.9079,24.9166,OSM,IN,clay,
92.8864,24.97,OSM,IN,,
92.9015,24.9903,OSM,IN,,
92.5832,24.945,OSM,IN,clay,
92.5815,24.9445,OSM,IN,clay,
92.5805,24.946,OSM,IN,clay,
92.5812,24.9469,OSM,IN,clay,
92.5829,24.9473,OSM,IN,clay,
92.5817,24.9487,OSM,IN,clay,
92.5935,24.9081,OSM,IN,clay,
92.607,24.9632,OSM,IN,,
92.5941,24.9132,OSM,IN,clay,
92.6226,24.9476,OSM,IN,clay,
92.6231,24.9458,OSM,IN,clay,
92.6206,24.9428,OSM,IN,clay,
92.7584,24.9232,OSM,IN,clay,
92.761,24.9242,OSM,IN,clay,
92.7591,24.9272,OSM,IN,clay,
92.7695,24.926,OSM,IN,clay,
92.7689,24.9271,OSM,IN,clay,
92.6287,24.946,OSM,IN,clay,
92.6263,24.9478,OSM,IN,clay,
92.6618,24.9494,OSM,IN,clay,
92.6609,24.949,OSM,IN,clay,
92.7206,24.938,OSM,IN,clay,
92.6814,24.8794,OSM,IN,clay,
92.6693,24.9012,OSM,IN,clay,
92.6663,24.902,OSM,IN,clay,
92.8268,24.539,OSM,IN,clay,
92.8158,24.5383,OSM,IN,clay,
92.8392,24.532,OSM,IN,clay,
92.8371,24.5793,OSM,IN,clay,
92.9792,24.6947,OSM,IN,clay,
92.8019,24.5185,OSM,IN,clay,
92.8004,24.5174,OSM,IN,clay,
92.8107,24.5099,OSM,IN,clay,
92.8083,24.5126,OSM,IN,clay,
92.8087,24.5142,OSM,IN,clay,
92.7985,24.5207,OSM,IN,clay,
92.8023,24.521,OSM,IN,clay,
92.8014,24.5214,OSM,IN,clay,
92.8021,24.5234,OSM,IN,clay,
92.7956,24.5232,OSM,IN,clay,
92.7981,24.5231,OSM,IN,clay,
92.7987,24.5235,OSM,IN,clay,
92.7981,24.5239,OSM,IN,clay,
92.8007,24.5239,OSM,IN,clay,
92.8029,24.5229,OSM,IN,clay,
92.8033,24.5241,OSM,IN,clay,
92.8027,24.5256,OSM,IN,clay,
92.804,24.5278,OSM,IN,clay,
92.8035,24.5273,OSM,IN,clay,
92.7951,24.5243,OSM,IN,clay,
92.7962,24.5257,OSM,IN,clay,
92.7993,24.5273,OSM,IN,clay,
92.7975,24.5274,OSM,IN,clay,
92.7965,24.529,OSM,IN,clay,
92.8273,24.5675,OSM,IN,clay,
92.8261,24.567,OSM,IN,,
92.8308,24.5786,OSM,IN,clay,
92.8357,24.5753,OSM,IN,clay,
92.8373,24.5759,OSM,IN,clay,
92.8418,24.5788,OSM,IN,clay,
92.8415,24.5799,OSM,IN,clay,
92.9097,24.6145,OSM,IN,clay,
92.9103,24.6167,OSM,IN,clay,
92.8558,24.6751,OSM,IN,clay,
92.8245,24.7242,OSM,IN,clay,
92.8259,24.7252,OSM,IN,clay,
92.7956,24.7242,OSM,IN,clay,
92.7976,24.7223,OSM,IN,clay,
92.827,24.6953,OSM,IN,clay,
92.8211,24.6945,OSM,IN,clay,
92.8227,24.6947,OSM,IN,clay,
92.8277,24.6947,OSM,IN,clay,
92.8255,24.721,OSM,IN,clay,
92.6639,24.3489,OSM,IN,clay,
92.5971,24.5295,OSM,IN,clay,
92.6213,24.5219,OSM,IN,clay,
92.6061,24.5347,OSM,IN,clay,
92.6056,24.5332,OSM,IN,clay,
92.6085,24.5351,OSM,IN,clay,
92.6082,24.5333,OSM,IN,clay,
92.5891,24.5011,OSM,IN,clay,
92.5895,24.5029,OSM,IN,clay,
92.5878,24.4894,OSM,IN,clay,
92.5303,24.2957,OSM,IN,clay,
92.5297,24.2926,OSM,IN,clay,
92.5272,24.2937,OSM,IN,clay,
92.6994,24.8241,OSM,IN,clay,
92.7017,24.8272,OSM,IN,clay,
92.7119,24.8405,OSM,IN,clay,
92.7009,24.8422,OSM,IN,clay,
92.7005,24.8431,OSM,IN,clay,
92.7032,24.8434,OSM,IN,clay,
92.7134,24.8309,OSM,IN,clay,
92.7111,24.8288,OSM,IN,clay,
92.9866,24.7781,OSM,IN,clay,
92.9861,24.7794,OSM,IN,clay,
92.9825,24.7778,OSM,IN,clay,
92.9835,24.7792,OSM,IN,clay,
92.4833,24.9857,OSM,IN,clay,
92.5006,24.9826,OSM,IN,clay,
92.5023,24.9827,OSM,IN,clay,
92.5326,24.9753,OSM,IN,clay,
92.55,24.9764,OSM,IN,clay,
92.5447,24.976,OSM,IN,clay,
92.5441,24.9773,OSM,IN,clay,
92.7329,24.8818,OSM,IN,clay,
92.7969,24.8599,OSM,IN,clay,
92.7969,24.8588,OSM,IN,clay,
92.7991,24.8568,OSM,IN,clay,
92.7982,24.8538,OSM,IN,clay,
92.7976,24.8565,OSM,IN,clay,
92.2235,24.7699,OSM,IN,clay,
92.3076,24.5709,OSM,IN,clay,
92.3875,24.782,OSM,IN,clay,
92.3988,24.7704,OSM,IN,clay,
92.4227,24.7512,OSM,IN,clay,
92.4222,24.7507,OSM,IN,clay,
92.4216,24.7516,OSM,IN,clay,
92.4215,24.7528,OSM,IN,clay,
92.4861,24.804,OSM,IN,clay,
92.4962,24.8028,OSM,IN,clay,
92.4977,24.8034,OSM,IN,clay,
92.5041,24.8303,OSM,IN,clay,
92.2579,24.8912,OSM,IN,clay,
92.2578,24.8922,OSM,IN,clay,
92.2631,24.8917,OSM,IN,clay,
92.3149,24.8803,OSM,IN,clay,
92.1951,24.897,OSM,IN,clay,
92.2917,24.8627,OSM,IN,clay,
92.291,24.861,OSM,IN,clay,
92.3002,24.8552,OSM,IN,clay,
92.3014,24.8556,OSM,IN,clay,
92.3035,24.8533,OSM,IN,clay,
92.2643,24.8482,OSM,IN,clay,
92.2636,24.8486,OSM,IN,clay,
92.2651,24.8473,OSM,IN,clay,
92.2973,24.869,OSM,IN,clay,
92.2953,24.8669,OSM,IN,clay,
92.2957,24.8678,OSM,IN,clay,
92.2934,24.8684,OSM,IN,clay,
92.2938,24.8662,OSM,IN,clay,
92.2628,24.887,OSM,IN,clay,
92.3443,24.7268,OSM,IN,clay,
92.3432,24.7274,OSM,IN,clay,
92.3411,24.7241,OSM,IN,clay,
92.7793,24.769,OSM,IN,clay,
92.4408,24.5308,OSM,IN,clay,
92.3982,24.5314,OSM,IN,clay,
92.652,24.2685,OSM,IN,clay,
92.6509,24.2704,OSM,IN,clay,
92.6524,24.2695,OSM,IN,clay,
92.6083,24.5325,OSM,IN,clay,
92.6086,24.5318,OSM,IN,clay,
92.5748,24.5862,OSM,IN,clay,
92.575,24.5872,OSM,IN,clay,
92.5763,24.5887,OSM,IN,clay,
92.5752,24.5886,OSM,IN,clay,
92.5746,24.5881,OSM,IN,clay,
92.5578,24.5802,OSM,IN,clay,
92.559,24.5801,OSM,IN,clay,
92.5569,24.5789,OSM,IN,clay,
92.5607,24.5793,OSM,IN,clay,
92.577,24.5793,OSM,IN,clay,
92.5751,24.579,OSM,IN,clay,
92.5854,24.5751,OSM,IN,clay,
92.584,24.5753,OSM,IN,clay,
92.5857,24.5711,OSM,IN,clay,
92.5853,24.5738,OSM,IN,clay,
92.5848,24.5737,OSM,IN,clay,
92.5858,24.574,OSM,IN,clay,
92.5857,24.5726,OSM,IN,clay,
92.587,24.5717,OSM,IN,clay,
92.5853,24.5725,OSM,IN,clay,
92.5842,24.5738,OSM,IN,clay,
92.579,24.5772,OSM,IN,clay,
92.5839,24.5771,OSM,IN,clay,
92.5833,24.5769,OSM,IN,clay,
92.5883,24.5751,OSM,IN,clay,
92.5878,24.5751,OSM,IN,clay,
92.5873,24.5761,OSM,IN,clay,
92.5917,24.5773,OSM,IN,clay,
92.5909,24.5752,OSM,IN,clay,
92.5978,24.5655,OSM,IN,clay,
91.8474,23.9373,OSM,IN,clay,
91.8491,23.9372,OSM,IN,clay,
91.8486,23.9382,OSM,IN,clay,
91.8472,23.9385,OSM,IN,clay,
91.8206,23.9385,OSM,IN,clay,
91.8221,23.9372,OSM,IN,clay,
91.8213,23.9367,OSM,IN,clay,
91.8221,23.9356,OSM,IN,clay,
92.3978,24.8143,OSM,IN,clay,
92.3977,24.815,OSM,IN,clay,
92.206,24.7866,OSM,IN,clay,
92.2075,24.7867,OSM,IN,clay,
91.8568,24.4326,OSM,IN,clay,
91.8571,24.434,OSM,IN,clay,
92.219,24.7962,OSM,IN,clay,
92.22,24.7959,OSM,IN,clay,
91.8497,24.3943,OSM,IN,clay,
91.849,24.3929,OSM,IN,clay,
91.8378,24.4158,OSM,IN,clay,
91.8417,24.4359,OSM,IN,clay,
92.4081,25.1866,OSM,IN,,
92.0766,25.2368,OSM,IN,,
92.0811,25.2368,OSM,IN,,
92.5639,24.452,OSM,IN,clay,
92.5625,24.4505,OSM,IN,clay,
92.5758,24.4553,OSM,IN,clay,
92.5749,24.4565,OSM,IN,clay,
71.2562,26.0606,OSM,IN,lignite,
73.0083,26.3262,OSM,IN,sandstone,
72.8693,27.8751,OSM,IN,,
72.8599,27.8693,OSM,IN,,
70.1183,27.3891,OSM,IN,,
70.1174,27.3928,OSM,IN,,
70.115,27.3858,OSM,IN,,
70.1804,27.2746,OSM,IN,,
68.0309,30.7499,OSM,IN,,
68.0462,30.7485,OSM,IN,,
68.0474,30.7497,OSM,IN,,
68.0426,30.7474,OSM,IN,,
68.0428,30.7385,OSM,IN,,
68.0535,30.7956,OSM,IN,,
72.9911,26.3501,OSM,IN,sandstone,
72.977,26.3421,OSM,IN,sandstone,
72.9155,26.3464,OSM,IN,sandstone,
70.8482,26.8052,OSM,IN,,
72.9976,26.3326,OSM,IN,sandstone,
72.9446,26.3498,OSM,IN,sandstone,
72.9561,26.3596,OSM,IN,sandstone,
72.9428,26.3783,OSM,IN,sandstone,
72.9401,27.8848,OSM,IN,,
72.9135,27.8752,OSM,IN,,
72.9196,27.8527,OSM,IN,,
72.9285,27.8631,OSM,IN,,
72.9582,27.8749,OSM,IN,,
72.9832,27.8963,OSM,IN,,
73.0031,27.8884,OSM,IN,,
72.8777,27.8733,OSM,IN,,
72.4078,26.066,OSM,IN,,
72.93,27.8884,OSM,IN,,
72.9568,27.9364,OSM,IN,,
72.9555,27.9279,OSM,IN,,
72.8684,27.8956,OSM,IN,,
70.589,27.3071,OSM,IN,limestone,
70.5758,27.2939,OSM,IN,limestone,
69.6581,28.6341,OSM,IN,,
72.428,26.3942,OSM,IN,,
72.4625,26.3805,OSM,IN,,
72.9528,26.0044,OSM,IN,,
71.0772,27.2035,OSM,IN,,
79.4769,29.1465,OSM,IN,stone,
82.2511,28.9528,OSM,IN,iron_ore,
80.596,28.6658,OSM,IN,,
80.5915,28.6667,OSM,IN,,
80.5942,28.6901,OSM,IN,,
80.5931,28.6863,OSM,IN,,
81.2803,30.764,OSM,IN,,
82.5556,27.8578,OSM,IN,clay,
82.5539,27.8572,OSM,IN,clay,
82.5519,27.858,OSM,IN,clay,
82.5432,27.8548,OSM,IN,clay,
82.5768,27.8562,OSM,IN,clay,
82.5718,27.8668,OSM,IN,clay,
78.101,28.0144,OSM,IN,,
80.2261,27.2663,OSM,IN,aggregate,
79.5072,28.3315,OSM,IN,aggregate,
79.4944,28.333,OSM,IN,aggregate,
79.4993,28.329,OSM,IN,aggregate,
79.502,28.333,OSM,IN,aggregate,
79.4998,28.333,OSM,IN,aggregate,
79.521,28.2993,OSM,IN,aggregate,
79.4412,28.2454,OSM,IN,aggregate,
79.5909,28.3142,OSM,IN,aggregate,
79.5343,28.2258,OSM,IN,aggregate,
79.5322,28.2248,OSM,IN,aggregate,
79.5338,28.2215,OSM,IN,aggregate,
79.5307,28.2189,OSM,IN,aggregate,
79.5196,28.2356,OSM,IN,aggregate,
79.5179,28.236,OSM,IN,aggregate,
79.5161,28.2349,OSM,IN,aggregate,
79.5186,28.2326,OSM,IN,aggregate,
79.5171,28.2318,OSM,IN,aggregate,
79.5173,28.2303,OSM,IN,aggregate,
79.5164,28.2292,OSM,IN,aggregate,
79.5157,28.2307,OSM,IN,aggregate,
79.5293,28.2223,OSM,IN,aggregate,
79.5181,28.2402,OSM,IN,aggregate,
79.5146,28.2418,OSM,IN,aggregate,
79.5198,28.2502,OSM,IN,aggregate,
79.5183,28.251,OSM,IN,aggregate,
79.5114,28.2539,OSM,IN,aggregate,
79.5119,28.2515,OSM,IN,aggregate,
79.5129,28.2599,OSM,IN,aggregate,
79.6291,28.0744,OSM,IN,aggregate,
79.6222,28.0785,OSM,IN,aggregate,
79.8268,28.2805,OSM,IN,aggregate,
79.8659,28.2739,OSM,IN,aggregate,
79.7987,28.3204,OSM,IN,aggregate,
79.7985,28.3331,OSM,IN,aggregate,
79.8395,28.1845,OSM,IN,aggregate,
79.8409,28.1793,OSM,IN,aggregate,
79.8449,28.1781,OSM,IN,aggregate,
79.8441,28.1801,OSM,IN,aggregate,
79.8407,28.1806,OSM,IN,aggregate,
80.4664,28.6714,OSM,IN,clay,
80.4637,28.6722,OSM,IN,clay,
81.1553,30.9777,OSM,IN,,
80.5091,28.6865,OSM,IN,clay,
80.5758,29.4642,OSM,IN,,
82.9823,27.5373,OSM,IN,clay,
82.983,27.5392,OSM,IN,clay,
82.9866,27.5484,OSM,IN,clay,
82.9891,27.5515,OSM,IN,clay,
82.9888,27.5529,OSM,IN,clay,
82.9894,27.5539,OSM,IN,clay,
82.9883,27.5549,OSM,IN,clay,
82.9713,27.5678,OSM,IN,clay,
82.9447,27.5522,OSM,IN,clay,
82.9436,27.5525,OSM,IN,clay,
82.9387,27.5534,OSM,IN,clay,
82.9395,27.5531,OSM,IN,clay,
82.8914,27.5044,OSM,IN,clay,
82.8924,27.5042,OSM,IN,clay,
82.8921,27.5051,OSM,IN,clay,
82.9441,27.575,OSM,IN,clay,
82.9433,27.5761,OSM,IN,clay,
82.8668,27.6272,OSM,IN,clay,
82.8671,27.629,OSM,IN,clay,
82.8739,27.6137,OSM,IN,clay,
82.871,27.6174,OSM,IN,clay,
82.8707,27.6087,OSM,IN,clay,
82.8694,27.6097,OSM,IN,clay,
82.8561,27.6095,OSM,IN,clay,
82.8555,27.6098,OSM,IN,clay,
82.8469,27.5607,OSM,IN,clay,
82.8454,27.5614,OSM,IN,clay,
82.8363,27.5567,OSM,IN,clay,
82.834,27.5569,OSM,IN,clay,
82.7723,27.5263,OSM,IN,clay,
82.7726,27.5268,OSM,IN,clay,
78.2468,29.7159,OSM,IN,,
79.7491,27.9881,OSM,IN,,
80.2921,28.1988,OSM,IN,,
80.6331,28.2396,OSM,IN,,
78.3092,26.0373,OSM,IN,,
78.1021,26.1116,OSM,IN,,
78.0803,26.1117,OSM,IN,,
78.0577,26.0862,OSM,IN,,
80.2908,29.6182,OSM,IN,,
78.1925,26.2651,OSM,IN,,
80.2165,28.9588,OSM,IN,clay,
80.6499,28.796,OSM,IN,,
78.3602,27.1349,OSM,IN,,
78.3749,27.1336,OSM,IN,,
78.3746,27.127,OSM,IN,,
80.7721,27.9659,OSM,IN,,
80.5239,28.7935,OSM,IN,,
78.5281,27.9803,OSM,IN,clay,
78.5275,27.9799,OSM,IN,clay,
80.6412,29.3,OSM,IN,,
80.6413,29.3,OSM,IN,,
79.7474,29.7665,OSM,IN,,
79.9601,29.9025,OSM,IN,,
79.9532,29.9057,OSM,IN,,
79.9465,29.9024,OSM,IN,,
79.9773,29.9016,OSM,IN,,
79.9559,29.9139,OSM,IN,,
79.9598,29.9146,OSM,IN,,
79.8698,29.8668,OSM,IN,,
79.8626,29.8658,OSM,IN,,
80.599,28.8021,OSM,IN,,
80.6054,28.8027,OSM,IN,,
80.5107,28.8442,OSM,IN,,
80.5203,28.8303,OSM,IN,,
80.5139,28.8405,OSM,IN,,
81.5993,28.5765,OSM,IN,,
81.2826,28.247,OSM,IN,,
78.2374,26.2722,OSM,IN,,
78.1216,26.2502,OSM,IN,,
80.2641,28.9474,OSM,IN,,
80.2355,28.9562,OSM,IN,clay,
78.5017,26.231,OSM,IN,,
78.4583,26.4697,OSM,IN,,
78.4438,26.4557,OSM,IN,,
78.037,26.3896,OSM,IN,,
78.2052,26.325,OSM,IN,,
80.4756,28.6436,OSM,IN,clay,
82.533,27.4928,OSM,IN,clay,
80.6211,28.6505,OSM,IN,clay,
80.9269,28.3862,OSM,IN,clay,
81.3719,28.0129,OSM,IN,clay,
81.3676,28.0141,OSM,IN,clay,
81.6366,27.6158,OSM,IN,clay,
81.6342,27.6176,OSM,IN,clay,
81.6415,27.613,OSM,IN,clay,
81.6386,27.6117,OSM,IN,clay,
81.6385,27.6142,OSM,IN,clay,
81.6834,27.6296,OSM,IN,clay,
81.6746,27.6351,OSM,IN,clay,
81.6757,27.6354,OSM,IN,clay,
81.6761,27.6365,OSM,IN,clay,
81.6603,27.6398,OSM,IN,clay,
81.6594,27.6383,OSM,IN,clay,
81.6651,27.6341,OSM,IN,clay,
81.6362,27.6197,OSM,IN,clay,
81.6343,27.6195,OSM,IN,clay,
81.6332,27.6207,OSM,IN,clay,
81.6432,27.6197,OSM,IN,clay,
81.643,27.6184,OSM,IN,clay,
81.641,27.6182,OSM,IN,clay,
81.6473,27.6197,OSM,IN,clay,
81.6638,27.613,OSM,IN,clay,
81.6532,27.6158,OSM,IN,clay,
81.655,27.6166,OSM,IN,clay,
81.6534,27.6129,OSM,IN,clay,
81.6515,27.6145,OSM,IN,clay,
81.6519,27.6114,OSM,IN,clay,
81.6505,27.6093,OSM,IN,clay,
81.6474,27.607,OSM,IN,clay,
81.6444,27.6095,OSM,IN,clay,
81.6481,27.6092,OSM,IN,clay,
81.6494,27.6011,OSM,IN,clay,
81.6518,27.6026,OSM,IN,clay,
81.6497,27.603,OSM,IN,clay,
81.6508,27.6055,OSM,IN,clay,
81.6424,27.5745,OSM,IN,clay,
81.6416,27.574,OSM,IN,clay,
81.6435,27.5735,OSM,IN,clay,
81.6446,27.5797,OSM,IN,clay,
81.6429,27.5787,OSM,IN,clay,
81.6446,27.5783,OSM,IN,clay,
81.6363,27.5776,OSM,IN,clay,
81.64,27.5809,OSM,IN,clay,
81.6379,27.582,OSM,IN,clay,
81.6364,27.5853,OSM,IN,clay,
81.6367,27.5837,OSM,IN,clay,
81.634,27.5838,OSM,IN,clay,
81.6333,27.5826,OSM,IN,clay,
81.6277,27.5803,OSM,IN,clay,
81.6544,27.603,OSM,IN,clay,
81.6523,27.6041,OSM,IN,clay,
81.6433,27.5914,OSM,IN,clay,
81.638,27.5912,OSM,IN,clay,
81.6695,27.5707,OSM,IN,clay,
81.6736,27.5711,OSM,IN,clay,
81.6739,27.5693,OSM,IN,clay,
81.7046,27.582,OSM,IN,clay,
81.706,27.5796,OSM,IN,clay,
81.6697,27.568,OSM,IN,clay,
81.6666,27.5649,OSM,IN,clay,
81.655,27.5609,OSM,IN,clay,
81.6534,27.5617,OSM,IN,clay,
81.6505,27.5632,OSM,IN,clay,
81.6487,27.5623,OSM,IN,clay,
81.6379,27.5626,OSM,IN,clay,
81.6391,27.5657,OSM,IN,clay,
81.6385,27.568,OSM,IN,clay,
81.6363,27.5666,OSM,IN,clay,
81.6308,27.565,OSM,IN,clay,
81.631,27.5636,OSM,IN,clay,
81.6552,27.5581,OSM,IN,clay,
81.6551,27.5564,OSM,IN,clay,
81.6536,27.5558,OSM,IN,clay,
81.6536,27.5541,OSM,IN,clay,
81.6539,27.5507,OSM,IN,clay,
81.652,27.5552,OSM,IN,clay,
81.6464,27.5567,OSM,IN,clay,
81.6413,27.5544,OSM,IN,clay,
81.6426,27.5533,OSM,IN,clay,
81.6401,27.5504,OSM,IN,clay,
81.6468,27.5478,OSM,IN,clay,
81.6468,27.5457,OSM,IN,clay,
81.6502,27.5407,OSM,IN,clay,
81.6492,27.5399,OSM,IN,clay,
81.6455,27.5393,OSM,IN,clay,
81.6559,27.5311,OSM,IN,clay,
81.6611,27.5309,OSM,IN,clay,
81.6633,27.5178,OSM,IN,clay,
81.6645,27.5187,OSM,IN,clay,
81.6629,27.5202,OSM,IN,clay,
81.6645,27.5213,OSM,IN,clay,
81.6625,27.5212,OSM,IN,clay,
81.6643,27.5236,OSM,IN,clay,
81.6612,27.5262,OSM,IN,clay,
81.663,27.5294,OSM,IN,clay,
81.6659,27.5284,OSM,IN,clay,
81.6656,27.5264,OSM,IN,clay,
81.6711,27.5231,OSM,IN,clay,
81.6818,27.5135,OSM,IN,clay,
81.6813,27.5155,OSM,IN,clay,
81.6803,27.5162,OSM,IN,clay,
81.6649,27.5124,OSM,IN,clay,
81.6645,27.5156,OSM,IN,clay,
81.666,27.5158,OSM,IN,clay,
81.6647,27.5168,OSM,IN,clay,
78.6151,27.9273,OSM,IN,clay,
78.6116,27.9259,OSM,IN,clay,
78.6083,27.9251,OSM,IN,clay,
78.5108,28.0292,OSM,IN,clay,
78.5118,28.0294,OSM,IN,clay,
78.5152,28.0306,OSM,IN,clay,
78.4961,27.8888,OSM,IN,clay,
78.5004,27.8866,OSM,IN,clay,
78.4992,27.8875,OSM,IN,clay,
78.4929,27.8575,OSM,IN,clay,
78.4947,27.859,OSM,IN,clay,
78.4988,27.8582,OSM,IN,clay,
78.499,27.8562,OSM,IN,clay,
78.4971,27.8563,OSM,IN,clay,
78.4946,27.8564,OSM,IN,clay,
78.4915,27.8562,OSM,IN,clay,
78.4908,27.8538,OSM,IN,clay,
78.4986,27.8504,OSM,IN,clay,
78.4981,27.8508,OSM,IN,clay,
78.4978,27.8514,OSM,IN,clay,
78.5829,27.8895,OSM,IN,clay,
78.5844,27.8894,OSM,IN,clay,
78.5844,27.8883,OSM,IN,clay,
78.5846,27.8853,OSM,IN,clay,
78.5446,27.8245,OSM,IN,clay,
78.5411,27.8261,OSM,IN,clay,
78.5517,27.871,OSM,IN,clay,
78.5493,27.8699,OSM,IN,clay,
78.5988,27.8294,OSM,IN,clay,
78.5992,27.8222,OSM,IN,clay,
78.6113,27.8118,OSM,IN,clay,
78.6118,27.8106,OSM,IN,clay,
78.626,27.8131,OSM,IN,clay,
78.6325,27.8067,OSM,IN,clay,
78.6257,27.8539,OSM,IN,clay,
78.6166,27.8525,OSM,IN,clay,
78.6207,27.8563,OSM,IN,clay,
78.7143,27.82,OSM,IN,clay,
78.7104,27.82,OSM,IN,clay,
78.7021,27.8448,OSM,IN,clay,
78.7056,27.8446,OSM,IN,clay,
78.7076,27.8488,OSM,IN,clay,
78.7081,27.8512,OSM,IN,clay,
78.7069,27.8503,OSM,IN,clay,
78.546,27.7964,OSM,IN,clay,
78.5353,27.7922,OSM,IN,clay,
78.5989,27.7972,OSM,IN,clay,
78.6003,27.8036,OSM,IN,clay,
78.6064,27.8007,OSM,IN,clay,
78.5549,27.7898,OSM,IN,clay,
79.8617,28.7172,OSM,IN,clay,
79.8518,28.7081,OSM,IN,clay,
79.8825,28.7281,OSM,IN,clay,
79.8816,28.7297,OSM,IN,clay,
79.8949,28.8296,OSM,IN,clay,
79.8837,28.8257,OSM,IN,clay,
79.8871,28.8242,OSM,IN,clay,
80.2716,28.9484,OSM,IN,clay,
80.1547,28.9987,OSM,IN,clay,
79.4693,29.1418,OSM,IN,stone,
79.473,29.1425,OSM,IN,stone,
79.4669,29.1372,OSM,IN,stone,
78.6625,27.7837,OSM,IN,clay,
78.6622,27.7821,OSM,IN,clay,
78.6602,27.7813,OSM,IN,clay,
78.6571,27.7794,OSM,IN,clay,
78.516,27.9712,OSM,IN,clay,
78.5153,27.9716,OSM,IN,clay,
78.5227,27.9718,OSM,IN,clay,
78.5305,27.9811,OSM,IN,clay,
78.5284,27.9813,OSM,IN,clay,
79.514,29.0975,OSM,IN,stone,
78.5111,27.9839,OSM,IN,clay,
78.51,27.9821,OSM,IN,clay,
79.4083,29.5402,OSM,IN,stone,
80.0928,28.9536,OSM,IN,sand,
80.0949,28.951,OSM,IN,sand,
80.1575,28.9971,OSM,IN,clay,
80.1564,28.9983,OSM,IN,clay,
80.1848,28.981,OSM,IN,clay,
80.152,28.9976,OSM,IN,clay,
80.1992,29.0032,OSM,IN,clay,
80.1976,29.0005,OSM,IN,clay,
80.1998,29.0007,OSM,IN,clay,
80.2014,29.0011,OSM,IN,clay,
80.13,29.0244,OSM,IN,clay,
80.1312,29.0236,OSM,IN,clay,
80.3153,28.7027,OSM,IN,clay,
80.3603,28.6893,OSM,IN,clay,
80.3647,28.6381,OSM,IN,clay,
80.3665,28.6383,OSM,IN,clay,
80.3494,28.6666,OSM,IN,clay,
80.3819,28.6799,OSM,IN,clay,
80.3891,28.6408,OSM,IN,clay,
80.3968,28.6917,OSM,IN,clay,
80.4328,28.6428,OSM,IN,clay,
80.4856,28.6213,OSM,IN,clay,
80.4852,28.62,OSM,IN,clay,
80.4766,28.6564,OSM,IN,clay,
80.4724,28.6541,OSM,IN,clay,
80.4737,28.6551,OSM,IN,clay,
80.478,28.6428,OSM,IN,clay,
80.488,28.6173,OSM,IN,clay,
80.4718,28.6622,OSM,IN,clay,
80.4689,28.6596,OSM,IN,clay,
80.4708,28.6569,OSM,IN,clay,
80.4646,28.6607,OSM,IN,clay,
79.0349,29.152,OSM,IN,,
79.0437,29.1497,OSM,IN,,
79.024,29.1197,OSM,IN,,
79.0263,29.1319,OSM,IN,,
79.0443,29.1697,OSM,IN,,
79.5277,29.176,OSM,IN,,
79.532,29.1604,OSM,IN,stone,
79.5335,29.1357,OSM,IN,,
79.5278,29.1374,OSM,IN,stone,
79.5417,29.0937,OSM,IN,stone,
79.5236,29.0721,OSM,IN,stone,
79.5111,28.9856,OSM,IN,stone,
81.8345,28.4363,OSM,IN,,
81.6461,30.7397,OSM,IN,,
81.6494,30.7395,OSM,IN,,
78.6225,30.1181,OSM,IN,,
78.7025,29.9684,OSM,IN,,
78.4383,30.0805,OSM,IN,,
80.3041,28.294,OSM,IN,clay,
80.3062,28.2921,OSM,IN,clay,
80.3413,28.2703,OSM,IN,clay,
80.3368,28.2727,OSM,IN,clay,
80.3453,28.2654,OSM,IN,clay,
80.3463,28.2768,OSM,IN,clay,
80.3471,28.2713,OSM,IN,clay,
80.3439,28.274,OSM,IN,clay,
80.3468,28.3003,OSM,IN,clay,
81.658,27.6394,OSM,IN,clay,
80.2994,28.3753,OSM,IN,clay,
78.0671,30.4214,OSM,IN,,
78.7835,30.2162,OSM,IN,,
79.012,30.3427,OSM,IN,,
78.5086,26.2335,OSM,IN,,
78.4921,26.2711,OSM,IN,,
78.4862,26.2655,OSM,IN,,
78.4771,26.2707,OSM,IN,,
78.3501,26.2731,OSM,IN,,
78.3584,26.2873,OSM,IN,,
78.5083,26.2303,OSM,IN,,
78.2939,26.0457,OSM,IN,,
79.57,30.6063,OSM,IN,,
80.1945,28.9852,OSM,IN,clay,
80.1664,29.0211,OSM,IN,clay,
80.1548,29.0145,OSM,IN,clay,
80.1469,29.0068,OSM,IN,clay,
82.9558,27.6069,OSM,IN,,
82.8579,27.5758,OSM,IN,,
82.8568,27.6108,OSM,IN,,
82.8577,27.6089,OSM,IN,,
82.8643,27.6261,OSM,IN,,
82.8701,27.6261,OSM,IN,,
82.8734,27.6179,OSM,IN,,
82.8752,27.6156,OSM,IN,,
82.8643,27.6236,OSM,IN,,
82.8682,27.6265,OSM,IN,,
82.8036,27.6787,OSM,IN,,
82.3842,27.8932,OSM,IN,clay,
80.525,28.8237,OSM,IN,,
80.5103,28.8903,OSM,IN,,
80.5777,28.8245,OSM,IN,,
91.7006,29.7215,OSM,IN,,
91.0043,30.9543,OSM,IN,,
92.2391,26.1288,OSM,IN,,
91.4462,26.8516,OSM,IN,,
91.4519,26.8513,OSM,IN,,
91.8297,27.7176,OSM,IN,,
89.2467,26.838,OSM,IN,limestone,
89.1648,26.8406,OSM,IN,,
89.0418,26.9656,OSM,IN,,
91.8399,29.2859,OSM,IN,,
91.8372,29.2872,OSM,IN,,
91.4056,27.0262,OSM,IN,Gypsum,
91.8319,29.3877,OSM,IN,,
92.1982,28.4013,OSM,IN,,
89.2362,26.8347,OSM,IN,,
89.5528,27.3928,OSM,IN,,
89.5629,27.3937,OSM,IN,,
89.5638,27.3902,OSM,IN,,
89.545,27.3777,OSM,IN,,
89.5637,27.3972,OSM,IN,,
91.2498,26.8916,OSM,IN,,
89.7017,27.472,OSM,IN,,
88.1858,26.2975,OSM,IN,clay,
88.1791,26.2797,OSM,IN,clay,
88.1778,26.2797,OSM,IN,clay,
88.1741,26.2801,OSM,IN,clay,
88.1725,26.28,OSM,IN,clay,
88.0134,26.1776,OSM,IN,clay,
88.1493,26.299,OSM,IN,clay,
88.152,26.2986,OSM,IN,clay,
88.1536,26.2919,OSM,IN,clay,
88.1548,26.2958,OSM,IN,clay,
88.1547,26.298,OSM,IN,clay,
88.1558,26.2986,OSM,IN,clay,
87.9999,26.3511,OSM,IN,clay,
88.0015,26.3522,OSM,IN,clay,
88.0036,26.3516,OSM,IN,clay,
87.9994,26.3587,OSM,IN,clay,
88.0252,26.3509,OSM,IN,clay,
88.0215,26.3514,OSM,IN,clay,
88.0195,26.3523,OSM,IN,clay,
88.001,26.3473,OSM,IN,clay,
88.0021,26.3462,OSM,IN,clay,
87.9987,26.3437,OSM,IN,clay,
88.0025,26.3344,OSM,IN,clay,
88.0008,26.3348,OSM,IN,clay,
88.0072,26.341,OSM,IN,clay,
88.0082,26.3406,OSM,IN,clay,
88.0149,26.3379,OSM,IN,clay,
88.0131,26.3382,OSM,IN,clay,
88.0121,26.3365,OSM,IN,clay,
88.0137,26.3365,OSM,IN,clay,
88.0146,26.3367,OSM,IN,clay,
88.0183,26.3377,OSM,IN,clay,
88.0174,26.3354,OSM,IN,clay,
88.0157,26.3349,OSM,IN,clay,
88.0137,26.3333,OSM,IN,clay,
88.0079,26.3195,OSM,IN,clay,
87.9992,26.3173,OSM,IN,clay,
88.0248,26.3482,OSM,IN,clay,
88.0219,26.3483,OSM,IN,clay,
88.0248,26.3456,OSM,IN,clay,
88.0233,26.3456,OSM,IN,clay,
88.2954,26.617,OSM,IN,clay,
88.2922,26.6172,OSM,IN,clay,
88.2918,26.6183,OSM,IN,clay,
88.287,26.6048,OSM,IN,clay,
88.0583,26.4596,OSM,IN,clay,
88.0552,26.4648,OSM,IN,clay,
88.0572,26.4651,OSM,IN,clay,
88.0892,26.625,OSM,IN,clay,
88.8739,27.3302,OSM,IN,,
88.0885,26.5902,OSM,IN,clay,
91.6593,26.1061,OSM,IN,,
91.671,26.1052,OSM,IN,,
91.6656,26.1023,OSM,IN,,
88.0862,26.5903,OSM,IN,clay,
88.4341,26.2482,OSM,IN,,
88.4333,26.2484,OSM,IN,,
88.5478,26.1652,OSM,IN,,
88.3656,26.5357,OSM,IN,,
88.3671,26.5378,OSM,IN,,
88.2016,26.7326,OSM,IN,,
91.8404,26.2044,OSM,IN,clay,
91.8599,26.21,OSM,IN,clay,
91.8467,26.2055,OSM,IN,,
91.8449,26.2066,OSM,IN,clay,
91.842,26.2066,OSM,IN,,
91.8443,26.2112,OSM,IN,clay,
91.8476,26.2099,OSM,IN,clay,
91.9885,26.1766,OSM,IN,clay,
91.9942,26.184,OSM,IN,clay,
91.9916,26.1843,OSM,IN,clay,
91.9885,26.1781,OSM,IN,clay,
91.9897,26.18,OSM,IN,clay,
88.9342,26.3626,OSM,IN,,
88.9639,26.3979,OSM,IN,,
91.318,28.4305,OSM,IN,,
91.9432,26.1,OSM,IN,,
88.7742,27.7454,OSM,IN,,
92.2148,29.2096,OSM,IN,,
91.6953,26.2452,OSM,IN,,
91.7658,26.3191,OSM,IN,,
91.7307,26.3184,OSM,IN,,
91.7198,26.3222,OSM,IN,,
90.8557,29.6457,OSM,IN,,
90.8568,29.6476,OSM,IN,,
90.5287,26.5208,OSM,IN,coal,
90.4635,30.0816,OSM,IN,,
90.4704,30.0861,OSM,IN,,
88.8407,29.2412,OSM,IN,,
88.8394,29.2507,OSM,IN,,
91.0415,29.5733,OSM,IN,,
90.7786,28.3827,OSM,IN,,
90.3633,28.8725,OSM,IN,,
89.6219,27.3955,OSM,IN,,
89.6163,27.3971,OSM,IN,,
89.6256,27.39,OSM,IN,,
90.5236,30.1106,OSM,IN,,
90.5479,30.0898,OSM,IN,,
90.5553,30.0815,OSM,IN,,
90.3364,29.9789,OSM,IN,,
89.4626,30.8208,OSM,IN,,
89.4381,30.8343,OSM,IN,,
91.5959,27.4473,OSM,IN,,
91.3997,27.0246,OSM,IN,,
91.4322,26.8548,OSM,IN,,
91.2506,26.8848,OSM,IN,,
91.2139,27.2025,OSM,IN,sand,
91.2386,27.1778,OSM,IN,,
91.2531,27.2618,OSM,IN,,
91.0449,29.2829,OSM,IN,,
90.9951,29.3005,OSM,IN,,
90.9381,29.2971,OSM,IN,,
90.9378,29.295,OSM,IN,,
90.9401,29.2957,OSM,IN,,
90.9311,29.278,OSM,IN,,
90.9357,29.2777,OSM,IN,,
90.9345,29.2769,OSM,IN,,
90.9332,29.2816,OSM,IN,,
90.9379,29.2838,OSM,IN,,
90.9219,29.063,OSM,IN,,
91.6932,26.251,OSM,IN,,
91.688,26.7001,OSM,IN,sand,
91.0581,29.5476,OSM,IN,,
91.7468,29.7065,OSM,IN,,
91.7674,29.7054,OSM,IN,,
91.7611,29.6935,OSM,IN,,
91.7772,29.6971,OSM,IN,,
91.6324,29.7997,OSM,IN,,
91.0081,29.6173,OSM,IN,,
90.9699,29.6164,OSM,IN,,
90.8694,29.6859,OSM,IN,,
90.8702,29.7102,OSM,IN,,
91.04,29.653,OSM,IN,,
90.0717,27.1386,OSM,IN,,
89.4372,26.9109,OSM,IN,,
89.2953,26.8529,OSM,IN,,
89.3119,26.8492,OSM,IN,,
89.3129,26.8522,OSM,IN,,
89.3216,26.8585,OSM,IN,,
89.2747,26.8372,OSM,IN,,
89.2384,26.8407,OSM,IN,,
89.235,26.8446,OSM,IN,,
89.2575,26.8384,OSM,IN,,
89.0897,26.9529,OSM,IN,,
90.5363,27.3641,OSM,IN,,
90.5298,27.3678,OSM,IN,,
91.198,27.2583,OSM,IN,stone,
89.4186,26.9423,OSM,IN,,
90.0925,27.5169,OSM,IN,,
90.0951,27.5191,OSM,IN,,
89.2918,29.3447,OSM,IN,,
90.5371,27.3837,OSM,IN,,
90.1778,27.5388,OSM,IN,,
90.4836,27.49,OSM,IN,,
90.4894,27.4688,OSM,IN,,
89.9029,27.3994,OSM,IN,,
90.0068,27.4911,OSM,IN,,
90.0236,27.4978,OSM,IN,,
90.0498,27.2135,OSM,IN,,
89.5168,27.278,OSM,IN,,
90.0543,27.1746,OSM,IN,,
90.0475,27.1735,OSM,IN,,
89.5627,27.4132,OSM,IN,,
89.5598,27.4102,OSM,IN,,
89.5471,27.3944,OSM,IN,,
89.5502,27.3921,OSM,IN,,
88.8757,26.9551,OSM,IN,,
88.9537,27.0184,OSM,IN,,
89.2572,26.819,OSM,IN,,
89.2579,26.8209,OSM,IN,,
89.2874,26.8358,OSM,IN,,
89.2287,26.8287,OSM,IN,sand,
89.0946,26.8719,OSM,IN,sand,
89.5331,27.2967,OSM,IN,,
89.512,27.3238,OSM,IN,,
89.0895,26.9024,OSM,IN,sand,
89.1192,26.863,OSM,IN,,
89.1058,26.866,OSM,IN,,
89.3682,26.8736,OSM,IN,sand,
89.4184,26.8397,OSM,IN,,
89.0448,26.9255,OSM,IN,,
89.447,26.8405,OSM,IN,sand,
89.8796,26.7319,OSM,IN,,
89.8916,26.9235,OSM,IN,,
90.4159,26.9113,OSM,IN,,
90.4123,26.914,OSM,IN,,
90.4147,26.9063,OSM,IN,,
90.4208,26.9051,OSM,IN,,
90.4389,26.9065,OSM,IN,,
90.5048,26.8776,OSM,IN,,
90.4555,26.8854,OSM,IN,,
90.4542,26.9062,OSM,IN,,
90.504,26.8688,OSM,IN,,
90.5135,26.9258,OSM,IN,,
89.2781,29.3574,OSM,IN,,
89.1392,27.731,OSM,IN,,
90.9869,26.286,OSM,IN,clay,
90.9868,26.2831,OSM,IN,clay,
90.981,26.2797,OSM,IN,clay,
90.0818,26.3821,OSM,IN,,
90.0832,26.3817,OSM,IN,,
90.0891,26.375,OSM,IN,,
92.0268,26.4845,OSM,IN,clay,
91.8356,26.2731,OSM,IN,clay,
91.8384,26.3369,OSM,IN,clay,
91.94,26.0859,OSM,IN,clay,
91.8372,26.2683,OSM,IN,clay,
92.033,26.4838,OSM,IN,clay,
92.0046,26.2097,OSM,IN,clay,
91.8286,26.3344,OSM,IN,clay,
92.0299,26.5059,OSM,IN,clay,
92.2412,26.397,OSM,IN,clay,
92.004,26.1887,OSM,IN,,
91.9433,26.0856,OSM,IN,clay,
92.0131,26.4774,OSM,IN,clay,
91.8375,26.2754,OSM,IN,clay,
91.9317,26.0859,OSM,IN,clay,
91.8387,26.2766,OSM,IN,clay,
92.0225,26.4868,OSM,IN,clay,
91.9279,26.0843,OSM,IN,clay,
91.9673,26.1011,OSM,IN,clay,
92.0286,26.484,OSM,IN,clay,
91.9992,26.2101,OSM,IN,clay,
92.0166,26.4844,OSM,IN,clay,
92.0158,26.482,OSM,IN,clay,
91.8356,26.3381,OSM,IN,clay,
91.9907,26.45,OSM,IN,clay,
92.2567,26.4074,OSM,IN,clay,
91.9765,26.4266,OSM,IN,clay,
91.9978,26.1284,OSM,IN,clay,
91.6805,26.327,OSM,IN,clay,
91.9773,26.4354,OSM,IN,clay,
92.0066,26.1887,OSM,IN,clay,
91.8347,26.3353,OSM,IN,clay,
91.9943,26.2105,OSM,IN,clay,
92.0247,26.4994,OSM,IN,clay,
92.1808,26.1681,OSM,IN,clay,
92.0214,26.4833,OSM,IN,clay,
92.0189,26.4836,OSM,IN,clay,
91.9673,26.1056,OSM,IN,clay,
92.2351,26.3938,OSM,IN,clay,
91.9699,26.1082,OSM,IN,clay,
91.9252,26.0736,OSM,IN,clay,
91.8814,26.0546,OSM,IN,clay,
91.9359,26.0866,OSM,IN,,
92.3541,26.2027,OSM,IN,clay,
91.8137,26.421,OSM,IN,clay,
91.8024,26.4223,OSM,IN,clay,
91.8045,26.4224,OSM,IN,clay,
91.9346,26.2339,OSM,IN,clay,
91.9349,26.2381,OSM,IN,clay,
91.9438,26.0842,OSM,IN,clay,
91.9264,26.0843,OSM,IN,clay,
92.001,26.1347,OSM,IN,clay,
91.8595,26.3289,OSM,IN,clay,
91.8329,26.3358,OSM,IN,clay,
91.8386,26.3392,OSM,IN,clay,
91.7813,26.2676,OSM,IN,clay,
91.7806,26.2694,OSM,IN,clay,
92.0395,26.2023,OSM,IN,clay,
92.0432,26.2059,OSM,IN,clay,
92.039,26.2051,OSM,IN,clay,
92.0301,26.2127,OSM,IN,clay,
92.0252,26.2114,OSM,IN,clay,
91.9864,26.1737,OSM,IN,clay,
91.9878,26.1738,OSM,IN,clay,
92.0069,26.1872,OSM,IN,clay,
92.0061,26.2126,OSM,IN,clay,
92.0216,26.2038,OSM,IN,clay,
91.84,26.2056,OSM,IN,clay,
91.9319,26.2346,OSM,IN,clay,
91.901,26.222,OSM,IN,clay,
91.7695,26.2508,OSM,IN,clay,
91.7885,26.2584,OSM,IN,clay,
91.859,26.3273,OSM,IN,clay,
91.8138,26.4119,OSM,IN,clay,
91.8162,26.4171,OSM,IN,clay,
91.8098,26.4227,OSM,IN,clay,
91.8129,26.4217,OSM,IN,clay,
91.8167,26.4209,OSM,IN,clay,
92.0835,26.1869,OSM,IN,clay,
92.0817,26.1894,OSM,IN,clay,
92.6506,26.3127,OSM,IN,clay,
91.7869,26.2576,OSM,IN,clay,
89.0967,26.723,OSM,IN,clay,
89.0982,26.7232,OSM,IN,clay,
89.0973,26.7192,OSM,IN,clay,
89.0973,26.7173,OSM,IN,clay,
89.0959,26.7183,OSM,IN,clay,
89.0938,26.719,OSM,IN,clay,
89.0899,26.7148,OSM,IN,clay,
89.088,26.7149,OSM,IN,clay,
89.0916,26.7143,OSM,IN,clay,
89.096,26.7152,OSM,IN,clay,
89.0962,26.7142,OSM,IN,clay,
89.0948,26.7131,OSM,IN,clay,
89.0961,26.7123,OSM,IN,clay,
89.0947,26.712,OSM,IN,clay,
89.0944,26.7089,OSM,IN,clay,
89.0941,26.71,OSM,IN,clay,
89.0847,26.6952,OSM,IN,clay,
89.0847,26.697,OSM,IN,clay,
89.0897,26.6965,OSM,IN,clay,
89.0931,26.697,OSM,IN,clay,
89.0918,26.6972,OSM,IN,clay,
89.0891,26.6944,OSM,IN,clay,
89.0839,26.6873,OSM,IN,clay,
89.0828,26.6872,OSM,IN,clay,
89.1086,26.623,OSM,IN,clay,
89.1098,26.6233,OSM,IN,clay,
89.1092,26.6242,OSM,IN,clay,
89.0927,26.6397,OSM,IN,clay,
89.5649,26.2944,OSM,IN,clay,
89.5639,26.2929,OSM,IN,clay,
89.5656,26.2927,OSM,IN,clay,
89.5603,26.2974,OSM,IN,clay,
89.5635,26.2984,OSM,IN,clay,
89.5621,26.2999,OSM,IN,clay,
89.5623,26.3016,OSM,IN,clay,
89.5412,26.3263,OSM,IN,clay,
89.5413,26.3242,OSM,IN,clay,
89.5393,26.3233,OSM,IN,clay,
89.5491,26.309,OSM,IN,clay,
89.5484,26.3105,OSM,IN,clay,
89.5419,26.3116,OSM,IN,clay,
89.5424,26.3129,OSM,IN,clay,
89.543,26.3136,OSM,IN,clay,
89.5414,26.314,OSM,IN,clay,
89.5691,26.3059,OSM,IN,clay,
89.5731,26.3059,OSM,IN,clay,
89.5722,26.3048,OSM,IN,clay,
89.5663,26.3061,OSM,IN,clay,
89.5725,26.3098,OSM,IN,clay,
89.569,26.3086,OSM,IN,clay,
89.566,26.3092,OSM,IN,clay,
89.5658,26.3125,OSM,IN,clay,
89.5696,26.311,OSM,IN,clay,
89.6108,26.29,OSM,IN,clay,
89.5724,26.3142,OSM,IN,clay,
89.5733,26.312,OSM,IN,clay,
89.6419,26.3039,OSM,IN,clay,
89.6045,26.308,OSM,IN,clay,
89.6077,26.3078,OSM,IN,clay,
89.6137,26.3067,OSM,IN,clay,
89.6123,26.3069,OSM,IN,clay,
89.6099,26.3084,OSM,IN,clay,
89.6061,26.31,OSM,IN,clay,
89.5983,26.3179,OSM,IN,clay,
89.6017,26.3177,OSM,IN,clay,
89.6031,26.3361,OSM,IN,clay,
89.5459,26.3683,OSM,IN,clay,
89.5431,26.3678,OSM,IN,clay,
89.5446,26.369,OSM,IN,clay,
89.5648,26.4739,OSM,IN,clay,
89.5617,26.4742,OSM,IN,clay,
89.5636,26.4735,OSM,IN,clay,
89.556,26.4745,OSM,IN,clay,
89.5472,26.4739,OSM,IN,clay,
89.5421,26.4752,OSM,IN,clay,
89.5889,26.5339,OSM,IN,clay,
89.5898,26.5355,OSM,IN,clay,
89.5816,26.5417,OSM,IN,clay,
89.5817,26.5422,OSM,IN,clay,
89.5831,26.5423,OSM,IN,clay,
89.4913,26.3906,OSM,IN,clay,
90.0028,26.1032,OSM,IN,clay,
89.9286,26.086,OSM,IN,clay,
89.927,26.0868,OSM,IN,clay,
89.9223,26.0885,OSM,IN,clay,
89.9199,26.0888,OSM,IN,clay,
89.9194,26.0903,OSM,IN,clay,
89.9211,26.0913,OSM,IN,clay,
89.9256,26.095,OSM,IN,clay,
89.9253,26.0947,OSM,IN,clay,
89.9266,26.0952,OSM,IN,clay,
89.9214,26.0977,OSM,IN,clay,
89.9224,26.0978,OSM,IN,clay,
89.9104,26.0855,OSM,IN,clay,
89.9119,26.087,OSM,IN,clay,
89.9038,26.0931,OSM,IN,clay,
89.9233,26.1058,OSM,IN,clay,
89.9192,26.1057,OSM,IN,clay,
89.9162,26.1003,OSM,IN,clay,
89.914,26.1028,OSM,IN,clay,
89.9136,26.1017,OSM,IN,clay,
89.9114,26.1022,OSM,IN,clay,
89.9116,26.103,OSM,IN,clay,
89.9124,26.1022,OSM,IN,clay,
89.9177,26.1068,OSM,IN,clay,
89.917,26.107,OSM,IN,clay,
89.9204,26.1061,OSM,IN,clay,
89.9261,26.106,OSM,IN,clay,
89.9271,26.1078,OSM,IN,clay,
89.9242,26.1073,OSM,IN,clay,
89.9248,26.1078,OSM,IN,clay,
89.8518,26.1071,OSM,IN,clay,
89.8541,26.109,OSM,IN,clay,
89.8529,26.1101,OSM,IN,clay,
89.8517,26.1113,OSM,IN,clay,
89.8936,26.1132,OSM,IN,clay,
89.8921,26.1136,OSM,IN,clay,
89.8913,26.1045,OSM,IN,clay,
89.8942,26.0976,OSM,IN,clay,
89.893,26.0959,OSM,IN,clay,
89.89,26.0916,OSM,IN,clay,
89.891,26.0888,OSM,IN,clay,
89.8906,26.0908,OSM,IN,clay,
89.8755,26.0882,OSM,IN,clay,
89.9203,26.0682,OSM,IN,clay,
89.9252,26.0659,OSM,IN,clay,
89.9193,26.0686,OSM,IN,clay,
89.9222,26.0677,OSM,IN,clay,
89.921,26.0668,OSM,IN,clay,
89.9654,26.0721,OSM,IN,clay,
89.9467,26.0808,OSM,IN,clay,
89.9485,26.0836,OSM,IN,clay,
89.9424,26.0888,OSM,IN,clay,
89.9405,26.0825,OSM,IN,clay,
89.941,26.0844,OSM,IN,clay,
89.9711,26.1063,OSM,IN,clay,
89.9708,26.1058,OSM,IN,clay,
89.9711,26.1069,OSM,IN,clay,
89.9707,26.1122,OSM,IN,clay,
89.9705,26.1113,OSM,IN,clay,
89.9972,26.0947,OSM,IN,clay,
89.9702,26.0986,OSM,IN,clay,
89.97,26.0994,OSM,IN,clay,
89.9678,26.0999,OSM,IN,clay,
90.0004,26.105,OSM,IN,clay,
89.9998,26.1011,OSM,IN,clay,
89.9965,26.1033,OSM,IN,clay,
89.9969,26.1061,OSM,IN,clay,
89.4865,26.4951,OSM,IN,clay,
89.4984,26.4886,OSM,IN,clay,
89.4964,26.4892,OSM,IN,clay,
89.4907,26.4912,OSM,IN,clay,
89.492,26.4936,OSM,IN,clay,
89.4849,26.4964,OSM,IN,clay,
89.4862,26.4965,OSM,IN,clay,
89.4883,26.4965,OSM,IN,clay,
89.8058,26.4193,OSM,IN,clay,
89.8043,26.4198,OSM,IN,clay,
89.8042,26.4187,OSM,IN,clay,
89.8012,26.417,OSM,IN,clay,
89.8034,26.4174,OSM,IN,clay,
89.803,26.423,OSM,IN,clay,
89.8024,26.4244,OSM,IN,clay,
89.8081,26.4505,OSM,IN,clay,
89.9108,26.4359,OSM,IN,clay,
89.9257,26.4419,OSM,IN,clay,
89.7517,26.3038,OSM,IN,clay,
89.7557,26.3022,OSM,IN,clay,
89.7634,26.2921,OSM,IN,clay,
89.0858,26.4193,OSM,IN,clay,
89.0861,26.4202,OSM,IN,clay,
89.125,26.3471,OSM,IN,clay,
89.1238,26.3485,OSM,IN,clay,
89.1121,26.3663,OSM,IN,clay,
89.1646,26.3428,OSM,IN,clay,
90.0949,26.3573,OSM,IN,clay,
90.0812,26.3893,OSM,IN,clay,
90.1698,26.3996,OSM,IN,clay,
90.1716,26.4004,OSM,IN,clay,
90.5273,26.0694,OSM,IN,clay,
90.5213,26.0695,OSM,IN,clay,
90.5176,26.071,OSM,IN,clay,
90.5165,26.0711,OSM,IN,clay,
90.5127,26.0645,OSM,IN,clay,
90.5122,26.0648,OSM,IN,clay,
90.5121,26.0637,OSM,IN,clay,
90.4903,26.0378,OSM,IN,clay,
90.4901,26.0469,OSM,IN,clay,
90.4891,26.0465,OSM,IN,clay,
90.5038,26.0651,OSM,IN,clay,
90.5051,26.0668,OSM,IN,clay,
91.2954,26.5144,OSM,IN,clay,
91.2961,26.512,OSM,IN,clay,
91.2939,26.5122,OSM,IN,clay,
91.2919,26.5131,OSM,IN,clay,
91.2922,26.5107,OSM,IN,clay,
91.2921,26.507,OSM,IN,clay,
91.2936,26.5042,OSM,IN,clay,
91.2912,26.5043,OSM,IN,clay,
91.2894,26.5008,OSM,IN,clay,
91.2734,26.5035,OSM,IN,clay,
91.2754,26.5037,OSM,IN,clay,
91.2781,26.4915,OSM,IN,clay,
91.2767,26.4912,OSM,IN,clay,
91.2778,26.489,OSM,IN,clay,
91.28,26.4893,OSM,IN,clay,
91.2826,26.4867,OSM,IN,clay,
91.3074,26.5271,OSM,IN,clay,
91.3158,26.5278,OSM,IN,clay,
91.3184,26.5283,OSM,IN,clay,
91.3487,26.4571,OSM,IN,clay,
92.2388,26.1462,OSM,IN,,
92.8346,26.6589,OSM,IN,clay,
92.8559,26.6453,OSM,IN,clay,
92.8573,26.6465,OSM,IN,clay,
92.837,26.6499,OSM,IN,clay,
92.8364,26.6506,OSM,IN,clay,
92.8437,26.6546,OSM,IN,clay,
92.8448,26.6554,OSM,IN,clay,
92.9085,26.5502,OSM,IN,clay,
92.8102,26.7539,OSM,IN,clay,
91.7799,26.2829,OSM,IN,clay,
90.9907,26.2892,OSM,IN,clay,
92.0601,26.1984,OSM,IN,clay,
92.3491,26.1941,OSM,IN,clay,
91.7439,26.3332,OSM,IN,clay,
92.1637,26.1789,OSM,IN,clay,
92.8237,26.7521,OSM,IN,clay,
90.9989,26.2969,OSM,IN,clay,
92.2811,26.1821,OSM,IN,clay,
91.8062,26.3033,OSM,IN,clay,
92.8117,26.7711,OSM,IN,clay,
91.8142,26.308,OSM,IN,clay,
91.819,26.3105,OSM,IN,clay,
92.1651,26.1786,OSM,IN,clay,
91.8331,26.3162,OSM,IN,clay,
92.8414,26.7466,OSM,IN,clay,
91.826,26.3073,OSM,IN,clay,
92.0203,26.4846,OSM,IN,clay,
92.8185,26.7748,OSM,IN,clay,
90.9927,26.291,OSM,IN,clay,
92.8465,26.7774,OSM,IN,clay,
91.7963,26.3084,OSM,IN,clay,
92.8213,26.751,OSM,IN,clay,
90.9932,26.2942,OSM,IN,clay,
92.8163,26.7787,OSM,IN,clay,
91.8043,26.3054,OSM,IN,clay,
91.8074,26.3075,OSM,IN,clay,
91.8335,26.3145,OSM,IN,clay,
92.2784,26.1831,OSM,IN,clay,
92.8153,26.7942,OSM,IN,clay,
92.8243,26.7544,OSM,IN,clay,
91.8313,26.3148,OSM,IN,clay,
92.3569,26.1933,OSM,IN,clay,
92.0314,26.4834,OSM,IN,clay,
92.3544,26.1975,OSM,IN,clay,
91.8101,26.3048,OSM,IN,clay,
91.8091,26.3017,OSM,IN,clay,
92.1709,26.1675,OSM,IN,clay,
91.7448,26.3358,OSM,IN,clay,
91.8201,26.3108,OSM,IN,clay,
92.8193,26.7483,OSM,IN,clay,
91.7428,26.3316,OSM,IN,clay,
90.9971,26.295,OSM,IN,clay,
91.6671,26.2429,OSM,IN,clay,
91.8201,26.3046,OSM,IN,clay,
92.3537,26.2004,OSM,IN,clay,
90.9876,26.2884,OSM,IN,clay,
91.7996,26.3086,OSM,IN,clay,
91.8059,26.3064,OSM,IN,clay,
92.8081,26.7754,OSM,IN,clay,
91.808,26.3056,OSM,IN,clay,
91.83,26.3127,OSM,IN,clay,
92.0584,26.2004,OSM,IN,clay,
92.1615,26.1798,OSM,IN,clay,
91.8243,26.3049,OSM,IN,clay,
90.9948,26.2929,OSM,IN,clay,
92.1691,26.166,OSM,IN,clay,
92.2868,26.1812,OSM,IN,clay,
92.1719,26.1973,OSM,IN,clay,
91.7448,26.3345,OSM,IN,clay,
91.807,26.3023,OSM,IN,clay,
91.7988,26.3098,OSM,IN,clay,
92.8156,26.7522,OSM,IN,clay,
91.668,26.2503,OSM,IN,clay,
91.835,26.3419,OSM,IN,clay,
91.7826,26.2693,OSM,IN,clay,
92.8101,26.7696,OSM,IN,clay,
91.7224,26.404,OSM,IN,clay,
91.7678,26.3205,OSM,IN,clay,
92.8208,26.6432,OSM,IN,clay,
90.3804,28.9685,OSM,IN,,
91.0444,30.485,OSM,IN,,
90.9705,29.469,OSM,IN,,
90.9805,29.4285,OSM,IN,,
90.9233,29.47,OSM,IN,,
90.9576,29.5284,OSM,IN,,
90.99,29.5497,OSM,IN,,
90.9928,29.5478,OSM,IN,,
90.988,29.5468,OSM,IN,,
90.9949,29.5464,OSM,IN,,
91.0013,29.5477,OSM,IN,,
91.0044,29.5532,OSM,IN,,
91.0283,29.5261,OSM,IN,,
90.0411,26.1252,OSM,IN,,
90.0724,26.1737,OSM,IN,,
90.2581,28.6399,OSM,IN,,
89.6462,28.9581,OSM,IN,,
88.8395,27.6213,OSM,IN,,
88.8303,27.5835,OSM,IN,,
89.638,28.8707,OSM,IN,,
91.5942,29.6332,OSM,IN,cooper,
91.066,30.0078,OSM,IN,,
92.4993,29.1645,OSM,IN,,
90.915,29.2862,OSM,IN,,
91.1511,29.3471,OSM,IN,,
91.6582,30.7668,OSM,IN,,
92.025,30.3464,OSM,IN,,
88.5842,30.1755,OSM,IN,,
88.7256,30.5164,OSM,IN,,
88.2192,30.8234,OSM,IN,,
92.1148,29.2863,OSM,IN,,
91.932,29.892,OSM,IN,,
91.7703,29.8391,OSM,IN,,
90.9334,29.5104,OSM,IN,,
90.8968,29.4249,OSM,IN,,
90.8962,29.4297,OSM,IN,,
90.367,26.2339,OSM,IN,,
90.35,26.2255,OSM,IN,,
88.8097,29.9663,OSM,IN,,
88.8144,29.9647,OSM,IN,,
89.0894,29.6434,OSM,IN,,
69.25,34.5124,OSM,IN,,
69.2414,34.5022,OSM,IN,,
71.6779,34.3111,OSM,IN,,
71.6823,34.3113,OSM,IN,,
71.6739,34.3103,OSM,IN,,
71.6408,34.3127,OSM,IN,,
71.6386,34.3251,OSM,IN,,
71.8473,34.0422,OSM,IN,,
71.8579,34.0443,OSM,IN,,
72.6441,31.9172,OSM,IN,stone;gravel,
70.0168,34.1742,OSM,IN,,
70.2814,34.4416,OSM,IN,,
70.1719,34.6972,OSM,IN,,
70.8757,34.6152,OSM,IN,,
69.0854,33.8183,OSM,IN,,
69.0782,33.8199,OSM,IN,,
69.0486,33.9692,OSM,IN,,
68.991,34.5373,OSM,IN,,
69.056,34.4585,OSM,IN,,
69.0524,34.4695,OSM,IN,,
69.0238,34.5185,OSM,IN,,
70.8042,34.3049,OSM,IN,,
70.8057,34.2958,OSM,IN,,
72.0464,34.503,OSM,IN,,
69.2414,35.1337,OSM,IN,,
72.0328,34.3186,OSM,IN,,
72.0357,34.5036,OSM,IN,,
72.0558,34.5065,OSM,IN,,
72.1112,34.5395,OSM,IN,,
69.171,34.2863,OSM,IN,,
69.1945,34.4156,OSM,IN,,
70.3642,34.3098,OSM,IN,,
69.1234,34.6064,OSM,IN,,
69.1248,34.606,OSM,IN,,
69.1093,34.5915,OSM,IN,,
69.1126,34.5928,OSM,IN,,
69.1663,34.3189,OSM,IN,,
69.1647,34.32,OSM,IN,,
69.057,34.1168,OSM,IN,,
72.7959,33.6991,OSM,IN,,
72.8325,33.7101,OSM,IN,,
72.8561,33.7135,OSM,IN,,
71.319,33.9869,OSM,IN,,
71.318,33.9881,OSM,IN,,
71.3223,33.9882,OSM,IN,,
71.3209,33.994,OSM,IN,,
71.3187,33.995,OSM,IN,,
69.4133,34.5633,OSM,IN,,
69.3332,35.1254,OSM,IN,,
71.507,34.9825,OSM,IN,,
71.2399,35.1025,OSM,IN,,
69.1662,34.3111,OSM,IN,,
68.4651,34.4405,OSM,IN,,
68.3733,35.6255,OSM,IN,,
68.8471,34.995,OSM,IN,,
68.4723,33.6055,OSM,IN,,
68.8141,34.4222,OSM,IN,,
68.8049,34.4244,OSM,IN,,
68.7626,34.4674,OSM,IN,,
68.7231,34.4441,OSM,IN,,
69.3263,34.8691,OSM,IN,,
69.3201,34.8673,OSM,IN,,
69.0577,34.4651,OSM,IN,,
69.0556,34.4668,OSM,IN,,
69.4507,35.2535,OSM,IN,,
68.7921,35.8662,OSM,IN,,
72.9876,32.6744,OSM,IN,salt,
69.1781,34.4552,OSM,IN,,
69.3386,34.4761,OSM,IN,,
69.3385,34.4783,OSM,IN,,
69.3134,34.4487,OSM,IN,,
69.3117,34.4497,OSM,IN,,
69.3041,34.4476,OSM,IN,,
69.3371,34.4804,OSM,IN,,
69.3361,34.4814,OSM,IN,,
69.3402,34.4811,OSM,IN,,
69.2946,34.447,OSM,IN,,
69.2932,34.4478,OSM,IN,,
69.2912,34.4489,OSM,IN,,
69.2893,34.4489,OSM,IN,,
69.2881,34.4499,OSM,IN,,
69.2909,34.4545,OSM,IN,,
69.2888,34.4532,OSM,IN,,
69.2901,34.4565,OSM,IN,,
69.286,34.4558,OSM,IN,,
69.2865,34.4542,OSM,IN,,
69.2849,34.4523,OSM,IN,,
69.2839,34.4512,OSM,IN,,
69.2816,34.4504,OSM,IN,,
69.2838,34.4488,OSM,IN,,
69.2934,34.447,OSM,IN,,
69.2083,34.4624,OSM,IN,,
69.2079,34.4624,OSM,IN,,
69.3795,35.0433,OSM,IN,,
71.1349,32.6508,OSM,IN,uranium,
69.3243,34.6243,OSM,IN,,
69.4266,34.5153,OSM,IN,,
69.4254,34.5152,OSM,IN,,
69.43,34.516,OSM,IN,,
69.4316,34.516,OSM,IN,,
69.4318,34.5146,OSM,IN,,
72.3841,34.071,OSM,IN,,
72.7081,33.816,OSM,IN,,
69.1514,32.8834,OSM,IN,,
71.6279,32.8833,OSM,IN,,
71.6365,32.8968,OSM,IN,,
71.6387,32.9231,OSM,IN,,
71.6345,32.9306,OSM,IN,,
71.6234,32.9365,OSM,IN,,
71.616,32.9283,OSM,IN,,
71.5753,32.959,OSM,IN,,
71.5905,32.9427,OSM,IN,,
71.6137,32.9174,OSM,IN,,
72.8217,32.7173,OSM,IN,,
72.7735,32.7052,OSM,IN,,
72.93,32.717,OSM,IN,,
72.9664,32.6635,OSM,IN,,
72.9582,32.6702,OSM,IN,,
72.9472,32.6666,OSM,IN,,
71.9039,33.8922,OSM,IN,,
71.9179,33.8971,OSM,IN,,
72.5676,32.5829,OSM,IN,,
72.5859,32.5783,OSM,IN,,
68.6226,35.598,OSM,IN,,
69.11,34.6165,OSM,IN,,
69.1044,34.6258,OSM,IN,,
69.1108,34.6267,OSM,IN,,
69.1076,34.6249,OSM,IN,,
69.1097,34.5883,OSM,IN,,
69.1082,34.5924,OSM,IN,,
72.4678,33.8073,OSM,IN,,
72.5039,33.8087,OSM,IN,,
72.6602,33.8054,OSM,IN,,
68.1291,34.497,OSM,IN,,
69.2354,34.5809,OSM,IN,,
79.2157,35.8869,OSM,IN,,
78.58,34.0004,OSM,IN,,
79.1441,34.606,OSM,IN,lead-zinc_ore,
79.5438,35.3251,OSM,IN,,
79.651,35.0995,OSM,IN,,
78.8007,35.3715,OSM,IN,,
79.3083,35.0904,OSM,IN,,
79.3539,35.0551,OSM,IN,,
78.7589,34.2612,OSM,IN,,
79.8172,33.3968,OSM,IN,,
79.7552,33.3858,OSM,IN,,
80.0748,33.557,OSM,IN,,
80.0371,33.5655,OSM,IN,,
80.0186,33.5662,OSM,IN,,
79.9944,33.5667,OSM,IN,,
79.9556,33.5694,OSM,IN,,
80.1189,33.557,OSM,IN,,
80.1369,33.5634,OSM,IN,,
80.3276,33.6137,OSM,IN,,
80.0043,32.3328,OSM,IN,,
80.0292,32.2692,OSM,IN,,
80.1334,32.4559,OSM,IN,,
79.7686,33.34,OSM,IN,,
79.8835,32.2991,OSM,IN,,
80.0112,32.3286,OSM,IN,,
80.3018,32.3826,OSM,IN,,
80.0231,32.4929,OSM,IN,,
80.0298,32.49,OSM,IN,,
80.0302,32.4963,OSM,IN,,
80.0319,32.5041,OSM,IN,,
80.0255,32.5102,OSM,IN,,
80.0257,32.4889,OSM,IN,,
79.9985,32.4171,OSM,IN,,
79.8604,32.4603,OSM,IN,,
79.7866,32.3788,OSM,IN,,
79.7892,32.3818,OSM,IN,,
80.0728,32.5095,OSM,IN,,
80.07,32.5097,OSM,IN,,
80.062,32.4918,OSM,IN,,
80.0565,32.5086,OSM,IN,,
80.2211,32.4227,OSM,IN,,
80.3506,32.3741,OSM,IN,,
79.2807,33.0392,OSM,IN,,
79.7954,31.5005,OSM,IN,,
79.1714,35.0937,OSM,IN,,
79.3253,33.4028,OSM,IN,,
79.1788,35.9692,OSM,IN,,
79.2713,34.3678,OSM,IN,,
79.2553,35.9349,OSM,IN,,
79.2556,35.9406,OSM,IN,,
79.2024,35.9667,OSM,IN,,
79.162,35.9915,OSM,IN,,
79.2788,35.9511,OSM,IN,,
79.2879,35.9495,OSM,IN,,
79.274,35.8248,OSM,IN,,
79.2903,35.8182,OSM,IN,,
79.1044,35.9024,OSM,IN,,
78.1899,35.3193,OSM,IN,,
78.2337,35.4219,OSM,IN,,
78.2538,35.4329,OSM,IN,,
78.2536,35.4341,OSM,IN,,
78.2576,35.4334,OSM,IN,,
78.2517,35.4354,OSM,IN,,
78.2532,35.4298,OSM,IN,,
78.2229,35.3695,OSM,IN,,
78.1966,35.3156,OSM,IN,,
79.0226,32.777,OSM,IN,,
80.0281,33.5628,OSM,IN,,
80.0225,32.0717,OSM,IN,,
91.6995,32.2586,OSM,IN,,
90.7935,32.006,OSM,IN,,
90.7248,32.0155,OSM,IN,,
91.6716,31.0522,OSM,IN,,
92.0767,31.5103,OSM,IN,,
91.6636,32.1919,OSM,IN,,
91.6656,32.1987,OSM,IN,,
92.2762,33.8144,OSM,IN,,
88.9535,31.3884,OSM,IN,,
91.9022,31.3126,OSM,IN,,
90.1545,32.8881,OSM,IN,,
92.8623,34.237,OSM,IN,,
91.6169,31.0231,OSM,IN,,
91.684,31.0577,OSM,IN,,
92.0975,31.4888,OSM,IN,,
91.7608,32.2202,OSM,IN,,
91.0356,32.9327,OSM,IN,,
77.5612,36.4206,OSM,IN,,
91.0327,36.7625,OSM,IN,,
90.5288,36.2861,OSM,IN,,
90.6133,36.631,OSM,IN,,
92.11,36.9503,OSM,IN,,
92.0991,36.98,OSM,IN,,
